solid 
 facet normal -1.000000e+00  0.000000e+00  0.000000e+00
   outer loop
     vertex -3.600000e-01 -1.900000e-01  2.000000e-01
     vertex -3.600000e-01  1.900000e-01  0.000000e+00
     vertex -3.600000e-01 -1.900000e-01  0.000000e+00
   endloop
 endfacet
 facet normal -1.000000e+00  0.000000e+00  0.000000e+00
   outer loop
     vertex -3.600000e-01 -1.900000e-01  2.000000e-01
     vertex -3.600000e-01  1.900000e-01  2.000000e-01
     vertex -3.600000e-01  1.900000e-01  0.000000e+00
   endloop
 endfacet
 facet normal  0.000000e+00 -1.000000e+00 -0.000000e+00
   outer loop
     vertex -3.098846e-01 -1.900000e-01  2.128890e-03
     vertex -3.600000e-01 -1.900000e-01  0.000000e+00
     vertex -3.088315e-01 -1.900000e-01  1.049809e-03
   endloop
 endfacet
 facet normal  0.000000e+00 -1.000000e+00  0.000000e+00
   outer loop
     vertex -3.077492e-01 -1.900000e-01  0.000000e+00
     vertex -3.088315e-01 -1.900000e-01  1.049809e-03
     vertex -3.600000e-01 -1.900000e-01  0.000000e+00
   endloop
 endfacet
 facet normal  0.000000e+00 -1.000000e+00 -0.000000e+00
   outer loop
     vertex -3.109077e-01 -1.900000e-01  3.236434e-03
     vertex -3.600000e-01 -1.900000e-01  0.000000e+00
     vertex -3.098846e-01 -1.900000e-01  2.128890e-03
   endloop
 endfacet
 facet normal  0.000000e+00 -1.000000e+00 -0.000000e+00
   outer loop
     vertex -3.119001e-01 -1.900000e-01  4.371608e-03
     vertex -3.600000e-01 -1.900000e-01  0.000000e+00
     vertex -3.109077e-01 -1.900000e-01  3.236434e-03
   endloop
 endfacet
 facet normal  0.000000e+00 -1.000000e+00 -0.000000e+00
   outer loop
     vertex -3.128610e-01 -1.900000e-01  5.533559e-03
     vertex -3.600000e-01 -1.900000e-01  0.000000e+00
     vertex -3.119001e-01 -1.900000e-01  4.371608e-03
   endloop
 endfacet
 facet normal  0.000000e+00 -1.000000e+00 -0.000000e+00
   outer loop
     vertex -3.137897e-01 -1.900000e-01  6.721413e-03
     vertex -3.600000e-01 -1.900000e-01  0.000000e+00
     vertex -3.128610e-01 -1.900000e-01  5.533559e-03
   endloop
 endfacet
 facet normal  0.000000e+00 -1.000000e+00 -0.000000e+00
   outer loop
     vertex -3.146854e-01 -1.900000e-01  7.934277e-03
     vertex -3.600000e-01 -1.900000e-01  0.000000e+00
     vertex -3.137897e-01 -1.900000e-01  6.721413e-03
   endloop
 endfacet
 facet normal  0.000000e+00 -1.000000e+00 -0.000000e+00
   outer loop
     vertex -3.155476e-01 -1.900000e-01  9.171241e-03
     vertex -3.600000e-01 -1.900000e-01  0.000000e+00
     vertex -3.146854e-01 -1.900000e-01  7.934277e-03
   endloop
 endfacet
 facet normal  0.000000e+00 -1.000000e+00 -0.000000e+00
   outer loop
     vertex -3.163756e-01 -1.900000e-01  1.043137e-02
     vertex -3.600000e-01 -1.900000e-01  0.000000e+00
     vertex -3.155476e-01 -1.900000e-01  9.171241e-03
   endloop
 endfacet
 facet normal  0.000000e+00 -1.000000e+00 -0.000000e+00
   outer loop
     vertex -3.171687e-01 -1.900000e-01  1.171373e-02
     vertex -3.600000e-01 -1.900000e-01  0.000000e+00
     vertex -3.163756e-01 -1.900000e-01  1.043137e-02
   endloop
 endfacet
 facet normal  0.000000e+00 -1.000000e+00 -0.000000e+00
   outer loop
     vertex -3.179264e-01 -1.900000e-01  1.301734e-02
     vertex -3.600000e-01 -1.900000e-01  0.000000e+00
     vertex -3.171687e-01 -1.900000e-01  1.171373e-02
   endloop
 endfacet
 facet normal  0.000000e+00 -1.000000e+00 -0.000000e+00
   outer loop
     vertex -3.186480e-01 -1.900000e-01  1.434124e-02
     vertex -3.600000e-01 -1.900000e-01  0.000000e+00
     vertex -3.179264e-01 -1.900000e-01  1.301734e-02
   endloop
 endfacet
 facet normal  0.000000e+00 -1.000000e+00 -0.000000e+00
   outer loop
     vertex -3.193331e-01 -1.900000e-01  1.568442e-02
     vertex -3.600000e-01 -1.900000e-01  0.000000e+00
     vertex -3.186480e-01 -1.900000e-01  1.434124e-02
   endloop
 endfacet
 facet normal  0.000000e+00 -1.000000e+00 -0.000000e+00
   outer loop
     vertex -3.199811e-01 -1.900000e-01  1.704587e-02
     vertex -3.600000e-01 -1.900000e-01  0.000000e+00
     vertex -3.193331e-01 -1.900000e-01  1.568442e-02
   endloop
 endfacet
 facet normal  0.000000e+00 -1.000000e+00 -0.000000e+00
   outer loop
     vertex -3.205915e-01 -1.900000e-01  1.842457e-02
     vertex -3.600000e-01 -1.900000e-01  0.000000e+00
     vertex -3.199811e-01 -1.900000e-01  1.704587e-02
   endloop
 endfacet
 facet normal  0.000000e+00 -1.000000e+00 -0.000000e+00
   outer loop
     vertex -3.211639e-01 -1.900000e-01  1.981949e-02
     vertex -3.600000e-01 -1.900000e-01  0.000000e+00
     vertex -3.205915e-01 -1.900000e-01  1.842457e-02
   endloop
 endfacet
 facet normal  0.000000e+00 -1.000000e+00 -0.000000e+00
   outer loop
     vertex -3.216979e-01 -1.900000e-01  2.122957e-02
     vertex -3.600000e-01 -1.900000e-01  0.000000e+00
     vertex -3.211639e-01 -1.900000e-01  1.981949e-02
   endloop
 endfacet
 facet normal  0.000000e+00 -1.000000e+00 -0.000000e+00
   outer loop
     vertex -3.221930e-01 -1.900000e-01  2.265377e-02
     vertex -3.600000e-01 -1.900000e-01  0.000000e+00
     vertex -3.216979e-01 -1.900000e-01  2.122957e-02
   endloop
 endfacet
 facet normal  0.000000e+00 -1.000000e+00 -0.000000e+00
   outer loop
     vertex -3.226489e-01 -1.900000e-01  2.409099e-02
     vertex -3.600000e-01 -1.900000e-01  0.000000e+00
     vertex -3.221930e-01 -1.900000e-01  2.265377e-02
   endloop
 endfacet
 facet normal  0.000000e+00 -1.000000e+00 -0.000000e+00
   outer loop
     vertex -3.230652e-01 -1.900000e-01  2.554018e-02
     vertex -3.600000e-01 -1.900000e-01  0.000000e+00
     vertex -3.226489e-01 -1.900000e-01  2.409099e-02
   endloop
 endfacet
 facet normal  0.000000e+00 -1.000000e+00 -0.000000e+00
   outer loop
     vertex -3.234416e-01 -1.900000e-01  2.700023e-02
     vertex -3.600000e-01 -1.900000e-01  0.000000e+00
     vertex -3.230652e-01 -1.900000e-01  2.554018e-02
   endloop
 endfacet
 facet normal  0.000000e+00 -1.000000e+00 -0.000000e+00
   outer loop
     vertex -3.237779e-01 -1.900000e-01  2.847005e-02
     vertex -3.600000e-01 -1.900000e-01  0.000000e+00
     vertex -3.234416e-01 -1.900000e-01  2.700023e-02
   endloop
 endfacet
 facet normal  0.000000e+00 -1.000000e+00 -0.000000e+00
   outer loop
     vertex -3.240737e-01 -1.900000e-01  2.994854e-02
     vertex -3.600000e-01 -1.900000e-01  0.000000e+00
     vertex -3.237779e-01 -1.900000e-01  2.847005e-02
   endloop
 endfacet
 facet normal  0.000000e+00 -1.000000e+00 -0.000000e+00
   outer loop
     vertex -3.243289e-01 -1.900000e-01  3.143458e-02
     vertex -3.600000e-01 -1.900000e-01  0.000000e+00
     vertex -3.240737e-01 -1.900000e-01  2.994854e-02
   endloop
 endfacet
 facet normal  0.000000e+00 -1.000000e+00 -0.000000e+00
   outer loop
     vertex -3.245433e-01 -1.900000e-01  3.292706e-02
     vertex -3.600000e-01 -1.900000e-01  0.000000e+00
     vertex -3.243289e-01 -1.900000e-01  3.143458e-02
   endloop
 endfacet
 facet normal  0.000000e+00 -1.000000e+00 -0.000000e+00
   outer loop
     vertex -3.247167e-01 -1.900000e-01  3.442486e-02
     vertex -3.600000e-01 -1.900000e-01  0.000000e+00
     vertex -3.245433e-01 -1.900000e-01  3.292706e-02
   endloop
 endfacet
 facet normal  0.000000e+00 -1.000000e+00 -0.000000e+00
   outer loop
     vertex -3.248490e-01 -1.900000e-01  3.592684e-02
     vertex -3.600000e-01 -1.900000e-01  0.000000e+00
     vertex -3.247167e-01 -1.900000e-01  3.442486e-02
   endloop
 endfacet
 facet normal  0.000000e+00 -1.000000e+00 -0.000000e+00
   outer loop
     vertex -3.249400e-01 -1.900000e-01  3.743189e-02
     vertex -3.600000e-01 -1.900000e-01  0.000000e+00
     vertex -3.248490e-01 -1.900000e-01  3.592684e-02
   endloop
 endfacet
 facet normal  0.000000e+00 -1.000000e+00 -0.000000e+00
   outer loop
     vertex -3.249898e-01 -1.900000e-01  3.893887e-02
     vertex -3.600000e-01 -1.900000e-01  0.000000e+00
     vertex -3.249400e-01 -1.900000e-01  3.743189e-02
   endloop
 endfacet
 facet normal  0.000000e+00 -1.000000e+00 -0.000000e+00
   outer loop
     vertex -3.249982e-01 -1.900000e-01  4.044664e-02
     vertex -3.600000e-01 -1.900000e-01  0.000000e+00
     vertex -3.249898e-01 -1.900000e-01  3.893887e-02
   endloop
 endfacet
 facet normal  0.000000e+00 -1.000000e+00  0.000000e+00
   outer loop
     vertex -3.249653e-01 -1.900000e-01  4.195408e-02
     vertex -3.600000e-01 -1.900000e-01  0.000000e+00
     vertex -3.249982e-01 -1.900000e-01  4.044664e-02
   endloop
 endfacet
 facet normal  0.000000e+00 -1.000000e+00  0.000000e+00
   outer loop
     vertex -3.248911e-01 -1.900000e-01  4.346005e-02
     vertex -3.600000e-01 -1.900000e-01  0.000000e+00
     vertex -3.249653e-01 -1.900000e-01  4.195408e-02
   endloop
 endfacet
 facet normal  0.000000e+00 -1.000000e+00  0.000000e+00
   outer loop
     vertex -3.247756e-01 -1.900000e-01  4.496342e-02
     vertex -3.600000e-01 -1.900000e-01  0.000000e+00
     vertex -3.248911e-01 -1.900000e-01  4.346005e-02
   endloop
 endfacet
 facet normal  0.000000e+00 -1.000000e+00  0.000000e+00
   outer loop
     vertex -3.246189e-01 -1.900000e-01  4.646306e-02
     vertex -3.600000e-01 -1.900000e-01  0.000000e+00
     vertex -3.247756e-01 -1.900000e-01  4.496342e-02
   endloop
 endfacet
 facet normal  0.000000e+00 -1.000000e+00  0.000000e+00
   outer loop
     vertex -3.244213e-01 -1.900000e-01  4.795784e-02
     vertex -3.600000e-01 -1.900000e-01  0.000000e+00
     vertex -3.246189e-01 -1.900000e-01  4.646306e-02
   endloop
 endfacet
 facet normal  0.000000e+00 -1.000000e+00  0.000000e+00
   outer loop
     vertex -3.241827e-01 -1.900000e-01  4.944664e-02
     vertex -3.600000e-01 -1.900000e-01  0.000000e+00
     vertex -3.244213e-01 -1.900000e-01  4.795784e-02
   endloop
 endfacet
 facet normal  0.000000e+00 -1.000000e+00  0.000000e+00
   outer loop
     vertex -3.239034e-01 -1.900000e-01  5.092834e-02
     vertex -3.600000e-01 -1.900000e-01  0.000000e+00
     vertex -3.241827e-01 -1.900000e-01  4.944664e-02
   endloop
 endfacet
 facet normal  0.000000e+00 -1.000000e+00  0.000000e+00
   outer loop
     vertex -3.235835e-01 -1.900000e-01  5.240183e-02
     vertex -3.600000e-01 -1.900000e-01  0.000000e+00
     vertex -3.239034e-01 -1.900000e-01  5.092834e-02
   endloop
 endfacet
 facet normal  0.000000e+00 -1.000000e+00  0.000000e+00
   outer loop
     vertex -3.232234e-01 -1.900000e-01  5.386600e-02
     vertex -3.600000e-01 -1.900000e-01  0.000000e+00
     vertex -3.235835e-01 -1.900000e-01  5.240183e-02
   endloop
 endfacet
 facet normal  0.000000e+00 -1.000000e+00  0.000000e+00
   outer loop
     vertex -3.228233e-01 -1.900000e-01  5.531974e-02
     vertex -3.600000e-01 -1.900000e-01  0.000000e+00
     vertex -3.232234e-01 -1.900000e-01  5.386600e-02
   endloop
 endfacet
 facet normal  0.000000e+00 -1.000000e+00  0.000000e+00
   outer loop
     vertex -3.223835e-01 -1.900000e-01  5.676198e-02
     vertex -3.600000e-01 -1.900000e-01  0.000000e+00
     vertex -3.228233e-01 -1.900000e-01  5.531974e-02
   endloop
 endfacet
 facet normal  0.000000e+00 -1.000000e+00  0.000000e+00
   outer loop
     vertex -3.600000e-01 -1.900000e-01  2.000000e-01
     vertex -3.223835e-01 -1.900000e-01  5.676198e-02
     vertex -3.219044e-01 -1.900000e-01  5.819161e-02
   endloop
 endfacet
 facet normal  0.000000e+00 -1.000000e+00  0.000000e+00
   outer loop
     vertex -3.600000e-01 -1.900000e-01  2.000000e-01
     vertex -3.219044e-01 -1.900000e-01  5.819161e-02
     vertex -3.213862e-01 -1.900000e-01  5.960757e-02
   endloop
 endfacet
 facet normal  0.000000e+00 -1.000000e+00  0.000000e+00
   outer loop
     vertex -3.600000e-01 -1.900000e-01  2.000000e-01
     vertex -3.213862e-01 -1.900000e-01  5.960757e-02
     vertex -3.208294e-01 -1.900000e-01  6.100880e-02
   endloop
 endfacet
 facet normal  0.000000e+00 -1.000000e+00  0.000000e+00
   outer loop
     vertex -3.600000e-01 -1.900000e-01  2.000000e-01
     vertex -3.208294e-01 -1.900000e-01  6.100880e-02
     vertex -3.202344e-01 -1.900000e-01  6.239424e-02
   endloop
 endfacet
 facet normal  0.000000e+00 -1.000000e+00  0.000000e+00
   outer loop
     vertex -3.600000e-01 -1.900000e-01  2.000000e-01
     vertex -3.202344e-01 -1.900000e-01  6.239424e-02
     vertex -3.196017e-01 -1.900000e-01  6.376285e-02
   endloop
 endfacet
 facet normal  0.000000e+00 -1.000000e+00  0.000000e+00
   outer loop
     vertex -3.600000e-01 -1.900000e-01  2.000000e-01
     vertex -3.196017e-01 -1.900000e-01  6.376285e-02
     vertex -3.189317e-01 -1.900000e-01  6.511359e-02
   endloop
 endfacet
 facet normal  0.000000e+00 -1.000000e+00  0.000000e+00
   outer loop
     vertex -3.600000e-01 -1.900000e-01  2.000000e-01
     vertex -3.189317e-01 -1.900000e-01  6.511359e-02
     vertex -3.182249e-01 -1.900000e-01  6.644547e-02
   endloop
 endfacet
 facet normal  0.000000e+00 -1.000000e+00  0.000000e+00
   outer loop
     vertex -3.600000e-01 -1.900000e-01  2.000000e-01
     vertex -3.182249e-01 -1.900000e-01  6.644547e-02
     vertex -3.174818e-01 -1.900000e-01  6.775747e-02
   endloop
 endfacet
 facet normal  0.000000e+00 -1.000000e+00  0.000000e+00
   outer loop
     vertex -3.600000e-01 -1.900000e-01  2.000000e-01
     vertex -3.174818e-01 -1.900000e-01  6.775747e-02
     vertex -3.167031e-01 -1.900000e-01  6.904860e-02
   endloop
 endfacet
 facet normal  0.000000e+00 -1.000000e+00  0.000000e+00
   outer loop
     vertex -3.600000e-01 -1.900000e-01  2.000000e-01
     vertex -3.167031e-01 -1.900000e-01  6.904860e-02
     vertex -3.158893e-01 -1.900000e-01  7.031791e-02
   endloop
 endfacet
 facet normal  0.000000e+00 -1.000000e+00  0.000000e+00
   outer loop
     vertex -3.600000e-01 -1.900000e-01  2.000000e-01
     vertex -3.158893e-01 -1.900000e-01  7.031791e-02
     vertex -3.150409e-01 -1.900000e-01  7.156443e-02
   endloop
 endfacet
 facet normal  0.000000e+00 -1.000000e+00  0.000000e+00
   outer loop
     vertex -3.600000e-01 -1.900000e-01  2.000000e-01
     vertex -3.150409e-01 -1.900000e-01  7.156443e-02
     vertex -3.141588e-01 -1.900000e-01  7.278723e-02
   endloop
 endfacet
 facet normal  0.000000e+00 -1.000000e+00  0.000000e+00
   outer loop
     vertex -3.600000e-01 -1.900000e-01  2.000000e-01
     vertex -3.141588e-01 -1.900000e-01  7.278723e-02
     vertex -3.132434e-01 -1.900000e-01  7.398538e-02
   endloop
 endfacet
 facet normal  0.000000e+00 -1.000000e+00  0.000000e+00
   outer loop
     vertex -3.600000e-01 -1.900000e-01  2.000000e-01
     vertex -3.132434e-01 -1.900000e-01  7.398538e-02
     vertex -3.122956e-01 -1.900000e-01  7.515800e-02
   endloop
 endfacet
 facet normal  0.000000e+00 -1.000000e+00  0.000000e+00
   outer loop
     vertex -3.600000e-01 -1.900000e-01  2.000000e-01
     vertex -3.122956e-01 -1.900000e-01  7.515800e-02
     vertex -3.113159e-01 -1.900000e-01  7.630419e-02
   endloop
 endfacet
 facet normal  0.000000e+00 -1.000000e+00  0.000000e+00
   outer loop
     vertex -3.600000e-01 -1.900000e-01  2.000000e-01
     vertex -3.113159e-01 -1.900000e-01  7.630419e-02
     vertex -3.103052e-01 -1.900000e-01  7.742310e-02
   endloop
 endfacet
 facet normal  0.000000e+00 -1.000000e+00  0.000000e+00
   outer loop
     vertex -3.600000e-01 -1.900000e-01  2.000000e-01
     vertex -3.600000e-01 -1.900000e-01  0.000000e+00
     vertex -3.223835e-01 -1.900000e-01  5.676198e-02
   endloop
 endfacet
 facet normal  0.000000e+00 -1.000000e+00  0.000000e+00
   outer loop
     vertex -3.600000e-01 -1.900000e-01  2.000000e-01
     vertex -3.103052e-01 -1.900000e-01  7.742310e-02
     vertex -3.092642e-01 -1.900000e-01  7.851388e-02
   endloop
 endfacet
 facet normal  0.000000e+00 -1.000000e+00  0.000000e+00
   outer loop
     vertex -3.600000e-01 -1.900000e-01  2.000000e-01
     vertex -3.092642e-01 -1.900000e-01  7.851388e-02
     vertex -3.081938e-01 -1.900000e-01  7.957571e-02
   endloop
 endfacet
 facet normal  0.000000e+00 -1.000000e+00  0.000000e+00
   outer loop
     vertex -3.600000e-01 -1.900000e-01  2.000000e-01
     vertex -3.081938e-01 -1.900000e-01  7.957571e-02
     vertex -3.070946e-01 -1.900000e-01  8.060781e-02
   endloop
 endfacet
 facet normal  0.000000e+00 -1.000000e+00  0.000000e+00
   outer loop
     vertex -3.600000e-01 -1.900000e-01  2.000000e-01
     vertex -3.070946e-01 -1.900000e-01  8.060781e-02
     vertex -3.059675e-01 -1.900000e-01  8.160938e-02
   endloop
 endfacet
 facet normal  0.000000e+00 -1.000000e+00  0.000000e+00
   outer loop
     vertex -3.600000e-01 -1.900000e-01  2.000000e-01
     vertex -3.059675e-01 -1.900000e-01  8.160938e-02
     vertex -3.048134e-01 -1.900000e-01  8.257968e-02
   endloop
 endfacet
 facet normal  0.000000e+00 -1.000000e+00  0.000000e+00
   outer loop
     vertex -3.600000e-01 -1.900000e-01  2.000000e-01
     vertex -3.048134e-01 -1.900000e-01  8.257968e-02
     vertex -3.036331e-01 -1.900000e-01  8.351798e-02
   endloop
 endfacet
 facet normal  0.000000e+00 -1.000000e+00  0.000000e+00
   outer loop
     vertex -3.600000e-01 -1.900000e-01  2.000000e-01
     vertex -3.036331e-01 -1.900000e-01  8.351798e-02
     vertex -3.024275e-01 -1.900000e-01  8.442358e-02
   endloop
 endfacet
 facet normal  0.000000e+00 -1.000000e+00  0.000000e+00
   outer loop
     vertex -3.600000e-01 -1.900000e-01  2.000000e-01
     vertex -3.024275e-01 -1.900000e-01  8.442358e-02
     vertex -3.011976e-01 -1.900000e-01  8.529579e-02
   endloop
 endfacet
 facet normal  0.000000e+00 -1.000000e+00  0.000000e+00
   outer loop
     vertex -3.600000e-01 -1.900000e-01  2.000000e-01
     vertex -3.011976e-01 -1.900000e-01  8.529579e-02
     vertex -2.999443e-01 -1.900000e-01  8.613395e-02
   endloop
 endfacet
 facet normal  0.000000e+00 -1.000000e+00  0.000000e+00
   outer loop
     vertex -3.600000e-01 -1.900000e-01  2.000000e-01
     vertex -2.999443e-01 -1.900000e-01  8.613395e-02
     vertex -2.986684e-01 -1.900000e-01  8.693745e-02
   endloop
 endfacet
 facet normal  0.000000e+00 -1.000000e+00  0.000000e+00
   outer loop
     vertex -3.600000e-01 -1.900000e-01  2.000000e-01
     vertex -2.986684e-01 -1.900000e-01  8.693745e-02
     vertex -2.973710e-01 -1.900000e-01  8.770566e-02
   endloop
 endfacet
 facet normal  0.000000e+00 -1.000000e+00  0.000000e+00
   outer loop
     vertex -3.600000e-01 -1.900000e-01  2.000000e-01
     vertex -2.973710e-01 -1.900000e-01  8.770566e-02
     vertex -2.960530e-01 -1.900000e-01  8.843803e-02
   endloop
 endfacet
 facet normal  0.000000e+00 -1.000000e+00  0.000000e+00
   outer loop
     vertex -3.600000e-01 -1.900000e-01  2.000000e-01
     vertex -2.960530e-01 -1.900000e-01  8.843803e-02
     vertex -2.947154e-01 -1.900000e-01  8.913399e-02
   endloop
 endfacet
 facet normal  0.000000e+00 -1.000000e+00  0.000000e+00
   outer loop
     vertex -3.600000e-01 -1.900000e-01  2.000000e-01
     vertex -2.947154e-01 -1.900000e-01  8.913399e-02
     vertex -2.933593e-01 -1.900000e-01  8.979302e-02
   endloop
 endfacet
 facet normal  0.000000e+00 -1.000000e+00  0.000000e+00
   outer loop
     vertex -3.600000e-01 -1.900000e-01  2.000000e-01
     vertex -2.933593e-01 -1.900000e-01  8.979302e-02
     vertex -2.919856e-01 -1.900000e-01  9.041463e-02
   endloop
 endfacet
 facet normal  0.000000e+00 -1.000000e+00  0.000000e+00
   outer loop
     vertex -3.600000e-01 -1.900000e-01  2.000000e-01
     vertex -2.919856e-01 -1.900000e-01  9.041463e-02
     vertex -2.905953e-01 -1.900000e-01  9.099835e-02
   endloop
 endfacet
 facet normal  0.000000e+00 -1.000000e+00  0.000000e+00
   outer loop
     vertex -3.600000e-01 -1.900000e-01  2.000000e-01
     vertex -2.905953e-01 -1.900000e-01  9.099835e-02
     vertex -2.891896e-01 -1.900000e-01  9.154375e-02
   endloop
 endfacet
 facet normal  0.000000e+00 -1.000000e+00  0.000000e+00
   outer loop
     vertex -3.600000e-01 -1.900000e-01  2.000000e-01
     vertex -2.891896e-01 -1.900000e-01  9.154375e-02
     vertex -2.877695e-01 -1.900000e-01  9.205040e-02
   endloop
 endfacet
 facet normal  0.000000e+00 -1.000000e+00  0.000000e+00
   outer loop
     vertex -3.600000e-01 -1.900000e-01  2.000000e-01
     vertex -2.877695e-01 -1.900000e-01  9.205040e-02
     vertex -2.863360e-01 -1.900000e-01  9.251794e-02
   endloop
 endfacet
 facet normal  0.000000e+00 -1.000000e+00  0.000000e+00
   outer loop
     vertex -3.600000e-01 -1.900000e-01  2.000000e-01
     vertex -2.863360e-01 -1.900000e-01  9.251794e-02
     vertex -2.848903e-01 -1.900000e-01  9.294601e-02
   endloop
 endfacet
 facet normal  0.000000e+00 -1.000000e+00  0.000000e+00
   outer loop
     vertex -3.600000e-01 -1.900000e-01  2.000000e-01
     vertex -2.848903e-01 -1.900000e-01  9.294601e-02
     vertex -2.834333e-01 -1.900000e-01  9.333428e-02
   endloop
 endfacet
 facet normal  0.000000e+00 -1.000000e+00  0.000000e+00
   outer loop
     vertex -3.600000e-01 -1.900000e-01  2.000000e-01
     vertex -2.834333e-01 -1.900000e-01  9.333428e-02
     vertex -2.819663e-01 -1.900000e-01  9.368247e-02
   endloop
 endfacet
 facet normal  0.000000e+00 -1.000000e+00  0.000000e+00
   outer loop
     vertex -3.600000e-01 -1.900000e-01  2.000000e-01
     vertex -2.819663e-01 -1.900000e-01  9.368247e-02
     vertex -2.804902e-01 -1.900000e-01  9.399032e-02
   endloop
 endfacet
 facet normal  0.000000e+00 -1.000000e+00  0.000000e+00
   outer loop
     vertex -3.600000e-01 -1.900000e-01  2.000000e-01
     vertex -2.804902e-01 -1.900000e-01  9.399032e-02
     vertex -2.790063e-01 -1.900000e-01  9.425759e-02
   endloop
 endfacet
 facet normal  0.000000e+00 -1.000000e+00  0.000000e+00
   outer loop
     vertex -3.600000e-01 -1.900000e-01  2.000000e-01
     vertex -2.790063e-01 -1.900000e-01  9.425759e-02
     vertex -2.775156e-01 -1.900000e-01  9.448408e-02
   endloop
 endfacet
 facet normal  0.000000e+00 -1.000000e+00  0.000000e+00
   outer loop
     vertex -3.600000e-01 -1.900000e-01  2.000000e-01
     vertex -2.775156e-01 -1.900000e-01  9.448408e-02
     vertex -2.760193e-01 -1.900000e-01  9.466963e-02
   endloop
 endfacet
 facet normal  0.000000e+00 -1.000000e+00  0.000000e+00
   outer loop
     vertex -3.600000e-01 -1.900000e-01  2.000000e-01
     vertex -2.760193e-01 -1.900000e-01  9.466963e-02
     vertex -2.745184e-01 -1.900000e-01  9.481408e-02
   endloop
 endfacet
 facet normal  0.000000e+00 -1.000000e+00  0.000000e+00
   outer loop
     vertex -3.600000e-01 -1.900000e-01  2.000000e-01
     vertex -2.745184e-01 -1.900000e-01  9.481408e-02
     vertex -2.730142e-01 -1.900000e-01  9.491734e-02
   endloop
 endfacet
 facet normal  0.000000e+00 -1.000000e+00  0.000000e+00
   outer loop
     vertex -3.600000e-01 -1.900000e-01  2.000000e-01
     vertex -2.730142e-01 -1.900000e-01  9.491734e-02
     vertex -2.715077e-01 -1.900000e-01  9.497933e-02
   endloop
 endfacet
 facet normal  0.000000e+00 -1.000000e+00  0.000000e+00
   outer loop
     vertex -3.600000e-01 -1.900000e-01  2.000000e-01
     vertex -2.715077e-01 -1.900000e-01  9.497933e-02
     vertex -2.700000e-01 -1.900000e-01  9.500000e-02
   endloop
 endfacet
 facet normal  0.000000e+00 -1.000000e+00  0.000000e+00
   outer loop
     vertex -3.600000e-01 -1.900000e-01  2.000000e-01
     vertex -2.700000e-01 -1.900000e-01  9.500000e-02
     vertex -2.684923e-01 -1.900000e-01  9.497933e-02
   endloop
 endfacet
 facet normal  0.000000e+00 -1.000000e+00  0.000000e+00
   outer loop
     vertex -3.600000e-01 -1.900000e-01  2.000000e-01
     vertex -2.684923e-01 -1.900000e-01  9.497933e-02
     vertex -2.669858e-01 -1.900000e-01  9.491734e-02
   endloop
 endfacet
 facet normal  0.000000e+00 -1.000000e+00  0.000000e+00
   outer loop
     vertex -3.600000e-01 -1.900000e-01  2.000000e-01
     vertex -2.669858e-01 -1.900000e-01  9.491734e-02
     vertex -2.654816e-01 -1.900000e-01  9.481408e-02
   endloop
 endfacet
 facet normal  0.000000e+00 -1.000000e+00  0.000000e+00
   outer loop
     vertex -3.600000e-01 -1.900000e-01  2.000000e-01
     vertex -2.654816e-01 -1.900000e-01  9.481408e-02
     vertex -2.639807e-01 -1.900000e-01  9.466963e-02
   endloop
 endfacet
 facet normal  0.000000e+00 -1.000000e+00  0.000000e+00
   outer loop
     vertex -3.600000e-01 -1.900000e-01  2.000000e-01
     vertex -2.639807e-01 -1.900000e-01  9.466963e-02
     vertex -2.624844e-01 -1.900000e-01  9.448408e-02
   endloop
 endfacet
 facet normal  0.000000e+00 -1.000000e+00  0.000000e+00
   outer loop
     vertex -3.600000e-01 -1.900000e-01  2.000000e-01
     vertex -2.624844e-01 -1.900000e-01  9.448408e-02
     vertex -2.609937e-01 -1.900000e-01  9.425759e-02
   endloop
 endfacet
 facet normal  0.000000e+00 -1.000000e+00  0.000000e+00
   outer loop
     vertex -3.600000e-01 -1.900000e-01  2.000000e-01
     vertex -2.609937e-01 -1.900000e-01  9.425759e-02
     vertex -2.595098e-01 -1.900000e-01  9.399032e-02
   endloop
 endfacet
 facet normal  0.000000e+00 -1.000000e+00  0.000000e+00
   outer loop
     vertex -3.600000e-01 -1.900000e-01  2.000000e-01
     vertex -2.595098e-01 -1.900000e-01  9.399032e-02
     vertex -2.580337e-01 -1.900000e-01  9.368247e-02
   endloop
 endfacet
 facet normal  0.000000e+00 -1.000000e+00  0.000000e+00
   outer loop
     vertex -3.600000e-01 -1.900000e-01  2.000000e-01
     vertex -2.580337e-01 -1.900000e-01  9.368247e-02
     vertex -2.565667e-01 -1.900000e-01  9.333428e-02
   endloop
 endfacet
 facet normal  0.000000e+00 -1.000000e+00  0.000000e+00
   outer loop
     vertex -3.600000e-01 -1.900000e-01  2.000000e-01
     vertex -2.565667e-01 -1.900000e-01  9.333428e-02
     vertex -2.551097e-01 -1.900000e-01  9.294601e-02
   endloop
 endfacet
 facet normal  0.000000e+00 -1.000000e+00  0.000000e+00
   outer loop
     vertex -3.600000e-01 -1.900000e-01  2.000000e-01
     vertex -2.551097e-01 -1.900000e-01  9.294601e-02
     vertex -2.536640e-01 -1.900000e-01  9.251794e-02
   endloop
 endfacet
 facet normal  0.000000e+00 -1.000000e+00  0.000000e+00
   outer loop
     vertex -3.600000e-01 -1.900000e-01  2.000000e-01
     vertex -2.536640e-01 -1.900000e-01  9.251794e-02
     vertex -2.522305e-01 -1.900000e-01  9.205040e-02
   endloop
 endfacet
 facet normal  0.000000e+00 -1.000000e+00  0.000000e+00
   outer loop
     vertex -2.508104e-01 -1.900000e-01  9.154375e-02
     vertex -3.600000e-01 -1.900000e-01  2.000000e-01
     vertex -2.522305e-01 -1.900000e-01  9.205040e-02
   endloop
 endfacet
 facet normal  0.000000e+00 -1.000000e+00  0.000000e+00
   outer loop
     vertex -2.494047e-01 -1.900000e-01  9.099835e-02
     vertex -3.600000e-01 -1.900000e-01  2.000000e-01
     vertex -2.508104e-01 -1.900000e-01  9.154375e-02
   endloop
 endfacet
 facet normal  0.000000e+00 -1.000000e+00  0.000000e+00
   outer loop
     vertex -2.480144e-01 -1.900000e-01  9.041463e-02
     vertex -3.600000e-01 -1.900000e-01  2.000000e-01
     vertex -2.494047e-01 -1.900000e-01  9.099835e-02
   endloop
 endfacet
 facet normal  0.000000e+00 -1.000000e+00  0.000000e+00
   outer loop
     vertex -2.466407e-01 -1.900000e-01  8.979302e-02
     vertex -3.600000e-01 -1.900000e-01  2.000000e-01
     vertex -2.480144e-01 -1.900000e-01  9.041463e-02
   endloop
 endfacet
 facet normal  0.000000e+00 -1.000000e+00  0.000000e+00
   outer loop
     vertex -2.452846e-01 -1.900000e-01  8.913399e-02
     vertex -3.600000e-01 -1.900000e-01  2.000000e-01
     vertex -2.466407e-01 -1.900000e-01  8.979302e-02
   endloop
 endfacet
 facet normal  0.000000e+00 -1.000000e+00  0.000000e+00
   outer loop
     vertex -2.439470e-01 -1.900000e-01  8.843803e-02
     vertex -3.600000e-01 -1.900000e-01  2.000000e-01
     vertex -2.452846e-01 -1.900000e-01  8.913399e-02
   endloop
 endfacet
 facet normal  0.000000e+00 -1.000000e+00  0.000000e+00
   outer loop
     vertex -2.426290e-01 -1.900000e-01  8.770566e-02
     vertex -3.600000e-01 -1.900000e-01  2.000000e-01
     vertex -2.439470e-01 -1.900000e-01  8.843803e-02
   endloop
 endfacet
 facet normal  0.000000e+00 -1.000000e+00  0.000000e+00
   outer loop
     vertex -2.413316e-01 -1.900000e-01  8.693745e-02
     vertex -3.600000e-01 -1.900000e-01  2.000000e-01
     vertex -2.426290e-01 -1.900000e-01  8.770566e-02
   endloop
 endfacet
 facet normal  0.000000e+00 -1.000000e+00  0.000000e+00
   outer loop
     vertex -2.400557e-01 -1.900000e-01  8.613395e-02
     vertex -3.600000e-01 -1.900000e-01  2.000000e-01
     vertex -2.413316e-01 -1.900000e-01  8.693745e-02
   endloop
 endfacet
 facet normal  0.000000e+00 -1.000000e+00 -0.000000e+00
   outer loop
     vertex  2.301154e-01 -1.900000e-01  2.128890e-03
     vertex -2.311685e-01 -1.900000e-01  1.049809e-03
     vertex  2.311685e-01 -1.900000e-01  1.049809e-03
   endloop
 endfacet
 facet normal  0.000000e+00 -1.000000e+00  0.000000e+00
   outer loop
     vertex  2.301154e-01 -1.900000e-01  2.128890e-03
     vertex -2.301154e-01 -1.900000e-01  2.128890e-03
     vertex -2.311685e-01 -1.900000e-01  1.049809e-03
   endloop
 endfacet
 facet normal  0.000000e+00 -1.000000e+00  0.000000e+00
   outer loop
     vertex  2.322508e-01 -1.900000e-01  0.000000e+00
     vertex  2.311685e-01 -1.900000e-01  1.049809e-03
     vertex -2.311685e-01 -1.900000e-01  1.049809e-03
   endloop
 endfacet
 facet normal  0.000000e+00 -1.000000e+00  0.000000e+00
   outer loop
     vertex  2.322508e-01 -1.900000e-01  0.000000e+00
     vertex -2.311685e-01 -1.900000e-01  1.049809e-03
     vertex -2.322508e-01 -1.900000e-01  0.000000e+00
   endloop
 endfacet
 facet normal  0.000000e+00 -1.000000e+00 -0.000000e+00
   outer loop
     vertex  2.290923e-01 -1.900000e-01  3.236434e-03
     vertex -2.301154e-01 -1.900000e-01  2.128890e-03
     vertex  2.301154e-01 -1.900000e-01  2.128890e-03
   endloop
 endfacet
 facet normal  0.000000e+00 -1.000000e+00  0.000000e+00
   outer loop
     vertex  2.290923e-01 -1.900000e-01  3.236434e-03
     vertex -2.290923e-01 -1.900000e-01  3.236434e-03
     vertex -2.301154e-01 -1.900000e-01  2.128890e-03
   endloop
 endfacet
 facet normal  0.000000e+00 -1.000000e+00 -0.000000e+00
   outer loop
     vertex  2.280999e-01 -1.900000e-01  4.371608e-03
     vertex -2.290923e-01 -1.900000e-01  3.236434e-03
     vertex  2.290923e-01 -1.900000e-01  3.236434e-03
   endloop
 endfacet
 facet normal  0.000000e+00 -1.000000e+00  0.000000e+00
   outer loop
     vertex  2.280999e-01 -1.900000e-01  4.371608e-03
     vertex -2.280999e-01 -1.900000e-01  4.371608e-03
     vertex -2.290923e-01 -1.900000e-01  3.236434e-03
   endloop
 endfacet
 facet normal  0.000000e+00 -1.000000e+00 -0.000000e+00
   outer loop
     vertex  2.271390e-01 -1.900000e-01  5.533559e-03
     vertex -2.280999e-01 -1.900000e-01  4.371608e-03
     vertex  2.280999e-01 -1.900000e-01  4.371608e-03
   endloop
 endfacet
 facet normal  0.000000e+00 -1.000000e+00  0.000000e+00
   outer loop
     vertex  2.271390e-01 -1.900000e-01  5.533559e-03
     vertex -2.271390e-01 -1.900000e-01  5.533559e-03
     vertex -2.280999e-01 -1.900000e-01  4.371608e-03
   endloop
 endfacet
 facet normal  0.000000e+00 -1.000000e+00 -0.000000e+00
   outer loop
     vertex  2.262103e-01 -1.900000e-01  6.721413e-03
     vertex -2.271390e-01 -1.900000e-01  5.533559e-03
     vertex  2.271390e-01 -1.900000e-01  5.533559e-03
   endloop
 endfacet
 facet normal  0.000000e+00 -1.000000e+00  0.000000e+00
   outer loop
     vertex  2.262103e-01 -1.900000e-01  6.721413e-03
     vertex -2.262103e-01 -1.900000e-01  6.721413e-03
     vertex -2.271390e-01 -1.900000e-01  5.533559e-03
   endloop
 endfacet
 facet normal  0.000000e+00 -1.000000e+00 -0.000000e+00
   outer loop
     vertex  2.253146e-01 -1.900000e-01  7.934277e-03
     vertex -2.262103e-01 -1.900000e-01  6.721413e-03
     vertex  2.262103e-01 -1.900000e-01  6.721413e-03
   endloop
 endfacet
 facet normal  0.000000e+00 -1.000000e+00  0.000000e+00
   outer loop
     vertex  2.253146e-01 -1.900000e-01  7.934277e-03
     vertex -2.253146e-01 -1.900000e-01  7.934277e-03
     vertex -2.262103e-01 -1.900000e-01  6.721413e-03
   endloop
 endfacet
 facet normal  0.000000e+00 -1.000000e+00 -0.000000e+00
   outer loop
     vertex  2.244524e-01 -1.900000e-01  9.171241e-03
     vertex -2.253146e-01 -1.900000e-01  7.934277e-03
     vertex  2.253146e-01 -1.900000e-01  7.934277e-03
   endloop
 endfacet
 facet normal  0.000000e+00 -1.000000e+00  0.000000e+00
   outer loop
     vertex  2.244524e-01 -1.900000e-01  9.171241e-03
     vertex -2.244524e-01 -1.900000e-01  9.171241e-03
     vertex -2.253146e-01 -1.900000e-01  7.934277e-03
   endloop
 endfacet
 facet normal  0.000000e+00 -1.000000e+00 -0.000000e+00
   outer loop
     vertex  2.236244e-01 -1.900000e-01  1.043137e-02
     vertex -2.244524e-01 -1.900000e-01  9.171241e-03
     vertex  2.244524e-01 -1.900000e-01  9.171241e-03
   endloop
 endfacet
 facet normal  0.000000e+00 -1.000000e+00  0.000000e+00
   outer loop
     vertex  2.236244e-01 -1.900000e-01  1.043137e-02
     vertex -2.236244e-01 -1.900000e-01  1.043137e-02
     vertex -2.244524e-01 -1.900000e-01  9.171241e-03
   endloop
 endfacet
 facet normal  0.000000e+00 -1.000000e+00 -0.000000e+00
   outer loop
     vertex  2.228313e-01 -1.900000e-01  1.171373e-02
     vertex -2.236244e-01 -1.900000e-01  1.043137e-02
     vertex  2.236244e-01 -1.900000e-01  1.043137e-02
   endloop
 endfacet
 facet normal  0.000000e+00 -1.000000e+00  0.000000e+00
   outer loop
     vertex  2.228313e-01 -1.900000e-01  1.171373e-02
     vertex -2.228313e-01 -1.900000e-01  1.171373e-02
     vertex -2.236244e-01 -1.900000e-01  1.043137e-02
   endloop
 endfacet
 facet normal  0.000000e+00 -1.000000e+00 -0.000000e+00
   outer loop
     vertex  2.220736e-01 -1.900000e-01  1.301734e-02
     vertex -2.228313e-01 -1.900000e-01  1.171373e-02
     vertex  2.228313e-01 -1.900000e-01  1.171373e-02
   endloop
 endfacet
 facet normal  0.000000e+00 -1.000000e+00  0.000000e+00
   outer loop
     vertex  2.220736e-01 -1.900000e-01  1.301734e-02
     vertex -2.220736e-01 -1.900000e-01  1.301734e-02
     vertex -2.228313e-01 -1.900000e-01  1.171373e-02
   endloop
 endfacet
 facet normal  0.000000e+00 -1.000000e+00 -0.000000e+00
   outer loop
     vertex  2.213520e-01 -1.900000e-01  1.434124e-02
     vertex -2.220736e-01 -1.900000e-01  1.301734e-02
     vertex  2.220736e-01 -1.900000e-01  1.301734e-02
   endloop
 endfacet
 facet normal  0.000000e+00 -1.000000e+00  0.000000e+00
   outer loop
     vertex  2.213520e-01 -1.900000e-01  1.434124e-02
     vertex -2.213520e-01 -1.900000e-01  1.434124e-02
     vertex -2.220736e-01 -1.900000e-01  1.301734e-02
   endloop
 endfacet
 facet normal  0.000000e+00 -1.000000e+00 -0.000000e+00
   outer loop
     vertex  2.206669e-01 -1.900000e-01  1.568442e-02
     vertex -2.213520e-01 -1.900000e-01  1.434124e-02
     vertex  2.213520e-01 -1.900000e-01  1.434124e-02
   endloop
 endfacet
 facet normal  0.000000e+00 -1.000000e+00  0.000000e+00
   outer loop
     vertex  2.206669e-01 -1.900000e-01  1.568442e-02
     vertex -2.206669e-01 -1.900000e-01  1.568442e-02
     vertex -2.213520e-01 -1.900000e-01  1.434124e-02
   endloop
 endfacet
 facet normal  0.000000e+00 -1.000000e+00 -0.000000e+00
   outer loop
     vertex  2.200189e-01 -1.900000e-01  1.704587e-02
     vertex -2.206669e-01 -1.900000e-01  1.568442e-02
     vertex  2.206669e-01 -1.900000e-01  1.568442e-02
   endloop
 endfacet
 facet normal  0.000000e+00 -1.000000e+00  0.000000e+00
   outer loop
     vertex  2.200189e-01 -1.900000e-01  1.704587e-02
     vertex -2.200189e-01 -1.900000e-01  1.704587e-02
     vertex -2.206669e-01 -1.900000e-01  1.568442e-02
   endloop
 endfacet
 facet normal  0.000000e+00 -1.000000e+00 -0.000000e+00
   outer loop
     vertex  2.194085e-01 -1.900000e-01  1.842457e-02
     vertex -2.200189e-01 -1.900000e-01  1.704587e-02
     vertex  2.200189e-01 -1.900000e-01  1.704587e-02
   endloop
 endfacet
 facet normal  0.000000e+00 -1.000000e+00  0.000000e+00
   outer loop
     vertex  2.194085e-01 -1.900000e-01  1.842457e-02
     vertex -2.194085e-01 -1.900000e-01  1.842457e-02
     vertex -2.200189e-01 -1.900000e-01  1.704587e-02
   endloop
 endfacet
 facet normal  0.000000e+00 -1.000000e+00 -0.000000e+00
   outer loop
     vertex  2.188361e-01 -1.900000e-01  1.981949e-02
     vertex -2.194085e-01 -1.900000e-01  1.842457e-02
     vertex  2.194085e-01 -1.900000e-01  1.842457e-02
   endloop
 endfacet
 facet normal  0.000000e+00 -1.000000e+00  0.000000e+00
   outer loop
     vertex  2.188361e-01 -1.900000e-01  1.981949e-02
     vertex -2.188361e-01 -1.900000e-01  1.981949e-02
     vertex -2.194085e-01 -1.900000e-01  1.842457e-02
   endloop
 endfacet
 facet normal  0.000000e+00 -1.000000e+00 -0.000000e+00
   outer loop
     vertex  2.183021e-01 -1.900000e-01  2.122957e-02
     vertex -2.188361e-01 -1.900000e-01  1.981949e-02
     vertex  2.188361e-01 -1.900000e-01  1.981949e-02
   endloop
 endfacet
 facet normal  0.000000e+00 -1.000000e+00  0.000000e+00
   outer loop
     vertex  2.183021e-01 -1.900000e-01  2.122957e-02
     vertex -2.183021e-01 -1.900000e-01  2.122957e-02
     vertex -2.188361e-01 -1.900000e-01  1.981949e-02
   endloop
 endfacet
 facet normal  0.000000e+00 -1.000000e+00 -0.000000e+00
   outer loop
     vertex  2.178070e-01 -1.900000e-01  2.265377e-02
     vertex -2.183021e-01 -1.900000e-01  2.122957e-02
     vertex  2.183021e-01 -1.900000e-01  2.122957e-02
   endloop
 endfacet
 facet normal  0.000000e+00 -1.000000e+00  0.000000e+00
   outer loop
     vertex  2.178070e-01 -1.900000e-01  2.265377e-02
     vertex -2.178070e-01 -1.900000e-01  2.265377e-02
     vertex -2.183021e-01 -1.900000e-01  2.122957e-02
   endloop
 endfacet
 facet normal  0.000000e+00 -1.000000e+00 -0.000000e+00
   outer loop
     vertex  2.173511e-01 -1.900000e-01  2.409099e-02
     vertex -2.178070e-01 -1.900000e-01  2.265377e-02
     vertex  2.178070e-01 -1.900000e-01  2.265377e-02
   endloop
 endfacet
 facet normal  0.000000e+00 -1.000000e+00  0.000000e+00
   outer loop
     vertex  2.173511e-01 -1.900000e-01  2.409099e-02
     vertex -2.173511e-01 -1.900000e-01  2.409099e-02
     vertex -2.178070e-01 -1.900000e-01  2.265377e-02
   endloop
 endfacet
 facet normal  0.000000e+00 -1.000000e+00 -0.000000e+00
   outer loop
     vertex  2.169348e-01 -1.900000e-01  2.554018e-02
     vertex -2.173511e-01 -1.900000e-01  2.409099e-02
     vertex  2.173511e-01 -1.900000e-01  2.409099e-02
   endloop
 endfacet
 facet normal  0.000000e+00 -1.000000e+00  0.000000e+00
   outer loop
     vertex  2.169348e-01 -1.900000e-01  2.554018e-02
     vertex -2.169348e-01 -1.900000e-01  2.554018e-02
     vertex -2.173511e-01 -1.900000e-01  2.409099e-02
   endloop
 endfacet
 facet normal  0.000000e+00 -1.000000e+00 -0.000000e+00
   outer loop
     vertex  2.165584e-01 -1.900000e-01  2.700023e-02
     vertex -2.169348e-01 -1.900000e-01  2.554018e-02
     vertex  2.169348e-01 -1.900000e-01  2.554018e-02
   endloop
 endfacet
 facet normal  0.000000e+00 -1.000000e+00  0.000000e+00
   outer loop
     vertex  2.165584e-01 -1.900000e-01  2.700023e-02
     vertex -2.165584e-01 -1.900000e-01  2.700023e-02
     vertex -2.169348e-01 -1.900000e-01  2.554018e-02
   endloop
 endfacet
 facet normal  0.000000e+00 -1.000000e+00 -0.000000e+00
   outer loop
     vertex  2.162221e-01 -1.900000e-01  2.847005e-02
     vertex -2.165584e-01 -1.900000e-01  2.700023e-02
     vertex  2.165584e-01 -1.900000e-01  2.700023e-02
   endloop
 endfacet
 facet normal  0.000000e+00 -1.000000e+00  0.000000e+00
   outer loop
     vertex  2.162221e-01 -1.900000e-01  2.847005e-02
     vertex -2.162221e-01 -1.900000e-01  2.847005e-02
     vertex -2.165584e-01 -1.900000e-01  2.700023e-02
   endloop
 endfacet
 facet normal  0.000000e+00 -1.000000e+00 -0.000000e+00
   outer loop
     vertex  2.159263e-01 -1.900000e-01  2.994854e-02
     vertex -2.162221e-01 -1.900000e-01  2.847005e-02
     vertex  2.162221e-01 -1.900000e-01  2.847005e-02
   endloop
 endfacet
 facet normal  0.000000e+00 -1.000000e+00  0.000000e+00
   outer loop
     vertex  2.159263e-01 -1.900000e-01  2.994854e-02
     vertex -2.159263e-01 -1.900000e-01  2.994854e-02
     vertex -2.162221e-01 -1.900000e-01  2.847005e-02
   endloop
 endfacet
 facet normal  0.000000e+00 -1.000000e+00  0.000000e+00
   outer loop
     vertex  2.156711e-01 -1.900000e-01  3.143458e-02
     vertex -2.156711e-01 -1.900000e-01  3.143458e-02
     vertex -2.159263e-01 -1.900000e-01  2.994854e-02
   endloop
 endfacet
 facet normal  0.000000e+00 -1.000000e+00 -0.000000e+00
   outer loop
     vertex  2.156711e-01 -1.900000e-01  3.143458e-02
     vertex -2.159263e-01 -1.900000e-01  2.994854e-02
     vertex  2.159263e-01 -1.900000e-01  2.994854e-02
   endloop
 endfacet
 facet normal  0.000000e+00 -1.000000e+00  0.000000e+00
   outer loop
     vertex  2.154567e-01 -1.900000e-01  3.292706e-02
     vertex -2.154567e-01 -1.900000e-01  3.292706e-02
     vertex -2.156711e-01 -1.900000e-01  3.143458e-02
   endloop
 endfacet
 facet normal  0.000000e+00 -1.000000e+00 -0.000000e+00
   outer loop
     vertex  2.154567e-01 -1.900000e-01  3.292706e-02
     vertex -2.156711e-01 -1.900000e-01  3.143458e-02
     vertex  2.156711e-01 -1.900000e-01  3.143458e-02
   endloop
 endfacet
 facet normal  0.000000e+00 -1.000000e+00 -0.000000e+00
   outer loop
     vertex  2.152833e-01 -1.900000e-01  3.442486e-02
     vertex -2.154567e-01 -1.900000e-01  3.292706e-02
     vertex  2.154567e-01 -1.900000e-01  3.292706e-02
   endloop
 endfacet
 facet normal  0.000000e+00 -1.000000e+00  0.000000e+00
   outer loop
     vertex  2.152833e-01 -1.900000e-01  3.442486e-02
     vertex -2.152833e-01 -1.900000e-01  3.442486e-02
     vertex -2.154567e-01 -1.900000e-01  3.292706e-02
   endloop
 endfacet
 facet normal  0.000000e+00 -1.000000e+00 -0.000000e+00
   outer loop
     vertex  2.151510e-01 -1.900000e-01  3.592684e-02
     vertex -2.152833e-01 -1.900000e-01  3.442486e-02
     vertex  2.152833e-01 -1.900000e-01  3.442486e-02
   endloop
 endfacet
 facet normal  0.000000e+00 -1.000000e+00  0.000000e+00
   outer loop
     vertex  2.151510e-01 -1.900000e-01  3.592684e-02
     vertex -2.151510e-01 -1.900000e-01  3.592684e-02
     vertex -2.152833e-01 -1.900000e-01  3.442486e-02
   endloop
 endfacet
 facet normal  0.000000e+00 -1.000000e+00  0.000000e+00
   outer loop
     vertex  2.150600e-01 -1.900000e-01  3.743189e-02
     vertex -2.150600e-01 -1.900000e-01  3.743189e-02
     vertex -2.151510e-01 -1.900000e-01  3.592684e-02
   endloop
 endfacet
 facet normal  0.000000e+00 -1.000000e+00 -0.000000e+00
   outer loop
     vertex  2.150600e-01 -1.900000e-01  3.743189e-02
     vertex -2.151510e-01 -1.900000e-01  3.592684e-02
     vertex  2.151510e-01 -1.900000e-01  3.592684e-02
   endloop
 endfacet
 facet normal  0.000000e+00 -1.000000e+00 -0.000000e+00
   outer loop
     vertex  2.150102e-01 -1.900000e-01  3.893887e-02
     vertex -2.150600e-01 -1.900000e-01  3.743189e-02
     vertex  2.150600e-01 -1.900000e-01  3.743189e-02
   endloop
 endfacet
 facet normal  0.000000e+00 -1.000000e+00  0.000000e+00
   outer loop
     vertex  2.150102e-01 -1.900000e-01  3.893887e-02
     vertex -2.150102e-01 -1.900000e-01  3.893887e-02
     vertex -2.150600e-01 -1.900000e-01  3.743189e-02
   endloop
 endfacet
 facet normal  0.000000e+00 -1.000000e+00 -0.000000e+00
   outer loop
     vertex  2.150018e-01 -1.900000e-01  4.044664e-02
     vertex -2.150102e-01 -1.900000e-01  3.893887e-02
     vertex  2.150102e-01 -1.900000e-01  3.893887e-02
   endloop
 endfacet
 facet normal  0.000000e+00 -1.000000e+00  0.000000e+00
   outer loop
     vertex  2.150018e-01 -1.900000e-01  4.044664e-02
     vertex -2.150018e-01 -1.900000e-01  4.044664e-02
     vertex -2.150102e-01 -1.900000e-01  3.893887e-02
   endloop
 endfacet
 facet normal  0.000000e+00 -1.000000e+00  0.000000e+00
   outer loop
     vertex  2.150347e-01 -1.900000e-01  4.195408e-02
     vertex -2.150347e-01 -1.900000e-01  4.195408e-02
     vertex -2.150018e-01 -1.900000e-01  4.044664e-02
   endloop
 endfacet
 facet normal  0.000000e+00 -1.000000e+00  0.000000e+00
   outer loop
     vertex  2.150347e-01 -1.900000e-01  4.195408e-02
     vertex -2.150018e-01 -1.900000e-01  4.044664e-02
     vertex  2.150018e-01 -1.900000e-01  4.044664e-02
   endloop
 endfacet
 facet normal  0.000000e+00 -1.000000e+00  0.000000e+00
   outer loop
     vertex  2.151089e-01 -1.900000e-01  4.346005e-02
     vertex -2.150347e-01 -1.900000e-01  4.195408e-02
     vertex  2.150347e-01 -1.900000e-01  4.195408e-02
   endloop
 endfacet
 facet normal  0.000000e+00 -1.000000e+00  0.000000e+00
   outer loop
     vertex  2.151089e-01 -1.900000e-01  4.346005e-02
     vertex -2.151089e-01 -1.900000e-01  4.346005e-02
     vertex -2.150347e-01 -1.900000e-01  4.195408e-02
   endloop
 endfacet
 facet normal  0.000000e+00 -1.000000e+00  0.000000e+00
   outer loop
     vertex  2.152244e-01 -1.900000e-01  4.496342e-02
     vertex -2.152244e-01 -1.900000e-01  4.496342e-02
     vertex -2.151089e-01 -1.900000e-01  4.346005e-02
   endloop
 endfacet
 facet normal  0.000000e+00 -1.000000e+00  0.000000e+00
   outer loop
     vertex  2.152244e-01 -1.900000e-01  4.496342e-02
     vertex -2.151089e-01 -1.900000e-01  4.346005e-02
     vertex  2.151089e-01 -1.900000e-01  4.346005e-02
   endloop
 endfacet
 facet normal  0.000000e+00 -1.000000e+00  0.000000e+00
   outer loop
     vertex  2.153811e-01 -1.900000e-01  4.646306e-02
     vertex -2.153811e-01 -1.900000e-01  4.646306e-02
     vertex -2.152244e-01 -1.900000e-01  4.496342e-02
   endloop
 endfacet
 facet normal  0.000000e+00 -1.000000e+00  0.000000e+00
   outer loop
     vertex  2.153811e-01 -1.900000e-01  4.646306e-02
     vertex -2.152244e-01 -1.900000e-01  4.496342e-02
     vertex  2.152244e-01 -1.900000e-01  4.496342e-02
   endloop
 endfacet
 facet normal  0.000000e+00 -1.000000e+00  0.000000e+00
   outer loop
     vertex  2.155787e-01 -1.900000e-01  4.795784e-02
     vertex -2.155787e-01 -1.900000e-01  4.795784e-02
     vertex -2.153811e-01 -1.900000e-01  4.646306e-02
   endloop
 endfacet
 facet normal  0.000000e+00 -1.000000e+00  0.000000e+00
   outer loop
     vertex  2.155787e-01 -1.900000e-01  4.795784e-02
     vertex -2.153811e-01 -1.900000e-01  4.646306e-02
     vertex  2.153811e-01 -1.900000e-01  4.646306e-02
   endloop
 endfacet
 facet normal  0.000000e+00 -1.000000e+00  0.000000e+00
   outer loop
     vertex  2.158173e-01 -1.900000e-01  4.944664e-02
     vertex -2.158173e-01 -1.900000e-01  4.944664e-02
     vertex -2.155787e-01 -1.900000e-01  4.795784e-02
   endloop
 endfacet
 facet normal  0.000000e+00 -1.000000e+00  0.000000e+00
   outer loop
     vertex  2.158173e-01 -1.900000e-01  4.944664e-02
     vertex -2.155787e-01 -1.900000e-01  4.795784e-02
     vertex  2.155787e-01 -1.900000e-01  4.795784e-02
   endloop
 endfacet
 facet normal  0.000000e+00 -1.000000e+00  0.000000e+00
   outer loop
     vertex  2.160966e-01 -1.900000e-01  5.092834e-02
     vertex -2.158173e-01 -1.900000e-01  4.944664e-02
     vertex  2.158173e-01 -1.900000e-01  4.944664e-02
   endloop
 endfacet
 facet normal  0.000000e+00 -1.000000e+00  0.000000e+00
   outer loop
     vertex  2.160966e-01 -1.900000e-01  5.092834e-02
     vertex -2.160966e-01 -1.900000e-01  5.092834e-02
     vertex -2.158173e-01 -1.900000e-01  4.944664e-02
   endloop
 endfacet
 facet normal  0.000000e+00 -1.000000e+00  0.000000e+00
   outer loop
     vertex  2.164165e-01 -1.900000e-01  5.240183e-02
     vertex -2.164165e-01 -1.900000e-01  5.240183e-02
     vertex -2.160966e-01 -1.900000e-01  5.092834e-02
   endloop
 endfacet
 facet normal  0.000000e+00 -1.000000e+00  0.000000e+00
   outer loop
     vertex  2.164165e-01 -1.900000e-01  5.240183e-02
     vertex -2.160966e-01 -1.900000e-01  5.092834e-02
     vertex  2.160966e-01 -1.900000e-01  5.092834e-02
   endloop
 endfacet
 facet normal  0.000000e+00 -1.000000e+00  0.000000e+00
   outer loop
     vertex  2.167766e-01 -1.900000e-01  5.386600e-02
     vertex -2.167766e-01 -1.900000e-01  5.386600e-02
     vertex -2.164165e-01 -1.900000e-01  5.240183e-02
   endloop
 endfacet
 facet normal  0.000000e+00 -1.000000e+00  0.000000e+00
   outer loop
     vertex  2.167766e-01 -1.900000e-01  5.386600e-02
     vertex -2.164165e-01 -1.900000e-01  5.240183e-02
     vertex  2.164165e-01 -1.900000e-01  5.240183e-02
   endloop
 endfacet
 facet normal  0.000000e+00 -1.000000e+00  0.000000e+00
   outer loop
     vertex  2.171767e-01 -1.900000e-01  5.531974e-02
     vertex -2.171767e-01 -1.900000e-01  5.531974e-02
     vertex -2.167766e-01 -1.900000e-01  5.386600e-02
   endloop
 endfacet
 facet normal  0.000000e+00 -1.000000e+00  0.000000e+00
   outer loop
     vertex  2.171767e-01 -1.900000e-01  5.531974e-02
     vertex -2.167766e-01 -1.900000e-01  5.386600e-02
     vertex  2.167766e-01 -1.900000e-01  5.386600e-02
   endloop
 endfacet
 facet normal  0.000000e+00 -1.000000e+00  0.000000e+00
   outer loop
     vertex  2.176165e-01 -1.900000e-01  5.676198e-02
     vertex -2.176165e-01 -1.900000e-01  5.676198e-02
     vertex -2.171767e-01 -1.900000e-01  5.531974e-02
   endloop
 endfacet
 facet normal  0.000000e+00 -1.000000e+00  0.000000e+00
   outer loop
     vertex  2.176165e-01 -1.900000e-01  5.676198e-02
     vertex -2.171767e-01 -1.900000e-01  5.531974e-02
     vertex  2.171767e-01 -1.900000e-01  5.531974e-02
   endloop
 endfacet
 facet normal  0.000000e+00 -1.000000e+00  0.000000e+00
   outer loop
     vertex  2.180956e-01 -1.900000e-01  5.819161e-02
     vertex -2.180956e-01 -1.900000e-01  5.819161e-02
     vertex -2.176165e-01 -1.900000e-01  5.676198e-02
   endloop
 endfacet
 facet normal  0.000000e+00 -1.000000e+00  0.000000e+00
   outer loop
     vertex  2.180956e-01 -1.900000e-01  5.819161e-02
     vertex -2.176165e-01 -1.900000e-01  5.676198e-02
     vertex  2.176165e-01 -1.900000e-01  5.676198e-02
   endloop
 endfacet
 facet normal  0.000000e+00 -1.000000e+00  0.000000e+00
   outer loop
     vertex  2.186138e-01 -1.900000e-01  5.960757e-02
     vertex -2.186138e-01 -1.900000e-01  5.960757e-02
     vertex -2.180956e-01 -1.900000e-01  5.819161e-02
   endloop
 endfacet
 facet normal  0.000000e+00 -1.000000e+00  0.000000e+00
   outer loop
     vertex  2.186138e-01 -1.900000e-01  5.960757e-02
     vertex -2.180956e-01 -1.900000e-01  5.819161e-02
     vertex  2.180956e-01 -1.900000e-01  5.819161e-02
   endloop
 endfacet
 facet normal  0.000000e+00 -1.000000e+00  0.000000e+00
   outer loop
     vertex  2.191706e-01 -1.900000e-01  6.100880e-02
     vertex -2.191706e-01 -1.900000e-01  6.100880e-02
     vertex -2.186138e-01 -1.900000e-01  5.960757e-02
   endloop
 endfacet
 facet normal  0.000000e+00 -1.000000e+00  0.000000e+00
   outer loop
     vertex  2.191706e-01 -1.900000e-01  6.100880e-02
     vertex -2.186138e-01 -1.900000e-01  5.960757e-02
     vertex  2.186138e-01 -1.900000e-01  5.960757e-02
   endloop
 endfacet
 facet normal  0.000000e+00 -1.000000e+00  0.000000e+00
   outer loop
     vertex  2.197656e-01 -1.900000e-01  6.239424e-02
     vertex -2.197656e-01 -1.900000e-01  6.239424e-02
     vertex -2.191706e-01 -1.900000e-01  6.100880e-02
   endloop
 endfacet
 facet normal  0.000000e+00 -1.000000e+00  0.000000e+00
   outer loop
     vertex  2.197656e-01 -1.900000e-01  6.239424e-02
     vertex -2.191706e-01 -1.900000e-01  6.100880e-02
     vertex  2.191706e-01 -1.900000e-01  6.100880e-02
   endloop
 endfacet
 facet normal  0.000000e+00 -1.000000e+00  0.000000e+00
   outer loop
     vertex  2.203983e-01 -1.900000e-01  6.376285e-02
     vertex -2.203983e-01 -1.900000e-01  6.376285e-02
     vertex -2.197656e-01 -1.900000e-01  6.239424e-02
   endloop
 endfacet
 facet normal  0.000000e+00 -1.000000e+00  0.000000e+00
   outer loop
     vertex  2.203983e-01 -1.900000e-01  6.376285e-02
     vertex -2.197656e-01 -1.900000e-01  6.239424e-02
     vertex  2.197656e-01 -1.900000e-01  6.239424e-02
   endloop
 endfacet
 facet normal  0.000000e+00 -1.000000e+00  0.000000e+00
   outer loop
     vertex  2.210683e-01 -1.900000e-01  6.511359e-02
     vertex -2.210683e-01 -1.900000e-01  6.511359e-02
     vertex -2.203983e-01 -1.900000e-01  6.376285e-02
   endloop
 endfacet
 facet normal  0.000000e+00 -1.000000e+00  0.000000e+00
   outer loop
     vertex  2.210683e-01 -1.900000e-01  6.511359e-02
     vertex -2.203983e-01 -1.900000e-01  6.376285e-02
     vertex  2.203983e-01 -1.900000e-01  6.376285e-02
   endloop
 endfacet
 facet normal  0.000000e+00 -1.000000e+00  0.000000e+00
   outer loop
     vertex  2.217751e-01 -1.900000e-01  6.644547e-02
     vertex -2.210683e-01 -1.900000e-01  6.511359e-02
     vertex  2.210683e-01 -1.900000e-01  6.511359e-02
   endloop
 endfacet
 facet normal  0.000000e+00 -1.000000e+00  0.000000e+00
   outer loop
     vertex  2.217751e-01 -1.900000e-01  6.644547e-02
     vertex -2.217751e-01 -1.900000e-01  6.644547e-02
     vertex -2.210683e-01 -1.900000e-01  6.511359e-02
   endloop
 endfacet
 facet normal  0.000000e+00 -1.000000e+00  0.000000e+00
   outer loop
     vertex  2.225182e-01 -1.900000e-01  6.775747e-02
     vertex -2.225182e-01 -1.900000e-01  6.775747e-02
     vertex -2.217751e-01 -1.900000e-01  6.644547e-02
   endloop
 endfacet
 facet normal  0.000000e+00 -1.000000e+00  0.000000e+00
   outer loop
     vertex  2.225182e-01 -1.900000e-01  6.775747e-02
     vertex -2.217751e-01 -1.900000e-01  6.644547e-02
     vertex  2.217751e-01 -1.900000e-01  6.644547e-02
   endloop
 endfacet
 facet normal  0.000000e+00 -1.000000e+00  0.000000e+00
   outer loop
     vertex  2.232969e-01 -1.900000e-01  6.904860e-02
     vertex -2.232969e-01 -1.900000e-01  6.904860e-02
     vertex -2.225182e-01 -1.900000e-01  6.775747e-02
   endloop
 endfacet
 facet normal  0.000000e+00 -1.000000e+00  0.000000e+00
   outer loop
     vertex  2.232969e-01 -1.900000e-01  6.904860e-02
     vertex -2.225182e-01 -1.900000e-01  6.775747e-02
     vertex  2.225182e-01 -1.900000e-01  6.775747e-02
   endloop
 endfacet
 facet normal  0.000000e+00 -1.000000e+00  0.000000e+00
   outer loop
     vertex  2.241107e-01 -1.900000e-01  7.031791e-02
     vertex -2.241107e-01 -1.900000e-01  7.031791e-02
     vertex -2.232969e-01 -1.900000e-01  6.904860e-02
   endloop
 endfacet
 facet normal  0.000000e+00 -1.000000e+00  0.000000e+00
   outer loop
     vertex  2.241107e-01 -1.900000e-01  7.031791e-02
     vertex -2.232969e-01 -1.900000e-01  6.904860e-02
     vertex  2.232969e-01 -1.900000e-01  6.904860e-02
   endloop
 endfacet
 facet normal  0.000000e+00 -1.000000e+00  0.000000e+00
   outer loop
     vertex  2.249591e-01 -1.900000e-01  7.156443e-02
     vertex -2.249591e-01 -1.900000e-01  7.156443e-02
     vertex -2.241107e-01 -1.900000e-01  7.031791e-02
   endloop
 endfacet
 facet normal  0.000000e+00 -1.000000e+00  0.000000e+00
   outer loop
     vertex  2.249591e-01 -1.900000e-01  7.156443e-02
     vertex -2.241107e-01 -1.900000e-01  7.031791e-02
     vertex  2.241107e-01 -1.900000e-01  7.031791e-02
   endloop
 endfacet
 facet normal  0.000000e+00 -1.000000e+00  0.000000e+00
   outer loop
     vertex  2.258412e-01 -1.900000e-01  7.278723e-02
     vertex -2.258412e-01 -1.900000e-01  7.278723e-02
     vertex -2.249591e-01 -1.900000e-01  7.156443e-02
   endloop
 endfacet
 facet normal  0.000000e+00 -1.000000e+00  0.000000e+00
   outer loop
     vertex  2.258412e-01 -1.900000e-01  7.278723e-02
     vertex -2.249591e-01 -1.900000e-01  7.156443e-02
     vertex  2.249591e-01 -1.900000e-01  7.156443e-02
   endloop
 endfacet
 facet normal  0.000000e+00 -1.000000e+00  0.000000e+00
   outer loop
     vertex  2.267566e-01 -1.900000e-01  7.398538e-02
     vertex -2.267566e-01 -1.900000e-01  7.398538e-02
     vertex -2.258412e-01 -1.900000e-01  7.278723e-02
   endloop
 endfacet
 facet normal  0.000000e+00 -1.000000e+00  0.000000e+00
   outer loop
     vertex  2.267566e-01 -1.900000e-01  7.398538e-02
     vertex -2.258412e-01 -1.900000e-01  7.278723e-02
     vertex  2.258412e-01 -1.900000e-01  7.278723e-02
   endloop
 endfacet
 facet normal  0.000000e+00 -1.000000e+00  0.000000e+00
   outer loop
     vertex  2.277044e-01 -1.900000e-01  7.515800e-02
     vertex -2.277044e-01 -1.900000e-01  7.515800e-02
     vertex -2.267566e-01 -1.900000e-01  7.398538e-02
   endloop
 endfacet
 facet normal  0.000000e+00 -1.000000e+00  0.000000e+00
   outer loop
     vertex  2.277044e-01 -1.900000e-01  7.515800e-02
     vertex -2.267566e-01 -1.900000e-01  7.398538e-02
     vertex  2.267566e-01 -1.900000e-01  7.398538e-02
   endloop
 endfacet
 facet normal  0.000000e+00 -1.000000e+00  0.000000e+00
   outer loop
     vertex  2.286841e-01 -1.900000e-01  7.630419e-02
     vertex -2.286841e-01 -1.900000e-01  7.630419e-02
     vertex -2.277044e-01 -1.900000e-01  7.515800e-02
   endloop
 endfacet
 facet normal  0.000000e+00 -1.000000e+00  0.000000e+00
   outer loop
     vertex  2.286841e-01 -1.900000e-01  7.630419e-02
     vertex -2.277044e-01 -1.900000e-01  7.515800e-02
     vertex  2.277044e-01 -1.900000e-01  7.515800e-02
   endloop
 endfacet
 facet normal  0.000000e+00 -1.000000e+00  0.000000e+00
   outer loop
     vertex  2.296948e-01 -1.900000e-01  7.742310e-02
     vertex -2.296948e-01 -1.900000e-01  7.742310e-02
     vertex -2.286841e-01 -1.900000e-01  7.630419e-02
   endloop
 endfacet
 facet normal  0.000000e+00 -1.000000e+00  0.000000e+00
   outer loop
     vertex  2.296948e-01 -1.900000e-01  7.742310e-02
     vertex -2.286841e-01 -1.900000e-01  7.630419e-02
     vertex  2.286841e-01 -1.900000e-01  7.630419e-02
   endloop
 endfacet
 facet normal  0.000000e+00 -1.000000e+00  0.000000e+00
   outer loop
     vertex  2.307358e-01 -1.900000e-01  7.851388e-02
     vertex -2.296948e-01 -1.900000e-01  7.742310e-02
     vertex  2.296948e-01 -1.900000e-01  7.742310e-02
   endloop
 endfacet
 facet normal  0.000000e+00 -1.000000e+00  0.000000e+00
   outer loop
     vertex  2.307358e-01 -1.900000e-01  7.851388e-02
     vertex -2.307358e-01 -1.900000e-01  7.851388e-02
     vertex -2.296948e-01 -1.900000e-01  7.742310e-02
   endloop
 endfacet
 facet normal  0.000000e+00 -1.000000e+00  0.000000e+00
   outer loop
     vertex  2.318062e-01 -1.900000e-01  7.957571e-02
     vertex -2.318062e-01 -1.900000e-01  7.957571e-02
     vertex -2.307358e-01 -1.900000e-01  7.851388e-02
   endloop
 endfacet
 facet normal  0.000000e+00 -1.000000e+00  0.000000e+00
   outer loop
     vertex  2.318062e-01 -1.900000e-01  7.957571e-02
     vertex -2.307358e-01 -1.900000e-01  7.851388e-02
     vertex  2.307358e-01 -1.900000e-01  7.851388e-02
   endloop
 endfacet
 facet normal  0.000000e+00 -1.000000e+00  0.000000e+00
   outer loop
     vertex  2.329054e-01 -1.900000e-01  8.060781e-02
     vertex -2.329054e-01 -1.900000e-01  8.060781e-02
     vertex -2.318062e-01 -1.900000e-01  7.957571e-02
   endloop
 endfacet
 facet normal  0.000000e+00 -1.000000e+00  0.000000e+00
   outer loop
     vertex  2.329054e-01 -1.900000e-01  8.060781e-02
     vertex -2.318062e-01 -1.900000e-01  7.957571e-02
     vertex  2.318062e-01 -1.900000e-01  7.957571e-02
   endloop
 endfacet
 facet normal  0.000000e+00 -1.000000e+00  0.000000e+00
   outer loop
     vertex  2.340325e-01 -1.900000e-01  8.160938e-02
     vertex -2.340325e-01 -1.900000e-01  8.160938e-02
     vertex -2.329054e-01 -1.900000e-01  8.060781e-02
   endloop
 endfacet
 facet normal  0.000000e+00 -1.000000e+00  0.000000e+00
   outer loop
     vertex  2.340325e-01 -1.900000e-01  8.160938e-02
     vertex -2.329054e-01 -1.900000e-01  8.060781e-02
     vertex  2.329054e-01 -1.900000e-01  8.060781e-02
   endloop
 endfacet
 facet normal  0.000000e+00 -1.000000e+00  0.000000e+00
   outer loop
     vertex  2.351866e-01 -1.900000e-01  8.257968e-02
     vertex -2.351866e-01 -1.900000e-01  8.257968e-02
     vertex -2.340325e-01 -1.900000e-01  8.160938e-02
   endloop
 endfacet
 facet normal  0.000000e+00 -1.000000e+00  0.000000e+00
   outer loop
     vertex  2.351866e-01 -1.900000e-01  8.257968e-02
     vertex -2.340325e-01 -1.900000e-01  8.160938e-02
     vertex  2.340325e-01 -1.900000e-01  8.160938e-02
   endloop
 endfacet
 facet normal  0.000000e+00 -1.000000e+00  0.000000e+00
   outer loop
     vertex  2.363669e-01 -1.900000e-01  8.351798e-02
     vertex -2.363669e-01 -1.900000e-01  8.351798e-02
     vertex -2.351866e-01 -1.900000e-01  8.257968e-02
   endloop
 endfacet
 facet normal  0.000000e+00 -1.000000e+00  0.000000e+00
   outer loop
     vertex  2.363669e-01 -1.900000e-01  8.351798e-02
     vertex -2.351866e-01 -1.900000e-01  8.257968e-02
     vertex  2.351866e-01 -1.900000e-01  8.257968e-02
   endloop
 endfacet
 facet normal  0.000000e+00 -1.000000e+00  0.000000e+00
   outer loop
     vertex  2.375725e-01 -1.900000e-01  8.442358e-02
     vertex -2.375725e-01 -1.900000e-01  8.442358e-02
     vertex -2.363669e-01 -1.900000e-01  8.351798e-02
   endloop
 endfacet
 facet normal  0.000000e+00 -1.000000e+00  0.000000e+00
   outer loop
     vertex  2.375725e-01 -1.900000e-01  8.442358e-02
     vertex -2.363669e-01 -1.900000e-01  8.351798e-02
     vertex  2.363669e-01 -1.900000e-01  8.351798e-02
   endloop
 endfacet
 facet normal  0.000000e+00 -1.000000e+00  0.000000e+00
   outer loop
     vertex  2.388024e-01 -1.900000e-01  8.529579e-02
     vertex -2.388024e-01 -1.900000e-01  8.529579e-02
     vertex -2.375725e-01 -1.900000e-01  8.442358e-02
   endloop
 endfacet
 facet normal  0.000000e+00 -1.000000e+00  0.000000e+00
   outer loop
     vertex  2.388024e-01 -1.900000e-01  8.529579e-02
     vertex -2.375725e-01 -1.900000e-01  8.442358e-02
     vertex  2.375725e-01 -1.900000e-01  8.442358e-02
   endloop
 endfacet
 facet normal  0.000000e+00 -1.000000e+00  0.000000e+00
   outer loop
     vertex  2.400557e-01 -1.900000e-01  8.613395e-02
     vertex -2.400557e-01 -1.900000e-01  8.613395e-02
     vertex -2.388024e-01 -1.900000e-01  8.529579e-02
   endloop
 endfacet
 facet normal  0.000000e+00 -1.000000e+00  0.000000e+00
   outer loop
     vertex  2.400557e-01 -1.900000e-01  8.613395e-02
     vertex -2.388024e-01 -1.900000e-01  8.529579e-02
     vertex  2.388024e-01 -1.900000e-01  8.529579e-02
   endloop
 endfacet
 facet normal  0.000000e+00 -1.000000e+00  0.000000e+00
   outer loop
     vertex  3.600000e-01 -1.900000e-01  0.000000e+00
     vertex  3.247167e-01 -1.900000e-01  3.442486e-02
     vertex  3.245433e-01 -1.900000e-01  3.292706e-02
   endloop
 endfacet
 facet normal  0.000000e+00 -1.000000e+00  0.000000e+00
   outer loop
     vertex  3.600000e-01 -1.900000e-01  0.000000e+00
     vertex  3.245433e-01 -1.900000e-01  3.292706e-02
     vertex  3.243289e-01 -1.900000e-01  3.143458e-02
   endloop
 endfacet
 facet normal  0.000000e+00 -1.000000e+00  0.000000e+00
   outer loop
     vertex  3.600000e-01 -1.900000e-01  0.000000e+00
     vertex  3.243289e-01 -1.900000e-01  3.143458e-02
     vertex  3.240737e-01 -1.900000e-01  2.994854e-02
   endloop
 endfacet
 facet normal  0.000000e+00 -1.000000e+00  0.000000e+00
   outer loop
     vertex  3.600000e-01 -1.900000e-01  0.000000e+00
     vertex  3.240737e-01 -1.900000e-01  2.994854e-02
     vertex  3.237779e-01 -1.900000e-01  2.847005e-02
   endloop
 endfacet
 facet normal  0.000000e+00 -1.000000e+00  0.000000e+00
   outer loop
     vertex  3.600000e-01 -1.900000e-01  0.000000e+00
     vertex  3.237779e-01 -1.900000e-01  2.847005e-02
     vertex  3.234416e-01 -1.900000e-01  2.700023e-02
   endloop
 endfacet
 facet normal  0.000000e+00 -1.000000e+00  0.000000e+00
   outer loop
     vertex  3.600000e-01 -1.900000e-01  0.000000e+00
     vertex  3.234416e-01 -1.900000e-01  2.700023e-02
     vertex  3.230652e-01 -1.900000e-01  2.554018e-02
   endloop
 endfacet
 facet normal  0.000000e+00 -1.000000e+00  0.000000e+00
   outer loop
     vertex  3.600000e-01 -1.900000e-01  0.000000e+00
     vertex  3.230652e-01 -1.900000e-01  2.554018e-02
     vertex  3.226489e-01 -1.900000e-01  2.409099e-02
   endloop
 endfacet
 facet normal  0.000000e+00 -1.000000e+00  0.000000e+00
   outer loop
     vertex  3.600000e-01 -1.900000e-01  0.000000e+00
     vertex  3.226489e-01 -1.900000e-01  2.409099e-02
     vertex  3.221930e-01 -1.900000e-01  2.265377e-02
   endloop
 endfacet
 facet normal  0.000000e+00 -1.000000e+00  0.000000e+00
   outer loop
     vertex  3.600000e-01 -1.900000e-01  0.000000e+00
     vertex  3.221930e-01 -1.900000e-01  2.265377e-02
     vertex  3.216979e-01 -1.900000e-01  2.122957e-02
   endloop
 endfacet
 facet normal  0.000000e+00 -1.000000e+00  0.000000e+00
   outer loop
     vertex  3.600000e-01 -1.900000e-01  0.000000e+00
     vertex  3.216979e-01 -1.900000e-01  2.122957e-02
     vertex  3.211639e-01 -1.900000e-01  1.981949e-02
   endloop
 endfacet
 facet normal  0.000000e+00 -1.000000e+00  0.000000e+00
   outer loop
     vertex  3.600000e-01 -1.900000e-01  0.000000e+00
     vertex  3.211639e-01 -1.900000e-01  1.981949e-02
     vertex  3.205915e-01 -1.900000e-01  1.842457e-02
   endloop
 endfacet
 facet normal  0.000000e+00 -1.000000e+00  0.000000e+00
   outer loop
     vertex  3.600000e-01 -1.900000e-01  0.000000e+00
     vertex  3.205915e-01 -1.900000e-01  1.842457e-02
     vertex  3.199811e-01 -1.900000e-01  1.704587e-02
   endloop
 endfacet
 facet normal  0.000000e+00 -1.000000e+00  0.000000e+00
   outer loop
     vertex  3.600000e-01 -1.900000e-01  0.000000e+00
     vertex  3.199811e-01 -1.900000e-01  1.704587e-02
     vertex  3.193331e-01 -1.900000e-01  1.568442e-02
   endloop
 endfacet
 facet normal  0.000000e+00 -1.000000e+00  0.000000e+00
   outer loop
     vertex  3.600000e-01 -1.900000e-01  0.000000e+00
     vertex  3.193331e-01 -1.900000e-01  1.568442e-02
     vertex  3.186480e-01 -1.900000e-01  1.434124e-02
   endloop
 endfacet
 facet normal  0.000000e+00 -1.000000e+00  0.000000e+00
   outer loop
     vertex  3.600000e-01 -1.900000e-01  0.000000e+00
     vertex  3.186480e-01 -1.900000e-01  1.434124e-02
     vertex  3.179264e-01 -1.900000e-01  1.301734e-02
   endloop
 endfacet
 facet normal  0.000000e+00 -1.000000e+00  0.000000e+00
   outer loop
     vertex  3.600000e-01 -1.900000e-01  0.000000e+00
     vertex  3.179264e-01 -1.900000e-01  1.301734e-02
     vertex  3.171687e-01 -1.900000e-01  1.171373e-02
   endloop
 endfacet
 facet normal  0.000000e+00 -1.000000e+00  0.000000e+00
   outer loop
     vertex  3.600000e-01 -1.900000e-01  0.000000e+00
     vertex  3.171687e-01 -1.900000e-01  1.171373e-02
     vertex  3.163756e-01 -1.900000e-01  1.043137e-02
   endloop
 endfacet
 facet normal  0.000000e+00 -1.000000e+00  0.000000e+00
   outer loop
     vertex  3.600000e-01 -1.900000e-01  0.000000e+00
     vertex  3.163756e-01 -1.900000e-01  1.043137e-02
     vertex  3.155476e-01 -1.900000e-01  9.171241e-03
   endloop
 endfacet
 facet normal  0.000000e+00 -1.000000e+00  0.000000e+00
   outer loop
     vertex  3.600000e-01 -1.900000e-01  0.000000e+00
     vertex  3.155476e-01 -1.900000e-01  9.171241e-03
     vertex  3.146854e-01 -1.900000e-01  7.934277e-03
   endloop
 endfacet
 facet normal  0.000000e+00 -1.000000e+00  0.000000e+00
   outer loop
     vertex  3.600000e-01 -1.900000e-01  0.000000e+00
     vertex  3.146854e-01 -1.900000e-01  7.934277e-03
     vertex  3.137897e-01 -1.900000e-01  6.721413e-03
   endloop
 endfacet
 facet normal  0.000000e+00 -1.000000e+00  0.000000e+00
   outer loop
     vertex  3.600000e-01 -1.900000e-01  0.000000e+00
     vertex  3.137897e-01 -1.900000e-01  6.721413e-03
     vertex  3.128610e-01 -1.900000e-01  5.533559e-03
   endloop
 endfacet
 facet normal  0.000000e+00 -1.000000e+00  0.000000e+00
   outer loop
     vertex  3.600000e-01 -1.900000e-01  0.000000e+00
     vertex  3.128610e-01 -1.900000e-01  5.533559e-03
     vertex  3.119001e-01 -1.900000e-01  4.371608e-03
   endloop
 endfacet
 facet normal  0.000000e+00 -1.000000e+00  0.000000e+00
   outer loop
     vertex  3.600000e-01 -1.900000e-01  0.000000e+00
     vertex  3.119001e-01 -1.900000e-01  4.371608e-03
     vertex  3.109077e-01 -1.900000e-01  3.236434e-03
   endloop
 endfacet
 facet normal  0.000000e+00 -1.000000e+00  0.000000e+00
   outer loop
     vertex  3.600000e-01 -1.900000e-01  0.000000e+00
     vertex  3.109077e-01 -1.900000e-01  3.236434e-03
     vertex  3.098846e-01 -1.900000e-01  2.128890e-03
   endloop
 endfacet
 facet normal  0.000000e+00 -1.000000e+00  0.000000e+00
   outer loop
     vertex  3.600000e-01 -1.900000e-01  0.000000e+00
     vertex  3.098846e-01 -1.900000e-01  2.128890e-03
     vertex  3.088315e-01 -1.900000e-01  1.049809e-03
   endloop
 endfacet
 facet normal  0.000000e+00 -1.000000e+00  0.000000e+00
   outer loop
     vertex  3.600000e-01 -1.900000e-01  0.000000e+00
     vertex  3.088315e-01 -1.900000e-01  1.049809e-03
     vertex  3.077492e-01 -1.900000e-01  0.000000e+00
   endloop
 endfacet
 facet normal  0.000000e+00 -1.000000e+00 -0.000000e+00
   outer loop
     vertex  3.248490e-01 -1.900000e-01  3.592684e-02
     vertex  3.247167e-01 -1.900000e-01  3.442486e-02
     vertex  3.600000e-01 -1.900000e-01  0.000000e+00
   endloop
 endfacet
 facet normal  0.000000e+00 -1.000000e+00 -0.000000e+00
   outer loop
     vertex  3.249400e-01 -1.900000e-01  3.743189e-02
     vertex  3.248490e-01 -1.900000e-01  3.592684e-02
     vertex  3.600000e-01 -1.900000e-01  0.000000e+00
   endloop
 endfacet
 facet normal  0.000000e+00 -1.000000e+00 -0.000000e+00
   outer loop
     vertex  3.249898e-01 -1.900000e-01  3.893887e-02
     vertex  3.249400e-01 -1.900000e-01  3.743189e-02
     vertex  3.600000e-01 -1.900000e-01  0.000000e+00
   endloop
 endfacet
 facet normal  0.000000e+00 -1.000000e+00 -0.000000e+00
   outer loop
     vertex  3.249982e-01 -1.900000e-01  4.044664e-02
     vertex  3.249898e-01 -1.900000e-01  3.893887e-02
     vertex  3.600000e-01 -1.900000e-01  0.000000e+00
   endloop
 endfacet
 facet normal  0.000000e+00 -1.000000e+00  0.000000e+00
   outer loop
     vertex  3.249653e-01 -1.900000e-01  4.195408e-02
     vertex  3.249982e-01 -1.900000e-01  4.044664e-02
     vertex  3.600000e-01 -1.900000e-01  0.000000e+00
   endloop
 endfacet
 facet normal  0.000000e+00 -1.000000e+00  0.000000e+00
   outer loop
     vertex  3.248911e-01 -1.900000e-01  4.346005e-02
     vertex  3.249653e-01 -1.900000e-01  4.195408e-02
     vertex  3.600000e-01 -1.900000e-01  0.000000e+00
   endloop
 endfacet
 facet normal  0.000000e+00 -1.000000e+00  0.000000e+00
   outer loop
     vertex  3.247756e-01 -1.900000e-01  4.496342e-02
     vertex  3.248911e-01 -1.900000e-01  4.346005e-02
     vertex  3.600000e-01 -1.900000e-01  0.000000e+00
   endloop
 endfacet
 facet normal  0.000000e+00 -1.000000e+00  0.000000e+00
   outer loop
     vertex  3.246189e-01 -1.900000e-01  4.646306e-02
     vertex  3.247756e-01 -1.900000e-01  4.496342e-02
     vertex  3.600000e-01 -1.900000e-01  0.000000e+00
   endloop
 endfacet
 facet normal  0.000000e+00 -1.000000e+00  0.000000e+00
   outer loop
     vertex  3.244213e-01 -1.900000e-01  4.795784e-02
     vertex  3.246189e-01 -1.900000e-01  4.646306e-02
     vertex  3.600000e-01 -1.900000e-01  0.000000e+00
   endloop
 endfacet
 facet normal  0.000000e+00 -1.000000e+00  0.000000e+00
   outer loop
     vertex  3.241827e-01 -1.900000e-01  4.944664e-02
     vertex  3.244213e-01 -1.900000e-01  4.795784e-02
     vertex  3.600000e-01 -1.900000e-01  0.000000e+00
   endloop
 endfacet
 facet normal  0.000000e+00 -1.000000e+00  0.000000e+00
   outer loop
     vertex  3.239034e-01 -1.900000e-01  5.092834e-02
     vertex  3.241827e-01 -1.900000e-01  4.944664e-02
     vertex  3.600000e-01 -1.900000e-01  0.000000e+00
   endloop
 endfacet
 facet normal  0.000000e+00 -1.000000e+00  0.000000e+00
   outer loop
     vertex  3.235835e-01 -1.900000e-01  5.240183e-02
     vertex  3.239034e-01 -1.900000e-01  5.092834e-02
     vertex  3.600000e-01 -1.900000e-01  0.000000e+00
   endloop
 endfacet
 facet normal  0.000000e+00 -1.000000e+00  0.000000e+00
   outer loop
     vertex  3.232234e-01 -1.900000e-01  5.386600e-02
     vertex  3.235835e-01 -1.900000e-01  5.240183e-02
     vertex  3.600000e-01 -1.900000e-01  0.000000e+00
   endloop
 endfacet
 facet normal  0.000000e+00 -1.000000e+00  0.000000e+00
   outer loop
     vertex  3.228233e-01 -1.900000e-01  5.531974e-02
     vertex  3.232234e-01 -1.900000e-01  5.386600e-02
     vertex  3.600000e-01 -1.900000e-01  0.000000e+00
   endloop
 endfacet
 facet normal  0.000000e+00 -1.000000e+00  0.000000e+00
   outer loop
     vertex  3.223835e-01 -1.900000e-01  5.676198e-02
     vertex  3.228233e-01 -1.900000e-01  5.531974e-02
     vertex  3.600000e-01 -1.900000e-01  0.000000e+00
   endloop
 endfacet
 facet normal  0.000000e+00 -1.000000e+00  0.000000e+00
   outer loop
     vertex  3.600000e-01 -1.900000e-01  2.000000e-01
     vertex  2.700000e-01 -1.900000e-01  9.500000e-02
     vertex  2.715077e-01 -1.900000e-01  9.497933e-02
   endloop
 endfacet
 facet normal  0.000000e+00 -1.000000e+00  0.000000e+00
   outer loop
     vertex  3.600000e-01 -1.900000e-01  2.000000e-01
     vertex -2.400557e-01 -1.900000e-01  8.613395e-02
     vertex  2.400557e-01 -1.900000e-01  8.613395e-02
   endloop
 endfacet
 facet normal  0.000000e+00 -1.000000e+00  0.000000e+00
   outer loop
     vertex  3.600000e-01 -1.900000e-01  2.000000e-01
     vertex  2.715077e-01 -1.900000e-01  9.497933e-02
     vertex  2.730142e-01 -1.900000e-01  9.491734e-02
   endloop
 endfacet
 facet normal  0.000000e+00 -1.000000e+00  0.000000e+00
   outer loop
     vertex  3.600000e-01 -1.900000e-01  2.000000e-01
     vertex  2.730142e-01 -1.900000e-01  9.491734e-02
     vertex  2.745184e-01 -1.900000e-01  9.481408e-02
   endloop
 endfacet
 facet normal  0.000000e+00 -1.000000e+00  0.000000e+00
   outer loop
     vertex  3.600000e-01 -1.900000e-01  2.000000e-01
     vertex  2.745184e-01 -1.900000e-01  9.481408e-02
     vertex  2.760193e-01 -1.900000e-01  9.466963e-02
   endloop
 endfacet
 facet normal  0.000000e+00 -1.000000e+00  0.000000e+00
   outer loop
     vertex  3.600000e-01 -1.900000e-01  2.000000e-01
     vertex  2.760193e-01 -1.900000e-01  9.466963e-02
     vertex  2.775156e-01 -1.900000e-01  9.448408e-02
   endloop
 endfacet
 facet normal  0.000000e+00 -1.000000e+00  0.000000e+00
   outer loop
     vertex  3.600000e-01 -1.900000e-01  2.000000e-01
     vertex  2.775156e-01 -1.900000e-01  9.448408e-02
     vertex  2.790063e-01 -1.900000e-01  9.425759e-02
   endloop
 endfacet
 facet normal  0.000000e+00 -1.000000e+00  0.000000e+00
   outer loop
     vertex  3.600000e-01 -1.900000e-01  2.000000e-01
     vertex  2.790063e-01 -1.900000e-01  9.425759e-02
     vertex  2.804902e-01 -1.900000e-01  9.399032e-02
   endloop
 endfacet
 facet normal  0.000000e+00 -1.000000e+00  0.000000e+00
   outer loop
     vertex  3.600000e-01 -1.900000e-01  2.000000e-01
     vertex  2.804902e-01 -1.900000e-01  9.399032e-02
     vertex  2.819663e-01 -1.900000e-01  9.368247e-02
   endloop
 endfacet
 facet normal  0.000000e+00 -1.000000e+00  0.000000e+00
   outer loop
     vertex  3.600000e-01 -1.900000e-01  2.000000e-01
     vertex  2.819663e-01 -1.900000e-01  9.368247e-02
     vertex  2.834333e-01 -1.900000e-01  9.333428e-02
   endloop
 endfacet
 facet normal  0.000000e+00 -1.000000e+00  0.000000e+00
   outer loop
     vertex  3.600000e-01 -1.900000e-01  2.000000e-01
     vertex  2.834333e-01 -1.900000e-01  9.333428e-02
     vertex  2.848903e-01 -1.900000e-01  9.294601e-02
   endloop
 endfacet
 facet normal  0.000000e+00 -1.000000e+00  0.000000e+00
   outer loop
     vertex  3.600000e-01 -1.900000e-01  2.000000e-01
     vertex  2.848903e-01 -1.900000e-01  9.294601e-02
     vertex  2.863360e-01 -1.900000e-01  9.251794e-02
   endloop
 endfacet
 facet normal  0.000000e+00 -1.000000e+00  0.000000e+00
   outer loop
     vertex  3.600000e-01 -1.900000e-01  2.000000e-01
     vertex  2.863360e-01 -1.900000e-01  9.251794e-02
     vertex  2.877695e-01 -1.900000e-01  9.205040e-02
   endloop
 endfacet
 facet normal  0.000000e+00 -1.000000e+00  0.000000e+00
   outer loop
     vertex  3.600000e-01 -1.900000e-01  2.000000e-01
     vertex  2.877695e-01 -1.900000e-01  9.205040e-02
     vertex  2.891896e-01 -1.900000e-01  9.154375e-02
   endloop
 endfacet
 facet normal  0.000000e+00 -1.000000e+00  0.000000e+00
   outer loop
     vertex  3.600000e-01 -1.900000e-01  2.000000e-01
     vertex  2.891896e-01 -1.900000e-01  9.154375e-02
     vertex  2.905953e-01 -1.900000e-01  9.099835e-02
   endloop
 endfacet
 facet normal  0.000000e+00 -1.000000e+00  0.000000e+00
   outer loop
     vertex  3.600000e-01 -1.900000e-01  2.000000e-01
     vertex  2.905953e-01 -1.900000e-01  9.099835e-02
     vertex  2.919856e-01 -1.900000e-01  9.041463e-02
   endloop
 endfacet
 facet normal  0.000000e+00 -1.000000e+00  0.000000e+00
   outer loop
     vertex  3.600000e-01 -1.900000e-01  2.000000e-01
     vertex  2.919856e-01 -1.900000e-01  9.041463e-02
     vertex  2.933593e-01 -1.900000e-01  8.979302e-02
   endloop
 endfacet
 facet normal  0.000000e+00 -1.000000e+00  0.000000e+00
   outer loop
     vertex  3.600000e-01 -1.900000e-01  2.000000e-01
     vertex  2.933593e-01 -1.900000e-01  8.979302e-02
     vertex  2.947154e-01 -1.900000e-01  8.913399e-02
   endloop
 endfacet
 facet normal  0.000000e+00 -1.000000e+00  0.000000e+00
   outer loop
     vertex  3.600000e-01 -1.900000e-01  2.000000e-01
     vertex  2.947154e-01 -1.900000e-01  8.913399e-02
     vertex  2.960530e-01 -1.900000e-01  8.843803e-02
   endloop
 endfacet
 facet normal  0.000000e+00 -1.000000e+00  0.000000e+00
   outer loop
     vertex  3.600000e-01 -1.900000e-01  2.000000e-01
     vertex  2.960530e-01 -1.900000e-01  8.843803e-02
     vertex  2.973710e-01 -1.900000e-01  8.770566e-02
   endloop
 endfacet
 facet normal  0.000000e+00 -1.000000e+00  0.000000e+00
   outer loop
     vertex  3.600000e-01 -1.900000e-01  2.000000e-01
     vertex  2.973710e-01 -1.900000e-01  8.770566e-02
     vertex  2.986684e-01 -1.900000e-01  8.693745e-02
   endloop
 endfacet
 facet normal  0.000000e+00 -1.000000e+00  0.000000e+00
   outer loop
     vertex  3.600000e-01 -1.900000e-01  2.000000e-01
     vertex  2.986684e-01 -1.900000e-01  8.693745e-02
     vertex  2.999443e-01 -1.900000e-01  8.613395e-02
   endloop
 endfacet
 facet normal  0.000000e+00 -1.000000e+00  0.000000e+00
   outer loop
     vertex  3.600000e-01 -1.900000e-01  2.000000e-01
     vertex  2.999443e-01 -1.900000e-01  8.613395e-02
     vertex  3.011976e-01 -1.900000e-01  8.529579e-02
   endloop
 endfacet
 facet normal  0.000000e+00 -1.000000e+00  0.000000e+00
   outer loop
     vertex  3.600000e-01 -1.900000e-01  2.000000e-01
     vertex  3.011976e-01 -1.900000e-01  8.529579e-02
     vertex  3.024275e-01 -1.900000e-01  8.442358e-02
   endloop
 endfacet
 facet normal  0.000000e+00 -1.000000e+00  0.000000e+00
   outer loop
     vertex  3.600000e-01 -1.900000e-01  2.000000e-01
     vertex  3.024275e-01 -1.900000e-01  8.442358e-02
     vertex  3.036331e-01 -1.900000e-01  8.351798e-02
   endloop
 endfacet
 facet normal  0.000000e+00 -1.000000e+00  0.000000e+00
   outer loop
     vertex  3.600000e-01 -1.900000e-01  2.000000e-01
     vertex  3.036331e-01 -1.900000e-01  8.351798e-02
     vertex  3.048134e-01 -1.900000e-01  8.257968e-02
   endloop
 endfacet
 facet normal  0.000000e+00 -1.000000e+00  0.000000e+00
   outer loop
     vertex  3.600000e-01 -1.900000e-01  2.000000e-01
     vertex  3.048134e-01 -1.900000e-01  8.257968e-02
     vertex  3.059675e-01 -1.900000e-01  8.160938e-02
   endloop
 endfacet
 facet normal  0.000000e+00 -1.000000e+00  0.000000e+00
   outer loop
     vertex  3.600000e-01 -1.900000e-01  2.000000e-01
     vertex  3.059675e-01 -1.900000e-01  8.160938e-02
     vertex  3.070946e-01 -1.900000e-01  8.060781e-02
   endloop
 endfacet
 facet normal  0.000000e+00 -1.000000e+00  0.000000e+00
   outer loop
     vertex  3.600000e-01 -1.900000e-01  2.000000e-01
     vertex  3.070946e-01 -1.900000e-01  8.060781e-02
     vertex  3.081938e-01 -1.900000e-01  7.957571e-02
   endloop
 endfacet
 facet normal  0.000000e+00 -1.000000e+00  0.000000e+00
   outer loop
     vertex  3.600000e-01 -1.900000e-01  2.000000e-01
     vertex  3.081938e-01 -1.900000e-01  7.957571e-02
     vertex  3.092642e-01 -1.900000e-01  7.851388e-02
   endloop
 endfacet
 facet normal  0.000000e+00 -1.000000e+00  0.000000e+00
   outer loop
     vertex  3.600000e-01 -1.900000e-01  2.000000e-01
     vertex  3.092642e-01 -1.900000e-01  7.851388e-02
     vertex  3.103052e-01 -1.900000e-01  7.742310e-02
   endloop
 endfacet
 facet normal  0.000000e+00 -1.000000e+00  0.000000e+00
   outer loop
     vertex  3.600000e-01 -1.900000e-01  2.000000e-01
     vertex  3.103052e-01 -1.900000e-01  7.742310e-02
     vertex  3.113159e-01 -1.900000e-01  7.630419e-02
   endloop
 endfacet
 facet normal  0.000000e+00 -1.000000e+00  0.000000e+00
   outer loop
     vertex  3.600000e-01 -1.900000e-01  2.000000e-01
     vertex  3.113159e-01 -1.900000e-01  7.630419e-02
     vertex  3.122956e-01 -1.900000e-01  7.515800e-02
   endloop
 endfacet
 facet normal  0.000000e+00 -1.000000e+00  0.000000e+00
   outer loop
     vertex  3.600000e-01 -1.900000e-01  2.000000e-01
     vertex  3.122956e-01 -1.900000e-01  7.515800e-02
     vertex  3.132434e-01 -1.900000e-01  7.398538e-02
   endloop
 endfacet
 facet normal  0.000000e+00 -1.000000e+00  0.000000e+00
   outer loop
     vertex  3.600000e-01 -1.900000e-01  2.000000e-01
     vertex  3.132434e-01 -1.900000e-01  7.398538e-02
     vertex  3.141588e-01 -1.900000e-01  7.278723e-02
   endloop
 endfacet
 facet normal  0.000000e+00 -1.000000e+00  0.000000e+00
   outer loop
     vertex  3.600000e-01 -1.900000e-01  2.000000e-01
     vertex  3.141588e-01 -1.900000e-01  7.278723e-02
     vertex  3.150409e-01 -1.900000e-01  7.156443e-02
   endloop
 endfacet
 facet normal  0.000000e+00 -1.000000e+00  0.000000e+00
   outer loop
     vertex  3.600000e-01 -1.900000e-01  2.000000e-01
     vertex  3.150409e-01 -1.900000e-01  7.156443e-02
     vertex  3.158893e-01 -1.900000e-01  7.031791e-02
   endloop
 endfacet
 facet normal  0.000000e+00 -1.000000e+00  0.000000e+00
   outer loop
     vertex  3.600000e-01 -1.900000e-01  2.000000e-01
     vertex  3.158893e-01 -1.900000e-01  7.031791e-02
     vertex  3.167031e-01 -1.900000e-01  6.904860e-02
   endloop
 endfacet
 facet normal  0.000000e+00 -1.000000e+00  0.000000e+00
   outer loop
     vertex  3.600000e-01 -1.900000e-01  2.000000e-01
     vertex  3.167031e-01 -1.900000e-01  6.904860e-02
     vertex  3.174818e-01 -1.900000e-01  6.775747e-02
   endloop
 endfacet
 facet normal  0.000000e+00 -1.000000e+00  0.000000e+00
   outer loop
     vertex  3.600000e-01 -1.900000e-01  2.000000e-01
     vertex  3.174818e-01 -1.900000e-01  6.775747e-02
     vertex  3.182249e-01 -1.900000e-01  6.644547e-02
   endloop
 endfacet
 facet normal  0.000000e+00 -1.000000e+00  0.000000e+00
   outer loop
     vertex  3.600000e-01 -1.900000e-01  2.000000e-01
     vertex  3.182249e-01 -1.900000e-01  6.644547e-02
     vertex  3.189317e-01 -1.900000e-01  6.511359e-02
   endloop
 endfacet
 facet normal  0.000000e+00 -1.000000e+00  0.000000e+00
   outer loop
     vertex  3.600000e-01 -1.900000e-01  2.000000e-01
     vertex  3.189317e-01 -1.900000e-01  6.511359e-02
     vertex  3.196017e-01 -1.900000e-01  6.376285e-02
   endloop
 endfacet
 facet normal  0.000000e+00 -1.000000e+00  0.000000e+00
   outer loop
     vertex  3.600000e-01 -1.900000e-01  2.000000e-01
     vertex  3.196017e-01 -1.900000e-01  6.376285e-02
     vertex  3.202344e-01 -1.900000e-01  6.239424e-02
   endloop
 endfacet
 facet normal  0.000000e+00 -1.000000e+00  0.000000e+00
   outer loop
     vertex  3.600000e-01 -1.900000e-01  2.000000e-01
     vertex  3.202344e-01 -1.900000e-01  6.239424e-02
     vertex  3.208294e-01 -1.900000e-01  6.100880e-02
   endloop
 endfacet
 facet normal  0.000000e+00 -1.000000e+00  0.000000e+00
   outer loop
     vertex  3.600000e-01 -1.900000e-01  2.000000e-01
     vertex  3.208294e-01 -1.900000e-01  6.100880e-02
     vertex  3.213862e-01 -1.900000e-01  5.960757e-02
   endloop
 endfacet
 facet normal  0.000000e+00 -1.000000e+00  0.000000e+00
   outer loop
     vertex  3.600000e-01 -1.900000e-01  2.000000e-01
     vertex  3.213862e-01 -1.900000e-01  5.960757e-02
     vertex  3.219044e-01 -1.900000e-01  5.819161e-02
   endloop
 endfacet
 facet normal  0.000000e+00 -1.000000e+00  0.000000e+00
   outer loop
     vertex  3.600000e-01 -1.900000e-01  2.000000e-01
     vertex  3.219044e-01 -1.900000e-01  5.819161e-02
     vertex  3.223835e-01 -1.900000e-01  5.676198e-02
   endloop
 endfacet
 facet normal -0.000000e+00 -1.000000e+00  0.000000e+00
   outer loop
     vertex  3.600000e-01 -1.900000e-01  2.000000e-01
     vertex -3.600000e-01 -1.900000e-01  2.000000e-01
     vertex -2.400557e-01 -1.900000e-01  8.613395e-02
   endloop
 endfacet
 facet normal  0.000000e+00 -1.000000e+00  0.000000e+00
   outer loop
     vertex  3.600000e-01 -1.900000e-01  2.000000e-01
     vertex  2.400557e-01 -1.900000e-01  8.613395e-02
     vertex  2.413316e-01 -1.900000e-01  8.693745e-02
   endloop
 endfacet
 facet normal  0.000000e+00 -1.000000e+00  0.000000e+00
   outer loop
     vertex  3.600000e-01 -1.900000e-01  2.000000e-01
     vertex  2.413316e-01 -1.900000e-01  8.693745e-02
     vertex  2.426290e-01 -1.900000e-01  8.770566e-02
   endloop
 endfacet
 facet normal  0.000000e+00 -1.000000e+00  0.000000e+00
   outer loop
     vertex  3.600000e-01 -1.900000e-01  2.000000e-01
     vertex  2.426290e-01 -1.900000e-01  8.770566e-02
     vertex  2.439470e-01 -1.900000e-01  8.843803e-02
   endloop
 endfacet
 facet normal  0.000000e+00 -1.000000e+00  0.000000e+00
   outer loop
     vertex  3.600000e-01 -1.900000e-01  2.000000e-01
     vertex  2.439470e-01 -1.900000e-01  8.843803e-02
     vertex  2.452846e-01 -1.900000e-01  8.913399e-02
   endloop
 endfacet
 facet normal  0.000000e+00 -1.000000e+00  0.000000e+00
   outer loop
     vertex  3.600000e-01 -1.900000e-01  2.000000e-01
     vertex  2.452846e-01 -1.900000e-01  8.913399e-02
     vertex  2.466407e-01 -1.900000e-01  8.979302e-02
   endloop
 endfacet
 facet normal  0.000000e+00 -1.000000e+00  0.000000e+00
   outer loop
     vertex  3.600000e-01 -1.900000e-01  2.000000e-01
     vertex  2.466407e-01 -1.900000e-01  8.979302e-02
     vertex  2.480144e-01 -1.900000e-01  9.041463e-02
   endloop
 endfacet
 facet normal  0.000000e+00 -1.000000e+00  0.000000e+00
   outer loop
     vertex  3.600000e-01 -1.900000e-01  2.000000e-01
     vertex  2.480144e-01 -1.900000e-01  9.041463e-02
     vertex  2.494047e-01 -1.900000e-01  9.099835e-02
   endloop
 endfacet
 facet normal  0.000000e+00 -1.000000e+00  0.000000e+00
   outer loop
     vertex  3.600000e-01 -1.900000e-01  2.000000e-01
     vertex  2.494047e-01 -1.900000e-01  9.099835e-02
     vertex  2.508104e-01 -1.900000e-01  9.154375e-02
   endloop
 endfacet
 facet normal  0.000000e+00 -1.000000e+00  0.000000e+00
   outer loop
     vertex  3.600000e-01 -1.900000e-01  2.000000e-01
     vertex  2.508104e-01 -1.900000e-01  9.154375e-02
     vertex  2.522305e-01 -1.900000e-01  9.205040e-02
   endloop
 endfacet
 facet normal  0.000000e+00 -1.000000e+00  0.000000e+00
   outer loop
     vertex  3.600000e-01 -1.900000e-01  2.000000e-01
     vertex  2.522305e-01 -1.900000e-01  9.205040e-02
     vertex  2.536640e-01 -1.900000e-01  9.251794e-02
   endloop
 endfacet
 facet normal  0.000000e+00 -1.000000e+00  0.000000e+00
   outer loop
     vertex  3.600000e-01 -1.900000e-01  2.000000e-01
     vertex  2.536640e-01 -1.900000e-01  9.251794e-02
     vertex  2.551097e-01 -1.900000e-01  9.294601e-02
   endloop
 endfacet
 facet normal  0.000000e+00 -1.000000e+00  0.000000e+00
   outer loop
     vertex  3.600000e-01 -1.900000e-01  2.000000e-01
     vertex  2.551097e-01 -1.900000e-01  9.294601e-02
     vertex  2.565667e-01 -1.900000e-01  9.333428e-02
   endloop
 endfacet
 facet normal  0.000000e+00 -1.000000e+00  0.000000e+00
   outer loop
     vertex  3.600000e-01 -1.900000e-01  2.000000e-01
     vertex  2.565667e-01 -1.900000e-01  9.333428e-02
     vertex  2.580337e-01 -1.900000e-01  9.368247e-02
   endloop
 endfacet
 facet normal  0.000000e+00 -1.000000e+00  0.000000e+00
   outer loop
     vertex  3.600000e-01 -1.900000e-01  2.000000e-01
     vertex  2.580337e-01 -1.900000e-01  9.368247e-02
     vertex  2.595098e-01 -1.900000e-01  9.399032e-02
   endloop
 endfacet
 facet normal  0.000000e+00 -1.000000e+00  0.000000e+00
   outer loop
     vertex  3.600000e-01 -1.900000e-01  2.000000e-01
     vertex  2.595098e-01 -1.900000e-01  9.399032e-02
     vertex  2.609937e-01 -1.900000e-01  9.425759e-02
   endloop
 endfacet
 facet normal  0.000000e+00 -1.000000e+00  0.000000e+00
   outer loop
     vertex  3.600000e-01 -1.900000e-01  2.000000e-01
     vertex  2.609937e-01 -1.900000e-01  9.425759e-02
     vertex  2.624844e-01 -1.900000e-01  9.448408e-02
   endloop
 endfacet
 facet normal  0.000000e+00 -1.000000e+00  0.000000e+00
   outer loop
     vertex  3.600000e-01 -1.900000e-01  2.000000e-01
     vertex  2.624844e-01 -1.900000e-01  9.448408e-02
     vertex  2.639807e-01 -1.900000e-01  9.466963e-02
   endloop
 endfacet
 facet normal  0.000000e+00 -1.000000e+00  0.000000e+00
   outer loop
     vertex  3.600000e-01 -1.900000e-01  2.000000e-01
     vertex  2.639807e-01 -1.900000e-01  9.466963e-02
     vertex  2.654816e-01 -1.900000e-01  9.481408e-02
   endloop
 endfacet
 facet normal  0.000000e+00 -1.000000e+00 -0.000000e+00
   outer loop
     vertex  3.600000e-01 -1.900000e-01  2.000000e-01
     vertex  3.223835e-01 -1.900000e-01  5.676198e-02
     vertex  3.600000e-01 -1.900000e-01  0.000000e+00
   endloop
 endfacet
 facet normal  0.000000e+00 -1.000000e+00  0.000000e+00
   outer loop
     vertex  3.600000e-01 -1.900000e-01  2.000000e-01
     vertex  2.654816e-01 -1.900000e-01  9.481408e-02
     vertex  2.669858e-01 -1.900000e-01  9.491734e-02
   endloop
 endfacet
 facet normal  0.000000e+00 -1.000000e+00  0.000000e+00
   outer loop
     vertex  3.600000e-01 -1.900000e-01  2.000000e-01
     vertex  2.669858e-01 -1.900000e-01  9.491734e-02
     vertex  2.684923e-01 -1.900000e-01  9.497933e-02
   endloop
 endfacet
 facet normal  0.000000e+00 -1.000000e+00  0.000000e+00
   outer loop
     vertex  3.600000e-01 -1.900000e-01  2.000000e-01
     vertex  2.684923e-01 -1.900000e-01  9.497933e-02
     vertex  2.700000e-01 -1.900000e-01  9.500000e-02
   endloop
 endfacet
 facet normal  0.000000e+00  0.000000e+00  1.000000e+00
   outer loop
     vertex  3.600000e-01  1.900000e-01  2.000000e-01
     vertex -3.600000e-01  1.900000e-01  2.000000e-01
     vertex -3.600000e-01 -1.900000e-01  2.000000e-01
   endloop
 endfacet
 facet normal  0.000000e+00  0.000000e+00  1.000000e+00
   outer loop
     vertex  3.600000e-01  1.900000e-01  2.000000e-01
     vertex -3.600000e-01 -1.900000e-01  2.000000e-01
     vertex  3.600000e-01 -1.900000e-01  2.000000e-01
   endloop
 endfacet
 facet normal -5.317866e-16  1.000000e+00 -5.189862e-16
   outer loop
     vertex -3.098846e-01  1.900000e-01  2.128890e-03
     vertex -3.088315e-01  1.900000e-01  1.049809e-03
     vertex -3.600000e-01  1.900000e-01  0.000000e+00
   endloop
 endfacet
 facet normal  0.000000e+00  1.000000e+00 -2.643870e-14
   outer loop
     vertex -3.077492e-01  1.900000e-01  0.000000e+00
     vertex -3.600000e-01  1.900000e-01  0.000000e+00
     vertex -3.088315e-01  1.900000e-01  1.049809e-03
   endloop
 endfacet
 facet normal -5.329200e-16  1.000000e+00 -4.923034e-16
   outer loop
     vertex -3.109077e-01  1.900000e-01  3.236434e-03
     vertex -3.098846e-01  1.900000e-01  2.128890e-03
     vertex -3.600000e-01  1.900000e-01  0.000000e+00
   endloop
 endfacet
 facet normal -5.345666e-16  1.000000e+00 -4.673271e-16
   outer loop
     vertex -3.119001e-01  1.900000e-01  4.371608e-03
     vertex -3.109077e-01  1.900000e-01  3.236434e-03
     vertex -3.600000e-01  1.900000e-01  0.000000e+00
   endloop
 endfacet
 facet normal -5.367016e-16  1.000000e+00 -4.438359e-16
   outer loop
     vertex -3.128610e-01  1.900000e-01  5.533559e-03
     vertex -3.119001e-01  1.900000e-01  4.371608e-03
     vertex -3.600000e-01  1.900000e-01  0.000000e+00
   endloop
 endfacet
 facet normal -5.393072e-16  1.000000e+00 -4.216399e-16
   outer loop
     vertex -3.137897e-01  1.900000e-01  6.721413e-03
     vertex -3.128610e-01  1.900000e-01  5.533559e-03
     vertex -3.600000e-01  1.900000e-01  0.000000e+00
   endloop
 endfacet
 facet normal -5.423712e-16  1.000000e+00 -4.005744e-16
   outer loop
     vertex -3.146854e-01  1.900000e-01  7.934277e-03
     vertex -3.137897e-01  1.900000e-01  6.721413e-03
     vertex -3.600000e-01  1.900000e-01  0.000000e+00
   endloop
 endfacet
 facet normal -5.458869e-16  1.000000e+00 -3.804954e-16
   outer loop
     vertex -3.155476e-01  1.900000e-01  9.171241e-03
     vertex -3.146854e-01  1.900000e-01  7.934277e-03
     vertex -3.600000e-01  1.900000e-01  0.000000e+00
   endloop
 endfacet
 facet normal -5.498522e-16  1.000000e+00 -3.612757e-16
   outer loop
     vertex -3.163756e-01  1.900000e-01  1.043137e-02
     vertex -3.155476e-01  1.900000e-01  9.171241e-03
     vertex -3.600000e-01  1.900000e-01  0.000000e+00
   endloop
 endfacet
 facet normal -5.542696e-16  1.000000e+00 -3.428023e-16
   outer loop
     vertex -3.171687e-01  1.900000e-01  1.171373e-02
     vertex -3.163756e-01  1.900000e-01  1.043137e-02
     vertex -3.600000e-01  1.900000e-01  0.000000e+00
   endloop
 endfacet
 facet normal -5.591455e-16  1.000000e+00 -3.249734e-16
   outer loop
     vertex -3.179264e-01  1.900000e-01  1.301734e-02
     vertex -3.171687e-01  1.900000e-01  1.171373e-02
     vertex -3.600000e-01  1.900000e-01  0.000000e+00
   endloop
 endfacet
 facet normal -5.644909e-16  1.000000e+00 -3.076966e-16
   outer loop
     vertex -3.186480e-01  1.900000e-01  1.434124e-02
     vertex -3.179264e-01  1.900000e-01  1.301734e-02
     vertex -3.600000e-01  1.900000e-01  0.000000e+00
   endloop
 endfacet
 facet normal -5.703206e-16  1.000000e+00 -2.908868e-16
   outer loop
     vertex -3.193331e-01  1.900000e-01  1.568442e-02
     vertex -3.186480e-01  1.900000e-01  1.434124e-02
     vertex -3.600000e-01  1.900000e-01  0.000000e+00
   endloop
 endfacet
 facet normal -5.766541e-16  1.000000e+00 -2.744652e-16
   outer loop
     vertex -3.199811e-01  1.900000e-01  1.704587e-02
     vertex -3.193331e-01  1.900000e-01  1.568442e-02
     vertex -3.600000e-01  1.900000e-01  0.000000e+00
   endloop
 endfacet
 facet normal -5.835151e-16  1.000000e+00 -2.583574e-16
   outer loop
     vertex -3.205915e-01  1.900000e-01  1.842457e-02
     vertex -3.199811e-01  1.900000e-01  1.704587e-02
     vertex -3.600000e-01  1.900000e-01  0.000000e+00
   endloop
 endfacet
 facet normal -5.909324e-16  1.000000e+00 -2.424926e-16
   outer loop
     vertex -3.211639e-01  1.900000e-01  1.981949e-02
     vertex -3.205915e-01  1.900000e-01  1.842457e-02
     vertex -3.600000e-01  1.900000e-01  0.000000e+00
   endloop
 endfacet
 facet normal -5.989399e-16  1.000000e+00 -2.268021e-16
   outer loop
     vertex -3.216979e-01  1.900000e-01  2.122957e-02
     vertex -3.211639e-01  1.900000e-01  1.981949e-02
     vertex -3.600000e-01  1.900000e-01  0.000000e+00
   endloop
 endfacet
 facet normal -6.075773e-16  1.000000e+00 -2.112184e-16
   outer loop
     vertex -3.221930e-01  1.900000e-01  2.265377e-02
     vertex -3.216979e-01  1.900000e-01  2.122957e-02
     vertex -3.600000e-01  1.900000e-01  0.000000e+00
   endloop
 endfacet
 facet normal -6.168912e-16  1.000000e+00 -1.956744e-16
   outer loop
     vertex -3.226489e-01  1.900000e-01  2.409099e-02
     vertex -3.221930e-01  1.900000e-01  2.265377e-02
     vertex -3.600000e-01  1.900000e-01  0.000000e+00
   endloop
 endfacet
 facet normal -6.269354e-16  1.000000e+00 -1.801018e-16
   outer loop
     vertex -3.230652e-01  1.900000e-01  2.554018e-02
     vertex -3.226489e-01  1.900000e-01  2.409099e-02
     vertex -3.600000e-01  1.900000e-01  0.000000e+00
   endloop
 endfacet
 facet normal -6.377720e-16  1.000000e+00 -1.644304e-16
   outer loop
     vertex -3.234416e-01  1.900000e-01  2.700023e-02
     vertex -3.230652e-01  1.900000e-01  2.554018e-02
     vertex -3.600000e-01  1.900000e-01  0.000000e+00
   endloop
 endfacet
 facet normal -6.494734e-16  1.000000e+00 -1.485868e-16
   outer loop
     vertex -3.237779e-01  1.900000e-01  2.847005e-02
     vertex -3.234416e-01  1.900000e-01  2.700023e-02
     vertex -3.600000e-01  1.900000e-01  0.000000e+00
   endloop
 endfacet
 facet normal -6.621231e-16  1.000000e+00 -1.324927e-16
   outer loop
     vertex -3.240737e-01  1.900000e-01  2.994854e-02
     vertex -3.237779e-01  1.900000e-01  2.847005e-02
     vertex -3.600000e-01  1.900000e-01  0.000000e+00
   endloop
 endfacet
 facet normal -6.758184e-16  1.000000e+00 -1.160638e-16
   outer loop
     vertex -3.243289e-01  1.900000e-01  3.143458e-02
     vertex -3.240737e-01  1.900000e-01  2.994854e-02
     vertex -3.600000e-01  1.900000e-01  0.000000e+00
   endloop
 endfacet
 facet normal -6.906725e-16  1.000000e+00 -9.920782e-17
   outer loop
     vertex -3.245433e-01  1.900000e-01  3.292706e-02
     vertex -3.243289e-01  1.900000e-01  3.143458e-02
     vertex -3.600000e-01  1.900000e-01  0.000000e+00
   endloop
 endfacet
 facet normal -7.068178e-16  1.000000e+00 -8.182211e-17
   outer loop
     vertex -3.247167e-01  1.900000e-01  3.442486e-02
     vertex -3.245433e-01  1.900000e-01  3.292706e-02
     vertex -3.600000e-01  1.900000e-01  0.000000e+00
   endloop
 endfacet
 facet normal -7.244100e-16  1.000000e+00 -6.379117e-17
   outer loop
     vertex -3.248490e-01  1.900000e-01  3.592684e-02
     vertex -3.247167e-01  1.900000e-01  3.442486e-02
     vertex -3.600000e-01  1.900000e-01  0.000000e+00
   endloop
 endfacet
 facet normal -7.436331e-16  1.000000e+00 -4.498324e-17
   outer loop
     vertex -3.249400e-01  1.900000e-01  3.743189e-02
     vertex -3.248490e-01  1.900000e-01  3.592684e-02
     vertex -3.600000e-01  1.900000e-01  0.000000e+00
   endloop
 endfacet
 facet normal -7.647055e-16  1.000000e+00 -2.524613e-17
   outer loop
     vertex -3.249898e-01  1.900000e-01  3.893887e-02
     vertex -3.249400e-01  1.900000e-01  3.743189e-02
     vertex -3.600000e-01  1.900000e-01  0.000000e+00
   endloop
 endfacet
 facet normal -7.878888e-16  1.000000e+00 -4.401854e-18
   outer loop
     vertex -3.249982e-01  1.900000e-01  4.044664e-02
     vertex -3.249898e-01  1.900000e-01  3.893887e-02
     vertex -3.600000e-01  1.900000e-01  0.000000e+00
   endloop
 endfacet
 facet normal -8.134984e-16  1.000000e+00  1.776029e-17
   outer loop
     vertex -3.249653e-01  1.900000e-01  4.195408e-02
     vertex -3.249982e-01  1.900000e-01  4.044664e-02
     vertex -3.600000e-01  1.900000e-01  0.000000e+00
   endloop
 endfacet
 facet normal -8.419182e-16  1.000000e+00  4.149286e-17
   outer loop
     vertex -3.248911e-01  1.900000e-01  4.346005e-02
     vertex -3.249653e-01  1.900000e-01  4.195408e-02
     vertex -3.600000e-01  1.900000e-01  0.000000e+00
   endloop
 endfacet
 facet normal -8.736194e-16  1.000000e+00  6.710249e-17
   outer loop
     vertex -3.247756e-01  1.900000e-01  4.496342e-02
     vertex -3.248911e-01  1.900000e-01  4.346005e-02
     vertex -3.600000e-01  1.900000e-01  0.000000e+00
   endloop
 endfacet
 facet normal -9.091872e-16  1.000000e+00  9.496642e-17
   outer loop
     vertex -3.246189e-01  1.900000e-01  4.646306e-02
     vertex -3.247756e-01  1.900000e-01  4.496342e-02
     vertex -3.600000e-01  1.900000e-01  0.000000e+00
   endloop
 endfacet
 facet normal -9.493572e-16  1.000000e+00  1.255554e-16
   outer loop
     vertex -3.244213e-01  1.900000e-01  4.795784e-02
     vertex -3.246189e-01  1.900000e-01  4.646306e-02
     vertex -3.600000e-01  1.900000e-01  0.000000e+00
   endloop
 endfacet
 facet normal -9.950663e-16  1.000000e+00  1.594658e-16
   outer loop
     vertex -3.241827e-01  1.900000e-01  4.944664e-02
     vertex -3.244213e-01  1.900000e-01  4.795784e-02
     vertex -3.600000e-01  1.900000e-01  0.000000e+00
   endloop
 endfacet
 facet normal -1.047527e-15  1.000000e+00  1.974662e-16
   outer loop
     vertex -3.239034e-01  1.900000e-01  5.092834e-02
     vertex -3.241827e-01  1.900000e-01  4.944664e-02
     vertex -3.600000e-01  1.900000e-01  0.000000e+00
   endloop
 endfacet
 facet normal -1.108335e-15  1.000000e+00  2.405656e-16
   outer loop
     vertex -3.235835e-01  1.900000e-01  5.240183e-02
     vertex -3.239034e-01  1.900000e-01  5.092834e-02
     vertex -3.600000e-01  1.900000e-01  0.000000e+00
   endloop
 endfacet
 facet normal -1.179638e-15  1.000000e+00  2.901170e-16
   outer loop
     vertex -3.232234e-01  1.900000e-01  5.386600e-02
     vertex -3.235835e-01  1.900000e-01  5.240183e-02
     vertex -3.600000e-01  1.900000e-01  0.000000e+00
   endloop
 endfacet
 facet normal -1.264388e-15  1.000000e+00  3.479793e-16
   outer loop
     vertex -3.228233e-01  1.900000e-01  5.531974e-02
     vertex -3.232234e-01  1.900000e-01  5.386600e-02
     vertex -3.600000e-01  1.900000e-01  0.000000e+00
   endloop
 endfacet
 facet normal -1.366765e-15  1.000000e+00  4.167805e-16
   outer loop
     vertex -3.223835e-01  1.900000e-01  5.676198e-02
     vertex -3.228233e-01  1.900000e-01  5.531974e-02
     vertex -3.600000e-01  1.900000e-01  0.000000e+00
   endloop
 endfacet
 facet normal -3.241538e-16  1.000000e+00  1.086448e-16
   outer loop
     vertex -3.600000e-01  1.900000e-01  2.000000e-01
     vertex -3.219044e-01  1.900000e-01  5.819161e-02
     vertex -3.223835e-01  1.900000e-01  5.676198e-02
   endloop
 endfacet
 facet normal -3.084282e-16  1.000000e+00  1.128693e-16
   outer loop
     vertex -3.600000e-01  1.900000e-01  2.000000e-01
     vertex -3.213862e-01  1.900000e-01  5.960757e-02
     vertex -3.219044e-01  1.900000e-01  5.819161e-02
   endloop
 endfacet
 facet normal -2.940207e-16  1.000000e+00  1.168320e-16
   outer loop
     vertex -3.600000e-01  1.900000e-01  2.000000e-01
     vertex -3.208294e-01  1.900000e-01  6.100880e-02
     vertex -3.213862e-01  1.900000e-01  5.960757e-02
   endloop
 endfacet
 facet normal -2.807508e-16  1.000000e+00  1.205717e-16
   outer loop
     vertex -3.600000e-01  1.900000e-01  2.000000e-01
     vertex -3.202344e-01  1.900000e-01  6.239424e-02
     vertex -3.208294e-01  1.900000e-01  6.100880e-02
   endloop
 endfacet
 facet normal -2.684690e-16  1.000000e+00  1.241209e-16
   outer loop
     vertex -3.600000e-01  1.900000e-01  2.000000e-01
     vertex -3.196017e-01  1.900000e-01  6.376285e-02
     vertex -3.202344e-01  1.900000e-01  6.239424e-02
   endloop
 endfacet
 facet normal -2.570500e-16  1.000000e+00  1.275070e-16
   outer loop
     vertex -3.600000e-01  1.900000e-01  2.000000e-01
     vertex -3.189317e-01  1.900000e-01  6.511359e-02
     vertex -3.196017e-01  1.900000e-01  6.376285e-02
   endloop
 endfacet
 facet normal -2.463879e-16  1.000000e+00  1.307532e-16
   outer loop
     vertex -3.600000e-01  1.900000e-01  2.000000e-01
     vertex -3.182249e-01  1.900000e-01  6.644547e-02
     vertex -3.189317e-01  1.900000e-01  6.511359e-02
   endloop
 endfacet
 facet normal -2.363927e-16  1.000000e+00  1.338797e-16
   outer loop
     vertex -3.600000e-01  1.900000e-01  2.000000e-01
     vertex -3.174818e-01  1.900000e-01  6.775747e-02
     vertex -3.182249e-01  1.900000e-01  6.644547e-02
   endloop
 endfacet
 facet normal -2.269873e-16  1.000000e+00  1.369037e-16
   outer loop
     vertex -3.600000e-01  1.900000e-01  2.000000e-01
     vertex -3.167031e-01  1.900000e-01  6.904860e-02
     vertex -3.174818e-01  1.900000e-01  6.775747e-02
   endloop
 endfacet
 facet normal -2.181053e-16  1.000000e+00  1.398404e-16
   outer loop
     vertex -3.600000e-01  1.900000e-01  2.000000e-01
     vertex -3.158893e-01  1.900000e-01  7.031791e-02
     vertex -3.167031e-01  1.900000e-01  6.904860e-02
   endloop
 endfacet
 facet normal -2.096888e-16  1.000000e+00  1.427032e-16
   outer loop
     vertex -3.600000e-01  1.900000e-01  2.000000e-01
     vertex -3.150409e-01  1.900000e-01  7.156443e-02
     vertex -3.158893e-01  1.900000e-01  7.031791e-02
   endloop
 endfacet
 facet normal -2.016875e-16  1.000000e+00  1.455041e-16
   outer loop
     vertex -3.600000e-01  1.900000e-01  2.000000e-01
     vertex -3.141588e-01  1.900000e-01  7.278723e-02
     vertex -3.150409e-01  1.900000e-01  7.156443e-02
   endloop
 endfacet
 facet normal -1.940571e-16  1.000000e+00  1.482537e-16
   outer loop
     vertex -3.600000e-01  1.900000e-01  2.000000e-01
     vertex -3.132434e-01  1.900000e-01  7.398538e-02
     vertex -3.141588e-01  1.900000e-01  7.278723e-02
   endloop
 endfacet
 facet normal -1.867585e-16  1.000000e+00  1.509617e-16
   outer loop
     vertex -3.600000e-01  1.900000e-01  2.000000e-01
     vertex -3.122956e-01  1.900000e-01  7.515800e-02
     vertex -3.132434e-01  1.900000e-01  7.398538e-02
   endloop
 endfacet
 facet normal -1.797570e-16  1.000000e+00  1.536371e-16
   outer loop
     vertex -3.600000e-01  1.900000e-01  2.000000e-01
     vertex -3.113159e-01  1.900000e-01  7.630419e-02
     vertex -3.122956e-01  1.900000e-01  7.515800e-02
   endloop
 endfacet
 facet normal -1.730216e-16  1.000000e+00  1.562881e-16
   outer loop
     vertex -3.600000e-01  1.900000e-01  2.000000e-01
     vertex -3.103052e-01  1.900000e-01  7.742310e-02
     vertex -3.113159e-01  1.900000e-01  7.630419e-02
   endloop
 endfacet
 facet normal -7.378574e-16  1.000000e+00  0.000000e+00
   outer loop
     vertex -3.600000e-01  1.900000e-01  2.000000e-01
     vertex -3.223835e-01  1.900000e-01  5.676198e-02
     vertex -3.600000e-01  1.900000e-01  0.000000e+00
   endloop
 endfacet
 facet normal -1.665243e-16  1.000000e+00  1.589222e-16
   outer loop
     vertex -3.600000e-01  1.900000e-01  2.000000e-01
     vertex -3.092642e-01  1.900000e-01  7.851388e-02
     vertex -3.103052e-01  1.900000e-01  7.742310e-02
   endloop
 endfacet
 facet normal -1.602401e-16  1.000000e+00  1.615467e-16
   outer loop
     vertex -3.600000e-01  1.900000e-01  2.000000e-01
     vertex -3.081938e-01  1.900000e-01  7.957571e-02
     vertex -3.092642e-01  1.900000e-01  7.851388e-02
   endloop
 endfacet
 facet normal -1.541459e-16  1.000000e+00  1.641684e-16
   outer loop
     vertex -3.600000e-01  1.900000e-01  2.000000e-01
     vertex -3.070946e-01  1.900000e-01  8.060781e-02
     vertex -3.081938e-01  1.900000e-01  7.957571e-02
   endloop
 endfacet
 facet normal -1.482208e-16  1.000000e+00  1.667939e-16
   outer loop
     vertex -3.600000e-01  1.900000e-01  2.000000e-01
     vertex -3.059675e-01  1.900000e-01  8.160938e-02
     vertex -3.070946e-01  1.900000e-01  8.060781e-02
   endloop
 endfacet
 facet normal -1.424457e-16  1.000000e+00  1.694296e-16
   outer loop
     vertex -3.600000e-01  1.900000e-01  2.000000e-01
     vertex -3.048134e-01  1.900000e-01  8.257968e-02
     vertex -3.059675e-01  1.900000e-01  8.160938e-02
   endloop
 endfacet
 facet normal -1.368027e-16  1.000000e+00  1.720818e-16
   outer loop
     vertex -3.600000e-01  1.900000e-01  2.000000e-01
     vertex -3.036331e-01  1.900000e-01  8.351798e-02
     vertex -3.048134e-01  1.900000e-01  8.257968e-02
   endloop
 endfacet
 facet normal -1.312751e-16  1.000000e+00  1.747566e-16
   outer loop
     vertex -3.600000e-01  1.900000e-01  2.000000e-01
     vertex -3.024275e-01  1.900000e-01  8.442358e-02
     vertex -3.036331e-01  1.900000e-01  8.351798e-02
   endloop
 endfacet
 facet normal -1.258474e-16  1.000000e+00  1.774604e-16
   outer loop
     vertex -3.600000e-01  1.900000e-01  2.000000e-01
     vertex -3.011976e-01  1.900000e-01  8.529579e-02
     vertex -3.024275e-01  1.900000e-01  8.442358e-02
   endloop
 endfacet
 facet normal -1.205048e-16  1.000000e+00  1.801992e-16
   outer loop
     vertex -3.600000e-01  1.900000e-01  2.000000e-01
     vertex -2.999443e-01  1.900000e-01  8.613395e-02
     vertex -3.011976e-01  1.900000e-01  8.529579e-02
   endloop
 endfacet
 facet normal -1.152332e-16  1.000000e+00  1.829796e-16
   outer loop
     vertex -3.600000e-01  1.900000e-01  2.000000e-01
     vertex -2.986684e-01  1.900000e-01  8.693745e-02
     vertex -2.999443e-01  1.900000e-01  8.613395e-02
   endloop
 endfacet
 facet normal -1.100192e-16  1.000000e+00  1.858080e-16
   outer loop
     vertex -3.600000e-01  1.900000e-01  2.000000e-01
     vertex -2.973710e-01  1.900000e-01  8.770566e-02
     vertex -2.986684e-01  1.900000e-01  8.693745e-02
   endloop
 endfacet
 facet normal -1.048496e-16  1.000000e+00  1.886912e-16
   outer loop
     vertex -3.600000e-01  1.900000e-01  2.000000e-01
     vertex -2.960530e-01  1.900000e-01  8.843803e-02
     vertex -2.973710e-01  1.900000e-01  8.770566e-02
   endloop
 endfacet
 facet normal -9.971159e-17  1.000000e+00  1.916362e-16
   outer loop
     vertex -3.600000e-01  1.900000e-01  2.000000e-01
     vertex -2.947154e-01  1.900000e-01  8.913399e-02
     vertex -2.960530e-01  1.900000e-01  8.843803e-02
   endloop
 endfacet
 facet normal -9.459259e-17  1.000000e+00  1.946506e-16
   outer loop
     vertex -3.600000e-01  1.900000e-01  2.000000e-01
     vertex -2.933593e-01  1.900000e-01  8.979302e-02
     vertex -2.947154e-01  1.900000e-01  8.913399e-02
   endloop
 endfacet
 facet normal -8.948000e-17  1.000000e+00  1.977421e-16
   outer loop
     vertex -3.600000e-01  1.900000e-01  2.000000e-01
     vertex -2.919856e-01  1.900000e-01  9.041463e-02
     vertex -2.933593e-01  1.900000e-01  8.979302e-02
   endloop
 endfacet
 facet normal -8.436116e-17  1.000000e+00  2.009191e-16
   outer loop
     vertex -3.600000e-01  1.900000e-01  2.000000e-01
     vertex -2.905953e-01  1.900000e-01  9.099835e-02
     vertex -2.919856e-01  1.900000e-01  9.041463e-02
   endloop
 endfacet
 facet normal -7.922324e-17  1.000000e+00  2.041906e-16
   outer loop
     vertex -3.600000e-01  1.900000e-01  2.000000e-01
     vertex -2.891896e-01  1.900000e-01  9.154375e-02
     vertex -2.905953e-01  1.900000e-01  9.099835e-02
   endloop
 endfacet
 facet normal -7.405309e-17  1.000000e+00  2.075662e-16
   outer loop
     vertex -3.600000e-01  1.900000e-01  2.000000e-01
     vertex -2.877695e-01  1.900000e-01  9.205040e-02
     vertex -2.891896e-01  1.900000e-01  9.154375e-02
   endloop
 endfacet
 facet normal -6.883715e-17  1.000000e+00  2.110562e-16
   outer loop
     vertex -3.600000e-01  1.900000e-01  2.000000e-01
     vertex -2.863360e-01  1.900000e-01  9.251794e-02
     vertex -2.877695e-01  1.900000e-01  9.205040e-02
   endloop
 endfacet
 facet normal -6.356122e-17  1.000000e+00  2.146721e-16
   outer loop
     vertex -3.600000e-01  1.900000e-01  2.000000e-01
     vertex -2.848903e-01  1.900000e-01  9.294601e-02
     vertex -2.863360e-01  1.900000e-01  9.251794e-02
   endloop
 endfacet
 facet normal -5.821041e-17  1.000000e+00  2.184263e-16
   outer loop
     vertex -3.600000e-01  1.900000e-01  2.000000e-01
     vertex -2.834333e-01  1.900000e-01  9.333428e-02
     vertex -2.848903e-01  1.900000e-01  9.294601e-02
   endloop
 endfacet
 facet normal -5.276888e-17  1.000000e+00  2.223323e-16
   outer loop
     vertex -3.600000e-01  1.900000e-01  2.000000e-01
     vertex -2.819663e-01  1.900000e-01  9.368247e-02
     vertex -2.834333e-01  1.900000e-01  9.333428e-02
   endloop
 endfacet
 facet normal -4.721969e-17  1.000000e+00  2.264053e-16
   outer loop
     vertex -3.600000e-01  1.900000e-01  2.000000e-01
     vertex -2.804902e-01  1.900000e-01  9.399032e-02
     vertex -2.819663e-01  1.900000e-01  9.368247e-02
   endloop
 endfacet
 facet normal -4.154457e-17  1.000000e+00  2.306617e-16
   outer loop
     vertex -3.600000e-01  1.900000e-01  2.000000e-01
     vertex -2.790063e-01  1.900000e-01  9.425759e-02
     vertex -2.804902e-01  1.900000e-01  9.399032e-02
   endloop
 endfacet
 facet normal -3.572364e-17  1.000000e+00  2.351203e-16
   outer loop
     vertex -3.600000e-01  1.900000e-01  2.000000e-01
     vertex -2.775156e-01  1.900000e-01  9.448408e-02
     vertex -2.790063e-01  1.900000e-01  9.425759e-02
   endloop
 endfacet
 facet normal -2.973513e-17  1.000000e+00  2.398017e-16
   outer loop
     vertex -3.600000e-01  1.900000e-01  2.000000e-01
     vertex -2.760193e-01  1.900000e-01  9.466963e-02
     vertex -2.775156e-01  1.900000e-01  9.448408e-02
   endloop
 endfacet
 facet normal -2.355501e-17  1.000000e+00  2.447291e-16
   outer loop
     vertex -3.600000e-01  1.900000e-01  2.000000e-01
     vertex -2.745184e-01  1.900000e-01  9.481408e-02
     vertex -2.760193e-01  1.900000e-01  9.466963e-02
   endloop
 endfacet
 facet normal -1.715660e-17  1.000000e+00  2.499289e-16
   outer loop
     vertex -3.600000e-01  1.900000e-01  2.000000e-01
     vertex -2.730142e-01  1.900000e-01  9.491734e-02
     vertex -2.745184e-01  1.900000e-01  9.481408e-02
   endloop
 endfacet
 facet normal -1.051002e-17  1.000000e+00  2.554309e-16
   outer loop
     vertex -3.600000e-01  1.900000e-01  2.000000e-01
     vertex -2.715077e-01  1.900000e-01  9.497933e-02
     vertex -2.730142e-01  1.900000e-01  9.491734e-02
   endloop
 endfacet
 facet normal -3.581614e-18  1.000000e+00  2.612689e-16
   outer loop
     vertex -3.600000e-01  1.900000e-01  2.000000e-01
     vertex -2.700000e-01  1.900000e-01  9.500000e-02
     vertex -2.715077e-01  1.900000e-01  9.497933e-02
   endloop
 endfacet
 facet normal  3.666784e-18  1.000000e+00  2.674818e-16
   outer loop
     vertex -3.600000e-01  1.900000e-01  2.000000e-01
     vertex -2.684923e-01  1.900000e-01  9.497933e-02
     vertex -2.700000e-01  1.900000e-01  9.500000e-02
   endloop
 endfacet
 facet normal  1.127877e-17  1.000000e+00  2.741143e-16
   outer loop
     vertex -3.600000e-01  1.900000e-01  2.000000e-01
     vertex -2.669858e-01  1.900000e-01  9.491734e-02
     vertex -2.684923e-01  1.900000e-01  9.497933e-02
   endloop
 endfacet
 facet normal  1.930449e-17  1.000000e+00  2.812183e-16
   outer loop
     vertex -3.600000e-01  1.900000e-01  2.000000e-01
     vertex -2.654816e-01  1.900000e-01  9.481408e-02
     vertex -2.669858e-01  1.900000e-01  9.491734e-02
   endloop
 endfacet
 facet normal  2.780201e-17  1.000000e+00  2.888541e-16
   outer loop
     vertex -3.600000e-01  1.900000e-01  2.000000e-01
     vertex -2.639807e-01  1.900000e-01  9.466963e-02
     vertex -2.654816e-01  1.900000e-01  9.481408e-02
   endloop
 endfacet
 facet normal  3.683910e-17  1.000000e+00  2.970923e-16
   outer loop
     vertex -3.600000e-01  1.900000e-01  2.000000e-01
     vertex -2.624844e-01  1.900000e-01  9.448408e-02
     vertex -2.639807e-01  1.900000e-01  9.466963e-02
   endloop
 endfacet
 facet normal  4.649544e-17  1.000000e+00  3.060165e-16
   outer loop
     vertex -3.600000e-01  1.900000e-01  2.000000e-01
     vertex -2.609937e-01  1.900000e-01  9.425759e-02
     vertex -2.624844e-01  1.900000e-01  9.448408e-02
   endloop
 endfacet
 facet normal  5.686551e-17  1.000000e+00  3.157259e-16
   outer loop
     vertex -3.600000e-01  1.900000e-01  2.000000e-01
     vertex -2.595098e-01  1.900000e-01  9.399032e-02
     vertex -2.609937e-01  1.900000e-01  9.425759e-02
   endloop
 endfacet
 facet normal  6.806230e-17  1.000000e+00  3.263398e-16
   outer loop
     vertex -3.600000e-01  1.900000e-01  2.000000e-01
     vertex -2.580337e-01  1.900000e-01  9.368247e-02
     vertex -2.595098e-01  1.900000e-01  9.399032e-02
   endloop
 endfacet
 facet normal  8.022218e-17  1.000000e+00  3.380020e-16
   outer loop
     vertex -3.600000e-01  1.900000e-01  2.000000e-01
     vertex -2.565667e-01  1.900000e-01  9.333428e-02
     vertex -2.580337e-01  1.900000e-01  9.368247e-02
   endloop
 endfacet
 facet normal  9.351147e-17  1.000000e+00  3.508885e-16
   outer loop
     vertex -3.600000e-01  1.900000e-01  2.000000e-01
     vertex -2.551097e-01  1.900000e-01  9.294601e-02
     vertex -2.565667e-01  1.900000e-01  9.333428e-02
   endloop
 endfacet
 facet normal  1.081352e-16  1.000000e+00  3.652167e-16
   outer loop
     vertex -3.600000e-01  1.900000e-01  2.000000e-01
     vertex -2.536640e-01  1.900000e-01  9.251794e-02
     vertex -2.551097e-01  1.900000e-01  9.294601e-02
   endloop
 endfacet
 facet normal  1.243494e-16  1.000000e+00  3.812580e-16
   outer loop
     vertex -3.600000e-01  1.900000e-01  2.000000e-01
     vertex -2.522305e-01  1.900000e-01  9.205040e-02
     vertex -2.536640e-01  1.900000e-01  9.251794e-02
   endloop
 endfacet
 facet normal  1.424777e-16  1.000000e+00  3.993561e-16
   outer loop
     vertex -2.508104e-01  1.900000e-01  9.154375e-02
     vertex -2.522305e-01  1.900000e-01  9.205040e-02
     vertex -3.600000e-01  1.900000e-01  2.000000e-01
   endloop
 endfacet
 facet normal  1.629361e-16  1.000000e+00  4.199528e-16
   outer loop
     vertex -2.494047e-01  1.900000e-01  9.099835e-02
     vertex -2.508104e-01  1.900000e-01  9.154375e-02
     vertex -3.600000e-01  1.900000e-01  2.000000e-01
   endloop
 endfacet
 facet normal  1.862679e-16  1.000000e+00  4.436257e-16
   outer loop
     vertex -2.480144e-01  1.900000e-01  9.041463e-02
     vertex -2.494047e-01  1.900000e-01  9.099835e-02
     vertex -3.600000e-01  1.900000e-01  2.000000e-01
   endloop
 endfacet
 facet normal  2.131970e-16  1.000000e+00  4.711446e-16
   outer loop
     vertex -2.466407e-01  1.900000e-01  8.979302e-02
     vertex -2.480144e-01  1.900000e-01  9.041463e-02
     vertex -3.600000e-01  1.900000e-01  2.000000e-01
   endloop
 endfacet
 facet normal  2.447101e-16  1.000000e+00  5.035591e-16
   outer loop
     vertex -2.452846e-01  1.900000e-01  8.913399e-02
     vertex -2.466407e-01  1.900000e-01  8.979302e-02
     vertex -3.600000e-01  1.900000e-01  2.000000e-01
   endloop
 endfacet
 facet normal  2.821877e-16  1.000000e+00  5.423380e-16
   outer loop
     vertex -2.439470e-01  1.900000e-01  8.843803e-02
     vertex -2.452846e-01  1.900000e-01  8.913399e-02
     vertex -3.600000e-01  1.900000e-01  2.000000e-01
   endloop
 endfacet
 facet normal  3.276229e-16  1.000000e+00  5.896022e-16
   outer loop
     vertex -2.426290e-01  1.900000e-01  8.770566e-02
     vertex -2.439470e-01  1.900000e-01  8.843803e-02
     vertex -3.600000e-01  1.900000e-01  2.000000e-01
   endloop
 endfacet
 facet normal  3.840037e-16  1.000000e+00  6.485319e-16
   outer loop
     vertex -2.413316e-01  1.900000e-01  8.693745e-02
     vertex -2.426290e-01  1.900000e-01  8.770566e-02
     vertex -3.600000e-01  1.900000e-01  2.000000e-01
   endloop
 endfacet
 facet normal  4.560231e-16  1.000000e+00  7.241222e-16
   outer loop
     vertex -2.400557e-01  1.900000e-01  8.613395e-02
     vertex -2.413316e-01  1.900000e-01  8.693745e-02
     vertex -3.600000e-01  1.900000e-01  2.000000e-01
   endloop
 endfacet
 facet normal  0.000000e+00  1.000000e+00  0.000000e+00
   outer loop
     vertex  2.301154e-01  1.900000e-01  2.128890e-03
     vertex  2.311685e-01  1.900000e-01  1.049809e-03
     vertex -2.311685e-01  1.900000e-01  1.049809e-03
   endloop
 endfacet
 facet normal  0.000000e+00  1.000000e+00  0.000000e+00
   outer loop
     vertex  2.301154e-01  1.900000e-01  2.128890e-03
     vertex -2.311685e-01  1.900000e-01  1.049809e-03
     vertex -2.301154e-01  1.900000e-01  2.128890e-03
   endloop
 endfacet
 facet normal  2.380800e-30  1.000000e+00 -2.643870e-14
   outer loop
     vertex  2.322508e-01  1.900000e-01  0.000000e+00
     vertex -2.311685e-01  1.900000e-01  1.049809e-03
     vertex  2.311685e-01  1.900000e-01  1.049809e-03
   endloop
 endfacet
 facet normal  0.000000e+00  1.000000e+00 -2.643870e-14
   outer loop
     vertex  2.322508e-01  1.900000e-01  0.000000e+00
     vertex -2.322508e-01  1.900000e-01  0.000000e+00
     vertex -2.311685e-01  1.900000e-01  1.049809e-03
   endloop
 endfacet
 facet normal  0.000000e+00  1.000000e+00  0.000000e+00
   outer loop
     vertex  2.290923e-01  1.900000e-01  3.236434e-03
     vertex  2.301154e-01  1.900000e-01  2.128890e-03
     vertex -2.301154e-01  1.900000e-01  2.128890e-03
   endloop
 endfacet
 facet normal  0.000000e+00  1.000000e+00  0.000000e+00
   outer loop
     vertex  2.290923e-01  1.900000e-01  3.236434e-03
     vertex -2.301154e-01  1.900000e-01  2.128890e-03
     vertex -2.290923e-01  1.900000e-01  3.236434e-03
   endloop
 endfacet
 facet normal  0.000000e+00  1.000000e+00  0.000000e+00
   outer loop
     vertex  2.280999e-01  1.900000e-01  4.371608e-03
     vertex  2.290923e-01  1.900000e-01  3.236434e-03
     vertex -2.290923e-01  1.900000e-01  3.236434e-03
   endloop
 endfacet
 facet normal  0.000000e+00  1.000000e+00  0.000000e+00
   outer loop
     vertex  2.280999e-01  1.900000e-01  4.371608e-03
     vertex -2.290923e-01  1.900000e-01  3.236434e-03
     vertex -2.280999e-01  1.900000e-01  4.371608e-03
   endloop
 endfacet
 facet normal  0.000000e+00  1.000000e+00  0.000000e+00
   outer loop
     vertex  2.271390e-01  1.900000e-01  5.533559e-03
     vertex  2.280999e-01  1.900000e-01  4.371608e-03
     vertex -2.280999e-01  1.900000e-01  4.371608e-03
   endloop
 endfacet
 facet normal  0.000000e+00  1.000000e+00  0.000000e+00
   outer loop
     vertex  2.271390e-01  1.900000e-01  5.533559e-03
     vertex -2.280999e-01  1.900000e-01  4.371608e-03
     vertex -2.271390e-01  1.900000e-01  5.533559e-03
   endloop
 endfacet
 facet normal  0.000000e+00  1.000000e+00  0.000000e+00
   outer loop
     vertex  2.262103e-01  1.900000e-01  6.721413e-03
     vertex  2.271390e-01  1.900000e-01  5.533559e-03
     vertex -2.271390e-01  1.900000e-01  5.533559e-03
   endloop
 endfacet
 facet normal  0.000000e+00  1.000000e+00  0.000000e+00
   outer loop
     vertex  2.262103e-01  1.900000e-01  6.721413e-03
     vertex -2.271390e-01  1.900000e-01  5.533559e-03
     vertex -2.262103e-01  1.900000e-01  6.721413e-03
   endloop
 endfacet
 facet normal  0.000000e+00  1.000000e+00  0.000000e+00
   outer loop
     vertex  2.253146e-01  1.900000e-01  7.934277e-03
     vertex  2.262103e-01  1.900000e-01  6.721413e-03
     vertex -2.262103e-01  1.900000e-01  6.721413e-03
   endloop
 endfacet
 facet normal  0.000000e+00  1.000000e+00  0.000000e+00
   outer loop
     vertex  2.253146e-01  1.900000e-01  7.934277e-03
     vertex -2.262103e-01  1.900000e-01  6.721413e-03
     vertex -2.253146e-01  1.900000e-01  7.934277e-03
   endloop
 endfacet
 facet normal  0.000000e+00  1.000000e+00  0.000000e+00
   outer loop
     vertex  2.244524e-01  1.900000e-01  9.171241e-03
     vertex  2.253146e-01  1.900000e-01  7.934277e-03
     vertex -2.253146e-01  1.900000e-01  7.934277e-03
   endloop
 endfacet
 facet normal  0.000000e+00  1.000000e+00  0.000000e+00
   outer loop
     vertex  2.244524e-01  1.900000e-01  9.171241e-03
     vertex -2.253146e-01  1.900000e-01  7.934277e-03
     vertex -2.244524e-01  1.900000e-01  9.171241e-03
   endloop
 endfacet
 facet normal  0.000000e+00  1.000000e+00  0.000000e+00
   outer loop
     vertex  2.236244e-01  1.900000e-01  1.043137e-02
     vertex  2.244524e-01  1.900000e-01  9.171241e-03
     vertex -2.244524e-01  1.900000e-01  9.171241e-03
   endloop
 endfacet
 facet normal  0.000000e+00  1.000000e+00  0.000000e+00
   outer loop
     vertex  2.236244e-01  1.900000e-01  1.043137e-02
     vertex -2.244524e-01  1.900000e-01  9.171241e-03
     vertex -2.236244e-01  1.900000e-01  1.043137e-02
   endloop
 endfacet
 facet normal  0.000000e+00  1.000000e+00  0.000000e+00
   outer loop
     vertex  2.228313e-01  1.900000e-01  1.171373e-02
     vertex  2.236244e-01  1.900000e-01  1.043137e-02
     vertex -2.236244e-01  1.900000e-01  1.043137e-02
   endloop
 endfacet
 facet normal  0.000000e+00  1.000000e+00  0.000000e+00
   outer loop
     vertex  2.228313e-01  1.900000e-01  1.171373e-02
     vertex -2.236244e-01  1.900000e-01  1.043137e-02
     vertex -2.228313e-01  1.900000e-01  1.171373e-02
   endloop
 endfacet
 facet normal  0.000000e+00  1.000000e+00  0.000000e+00
   outer loop
     vertex  2.220736e-01  1.900000e-01  1.301734e-02
     vertex  2.228313e-01  1.900000e-01  1.171373e-02
     vertex -2.228313e-01  1.900000e-01  1.171373e-02
   endloop
 endfacet
 facet normal  0.000000e+00  1.000000e+00  0.000000e+00
   outer loop
     vertex  2.220736e-01  1.900000e-01  1.301734e-02
     vertex -2.228313e-01  1.900000e-01  1.171373e-02
     vertex -2.220736e-01  1.900000e-01  1.301734e-02
   endloop
 endfacet
 facet normal  0.000000e+00  1.000000e+00  0.000000e+00
   outer loop
     vertex  2.213520e-01  1.900000e-01  1.434124e-02
     vertex  2.220736e-01  1.900000e-01  1.301734e-02
     vertex -2.220736e-01  1.900000e-01  1.301734e-02
   endloop
 endfacet
 facet normal  0.000000e+00  1.000000e+00  0.000000e+00
   outer loop
     vertex  2.213520e-01  1.900000e-01  1.434124e-02
     vertex -2.220736e-01  1.900000e-01  1.301734e-02
     vertex -2.213520e-01  1.900000e-01  1.434124e-02
   endloop
 endfacet
 facet normal  0.000000e+00  1.000000e+00  0.000000e+00
   outer loop
     vertex  2.206669e-01  1.900000e-01  1.568442e-02
     vertex  2.213520e-01  1.900000e-01  1.434124e-02
     vertex -2.213520e-01  1.900000e-01  1.434124e-02
   endloop
 endfacet
 facet normal  0.000000e+00  1.000000e+00  0.000000e+00
   outer loop
     vertex  2.206669e-01  1.900000e-01  1.568442e-02
     vertex -2.213520e-01  1.900000e-01  1.434124e-02
     vertex -2.206669e-01  1.900000e-01  1.568442e-02
   endloop
 endfacet
 facet normal  0.000000e+00  1.000000e+00  0.000000e+00
   outer loop
     vertex  2.200189e-01  1.900000e-01  1.704587e-02
     vertex  2.206669e-01  1.900000e-01  1.568442e-02
     vertex -2.206669e-01  1.900000e-01  1.568442e-02
   endloop
 endfacet
 facet normal  0.000000e+00  1.000000e+00  0.000000e+00
   outer loop
     vertex  2.200189e-01  1.900000e-01  1.704587e-02
     vertex -2.206669e-01  1.900000e-01  1.568442e-02
     vertex -2.200189e-01  1.900000e-01  1.704587e-02
   endloop
 endfacet
 facet normal  0.000000e+00  1.000000e+00  0.000000e+00
   outer loop
     vertex  2.194085e-01  1.900000e-01  1.842457e-02
     vertex  2.200189e-01  1.900000e-01  1.704587e-02
     vertex -2.200189e-01  1.900000e-01  1.704587e-02
   endloop
 endfacet
 facet normal  0.000000e+00  1.000000e+00  0.000000e+00
   outer loop
     vertex  2.194085e-01  1.900000e-01  1.842457e-02
     vertex -2.200189e-01  1.900000e-01  1.704587e-02
     vertex -2.194085e-01  1.900000e-01  1.842457e-02
   endloop
 endfacet
 facet normal  0.000000e+00  1.000000e+00  0.000000e+00
   outer loop
     vertex  2.188361e-01  1.900000e-01  1.981949e-02
     vertex  2.194085e-01  1.900000e-01  1.842457e-02
     vertex -2.194085e-01  1.900000e-01  1.842457e-02
   endloop
 endfacet
 facet normal  0.000000e+00  1.000000e+00  0.000000e+00
   outer loop
     vertex  2.188361e-01  1.900000e-01  1.981949e-02
     vertex -2.194085e-01  1.900000e-01  1.842457e-02
     vertex -2.188361e-01  1.900000e-01  1.981949e-02
   endloop
 endfacet
 facet normal  0.000000e+00  1.000000e+00  0.000000e+00
   outer loop
     vertex  2.183021e-01  1.900000e-01  2.122957e-02
     vertex  2.188361e-01  1.900000e-01  1.981949e-02
     vertex -2.188361e-01  1.900000e-01  1.981949e-02
   endloop
 endfacet
 facet normal  0.000000e+00  1.000000e+00  0.000000e+00
   outer loop
     vertex  2.183021e-01  1.900000e-01  2.122957e-02
     vertex -2.188361e-01  1.900000e-01  1.981949e-02
     vertex -2.183021e-01  1.900000e-01  2.122957e-02
   endloop
 endfacet
 facet normal  0.000000e+00  1.000000e+00  0.000000e+00
   outer loop
     vertex  2.178070e-01  1.900000e-01  2.265377e-02
     vertex  2.183021e-01  1.900000e-01  2.122957e-02
     vertex -2.183021e-01  1.900000e-01  2.122957e-02
   endloop
 endfacet
 facet normal  0.000000e+00  1.000000e+00  0.000000e+00
   outer loop
     vertex  2.178070e-01  1.900000e-01  2.265377e-02
     vertex -2.183021e-01  1.900000e-01  2.122957e-02
     vertex -2.178070e-01  1.900000e-01  2.265377e-02
   endloop
 endfacet
 facet normal  0.000000e+00  1.000000e+00  0.000000e+00
   outer loop
     vertex  2.173511e-01  1.900000e-01  2.409099e-02
     vertex  2.178070e-01  1.900000e-01  2.265377e-02
     vertex -2.178070e-01  1.900000e-01  2.265377e-02
   endloop
 endfacet
 facet normal  0.000000e+00  1.000000e+00  0.000000e+00
   outer loop
     vertex  2.173511e-01  1.900000e-01  2.409099e-02
     vertex -2.178070e-01  1.900000e-01  2.265377e-02
     vertex -2.173511e-01  1.900000e-01  2.409099e-02
   endloop
 endfacet
 facet normal  0.000000e+00  1.000000e+00  0.000000e+00
   outer loop
     vertex  2.169348e-01  1.900000e-01  2.554018e-02
     vertex  2.173511e-01  1.900000e-01  2.409099e-02
     vertex -2.173511e-01  1.900000e-01  2.409099e-02
   endloop
 endfacet
 facet normal  0.000000e+00  1.000000e+00  0.000000e+00
   outer loop
     vertex  2.169348e-01  1.900000e-01  2.554018e-02
     vertex -2.173511e-01  1.900000e-01  2.409099e-02
     vertex -2.169348e-01  1.900000e-01  2.554018e-02
   endloop
 endfacet
 facet normal  0.000000e+00  1.000000e+00  0.000000e+00
   outer loop
     vertex  2.165584e-01  1.900000e-01  2.700023e-02
     vertex  2.169348e-01  1.900000e-01  2.554018e-02
     vertex -2.169348e-01  1.900000e-01  2.554018e-02
   endloop
 endfacet
 facet normal  0.000000e+00  1.000000e+00  0.000000e+00
   outer loop
     vertex  2.165584e-01  1.900000e-01  2.700023e-02
     vertex -2.169348e-01  1.900000e-01  2.554018e-02
     vertex -2.165584e-01  1.900000e-01  2.700023e-02
   endloop
 endfacet
 facet normal  0.000000e+00  1.000000e+00  0.000000e+00
   outer loop
     vertex  2.162221e-01  1.900000e-01  2.847005e-02
     vertex  2.165584e-01  1.900000e-01  2.700023e-02
     vertex -2.165584e-01  1.900000e-01  2.700023e-02
   endloop
 endfacet
 facet normal  0.000000e+00  1.000000e+00  0.000000e+00
   outer loop
     vertex  2.162221e-01  1.900000e-01  2.847005e-02
     vertex -2.165584e-01  1.900000e-01  2.700023e-02
     vertex -2.162221e-01  1.900000e-01  2.847005e-02
   endloop
 endfacet
 facet normal  0.000000e+00  1.000000e+00  0.000000e+00
   outer loop
     vertex  2.159263e-01  1.900000e-01  2.994854e-02
     vertex  2.162221e-01  1.900000e-01  2.847005e-02
     vertex -2.162221e-01  1.900000e-01  2.847005e-02
   endloop
 endfacet
 facet normal  0.000000e+00  1.000000e+00  0.000000e+00
   outer loop
     vertex  2.159263e-01  1.900000e-01  2.994854e-02
     vertex -2.162221e-01  1.900000e-01  2.847005e-02
     vertex -2.159263e-01  1.900000e-01  2.994854e-02
   endloop
 endfacet
 facet normal  0.000000e+00  1.000000e+00  0.000000e+00
   outer loop
     vertex  2.156711e-01  1.900000e-01  3.143458e-02
     vertex -2.159263e-01  1.900000e-01  2.994854e-02
     vertex -2.156711e-01  1.900000e-01  3.143458e-02
   endloop
 endfacet
 facet normal  0.000000e+00  1.000000e+00  0.000000e+00
   outer loop
     vertex  2.156711e-01  1.900000e-01  3.143458e-02
     vertex  2.159263e-01  1.900000e-01  2.994854e-02
     vertex -2.159263e-01  1.900000e-01  2.994854e-02
   endloop
 endfacet
 facet normal  0.000000e+00  1.000000e+00  0.000000e+00
   outer loop
     vertex  2.154567e-01  1.900000e-01  3.292706e-02
     vertex -2.156711e-01  1.900000e-01  3.143458e-02
     vertex -2.154567e-01  1.900000e-01  3.292706e-02
   endloop
 endfacet
 facet normal  0.000000e+00  1.000000e+00  0.000000e+00
   outer loop
     vertex  2.154567e-01  1.900000e-01  3.292706e-02
     vertex  2.156711e-01  1.900000e-01  3.143458e-02
     vertex -2.156711e-01  1.900000e-01  3.143458e-02
   endloop
 endfacet
 facet normal  0.000000e+00  1.000000e+00  0.000000e+00
   outer loop
     vertex  2.152833e-01  1.900000e-01  3.442486e-02
     vertex  2.154567e-01  1.900000e-01  3.292706e-02
     vertex -2.154567e-01  1.900000e-01  3.292706e-02
   endloop
 endfacet
 facet normal  0.000000e+00  1.000000e+00  0.000000e+00
   outer loop
     vertex  2.152833e-01  1.900000e-01  3.442486e-02
     vertex -2.154567e-01  1.900000e-01  3.292706e-02
     vertex -2.152833e-01  1.900000e-01  3.442486e-02
   endloop
 endfacet
 facet normal  0.000000e+00  1.000000e+00  0.000000e+00
   outer loop
     vertex  2.151510e-01  1.900000e-01  3.592684e-02
     vertex  2.152833e-01  1.900000e-01  3.442486e-02
     vertex -2.152833e-01  1.900000e-01  3.442486e-02
   endloop
 endfacet
 facet normal  0.000000e+00  1.000000e+00  0.000000e+00
   outer loop
     vertex  2.151510e-01  1.900000e-01  3.592684e-02
     vertex -2.152833e-01  1.900000e-01  3.442486e-02
     vertex -2.151510e-01  1.900000e-01  3.592684e-02
   endloop
 endfacet
 facet normal  0.000000e+00  1.000000e+00  0.000000e+00
   outer loop
     vertex  2.150600e-01  1.900000e-01  3.743189e-02
     vertex -2.151510e-01  1.900000e-01  3.592684e-02
     vertex -2.150600e-01  1.900000e-01  3.743189e-02
   endloop
 endfacet
 facet normal  0.000000e+00  1.000000e+00  0.000000e+00
   outer loop
     vertex  2.150600e-01  1.900000e-01  3.743189e-02
     vertex  2.151510e-01  1.900000e-01  3.592684e-02
     vertex -2.151510e-01  1.900000e-01  3.592684e-02
   endloop
 endfacet
 facet normal  0.000000e+00  1.000000e+00  0.000000e+00
   outer loop
     vertex  2.150102e-01  1.900000e-01  3.893887e-02
     vertex  2.150600e-01  1.900000e-01  3.743189e-02
     vertex -2.150600e-01  1.900000e-01  3.743189e-02
   endloop
 endfacet
 facet normal  0.000000e+00  1.000000e+00  0.000000e+00
   outer loop
     vertex  2.150102e-01  1.900000e-01  3.893887e-02
     vertex -2.150600e-01  1.900000e-01  3.743189e-02
     vertex -2.150102e-01  1.900000e-01  3.893887e-02
   endloop
 endfacet
 facet normal  0.000000e+00  1.000000e+00  0.000000e+00
   outer loop
     vertex  2.150018e-01  1.900000e-01  4.044664e-02
     vertex  2.150102e-01  1.900000e-01  3.893887e-02
     vertex -2.150102e-01  1.900000e-01  3.893887e-02
   endloop
 endfacet
 facet normal  0.000000e+00  1.000000e+00  0.000000e+00
   outer loop
     vertex  2.150018e-01  1.900000e-01  4.044664e-02
     vertex -2.150102e-01  1.900000e-01  3.893887e-02
     vertex -2.150018e-01  1.900000e-01  4.044664e-02
   endloop
 endfacet
 facet normal  0.000000e+00  1.000000e+00  0.000000e+00
   outer loop
     vertex  2.150347e-01  1.900000e-01  4.195408e-02
     vertex -2.150018e-01  1.900000e-01  4.044664e-02
     vertex -2.150347e-01  1.900000e-01  4.195408e-02
   endloop
 endfacet
 facet normal  0.000000e+00  1.000000e+00  0.000000e+00
   outer loop
     vertex  2.150347e-01  1.900000e-01  4.195408e-02
     vertex  2.150018e-01  1.900000e-01  4.044664e-02
     vertex -2.150018e-01  1.900000e-01  4.044664e-02
   endloop
 endfacet
 facet normal  0.000000e+00  1.000000e+00  0.000000e+00
   outer loop
     vertex  2.151089e-01  1.900000e-01  4.346005e-02
     vertex  2.150347e-01  1.900000e-01  4.195408e-02
     vertex -2.150347e-01  1.900000e-01  4.195408e-02
   endloop
 endfacet
 facet normal  0.000000e+00  1.000000e+00  0.000000e+00
   outer loop
     vertex  2.151089e-01  1.900000e-01  4.346005e-02
     vertex -2.150347e-01  1.900000e-01  4.195408e-02
     vertex -2.151089e-01  1.900000e-01  4.346005e-02
   endloop
 endfacet
 facet normal  0.000000e+00  1.000000e+00  0.000000e+00
   outer loop
     vertex  2.152244e-01  1.900000e-01  4.496342e-02
     vertex -2.151089e-01  1.900000e-01  4.346005e-02
     vertex -2.152244e-01  1.900000e-01  4.496342e-02
   endloop
 endfacet
 facet normal  0.000000e+00  1.000000e+00  0.000000e+00
   outer loop
     vertex  2.152244e-01  1.900000e-01  4.496342e-02
     vertex  2.151089e-01  1.900000e-01  4.346005e-02
     vertex -2.151089e-01  1.900000e-01  4.346005e-02
   endloop
 endfacet
 facet normal  0.000000e+00  1.000000e+00  0.000000e+00
   outer loop
     vertex  2.153811e-01  1.900000e-01  4.646306e-02
     vertex -2.152244e-01  1.900000e-01  4.496342e-02
     vertex -2.153811e-01  1.900000e-01  4.646306e-02
   endloop
 endfacet
 facet normal  0.000000e+00  1.000000e+00  0.000000e+00
   outer loop
     vertex  2.153811e-01  1.900000e-01  4.646306e-02
     vertex  2.152244e-01  1.900000e-01  4.496342e-02
     vertex -2.152244e-01  1.900000e-01  4.496342e-02
   endloop
 endfacet
 facet normal  0.000000e+00  1.000000e+00  0.000000e+00
   outer loop
     vertex  2.155787e-01  1.900000e-01  4.795784e-02
     vertex -2.153811e-01  1.900000e-01  4.646306e-02
     vertex -2.155787e-01  1.900000e-01  4.795784e-02
   endloop
 endfacet
 facet normal  0.000000e+00  1.000000e+00  0.000000e+00
   outer loop
     vertex  2.155787e-01  1.900000e-01  4.795784e-02
     vertex  2.153811e-01  1.900000e-01  4.646306e-02
     vertex -2.153811e-01  1.900000e-01  4.646306e-02
   endloop
 endfacet
 facet normal  0.000000e+00  1.000000e+00  0.000000e+00
   outer loop
     vertex  2.158173e-01  1.900000e-01  4.944664e-02
     vertex -2.155787e-01  1.900000e-01  4.795784e-02
     vertex -2.158173e-01  1.900000e-01  4.944664e-02
   endloop
 endfacet
 facet normal  0.000000e+00  1.000000e+00  0.000000e+00
   outer loop
     vertex  2.158173e-01  1.900000e-01  4.944664e-02
     vertex  2.155787e-01  1.900000e-01  4.795784e-02
     vertex -2.155787e-01  1.900000e-01  4.795784e-02
   endloop
 endfacet
 facet normal  0.000000e+00  1.000000e+00  0.000000e+00
   outer loop
     vertex  2.160966e-01  1.900000e-01  5.092834e-02
     vertex  2.158173e-01  1.900000e-01  4.944664e-02
     vertex -2.158173e-01  1.900000e-01  4.944664e-02
   endloop
 endfacet
 facet normal  0.000000e+00  1.000000e+00  0.000000e+00
   outer loop
     vertex  2.160966e-01  1.900000e-01  5.092834e-02
     vertex -2.158173e-01  1.900000e-01  4.944664e-02
     vertex -2.160966e-01  1.900000e-01  5.092834e-02
   endloop
 endfacet
 facet normal  0.000000e+00  1.000000e+00  0.000000e+00
   outer loop
     vertex  2.164165e-01  1.900000e-01  5.240183e-02
     vertex -2.160966e-01  1.900000e-01  5.092834e-02
     vertex -2.164165e-01  1.900000e-01  5.240183e-02
   endloop
 endfacet
 facet normal  0.000000e+00  1.000000e+00  0.000000e+00
   outer loop
     vertex  2.164165e-01  1.900000e-01  5.240183e-02
     vertex  2.160966e-01  1.900000e-01  5.092834e-02
     vertex -2.160966e-01  1.900000e-01  5.092834e-02
   endloop
 endfacet
 facet normal  0.000000e+00  1.000000e+00  0.000000e+00
   outer loop
     vertex  2.167766e-01  1.900000e-01  5.386600e-02
     vertex -2.164165e-01  1.900000e-01  5.240183e-02
     vertex -2.167766e-01  1.900000e-01  5.386600e-02
   endloop
 endfacet
 facet normal  0.000000e+00  1.000000e+00  0.000000e+00
   outer loop
     vertex  2.167766e-01  1.900000e-01  5.386600e-02
     vertex  2.164165e-01  1.900000e-01  5.240183e-02
     vertex -2.164165e-01  1.900000e-01  5.240183e-02
   endloop
 endfacet
 facet normal  0.000000e+00  1.000000e+00  0.000000e+00
   outer loop
     vertex  2.171767e-01  1.900000e-01  5.531974e-02
     vertex -2.167766e-01  1.900000e-01  5.386600e-02
     vertex -2.171767e-01  1.900000e-01  5.531974e-02
   endloop
 endfacet
 facet normal  0.000000e+00  1.000000e+00  0.000000e+00
   outer loop
     vertex  2.171767e-01  1.900000e-01  5.531974e-02
     vertex  2.167766e-01  1.900000e-01  5.386600e-02
     vertex -2.167766e-01  1.900000e-01  5.386600e-02
   endloop
 endfacet
 facet normal  0.000000e+00  1.000000e+00  0.000000e+00
   outer loop
     vertex  2.176165e-01  1.900000e-01  5.676198e-02
     vertex -2.171767e-01  1.900000e-01  5.531974e-02
     vertex -2.176165e-01  1.900000e-01  5.676198e-02
   endloop
 endfacet
 facet normal  0.000000e+00  1.000000e+00  0.000000e+00
   outer loop
     vertex  2.176165e-01  1.900000e-01  5.676198e-02
     vertex  2.171767e-01  1.900000e-01  5.531974e-02
     vertex -2.171767e-01  1.900000e-01  5.531974e-02
   endloop
 endfacet
 facet normal  0.000000e+00  1.000000e+00  0.000000e+00
   outer loop
     vertex  2.180956e-01  1.900000e-01  5.819161e-02
     vertex -2.176165e-01  1.900000e-01  5.676198e-02
     vertex -2.180956e-01  1.900000e-01  5.819161e-02
   endloop
 endfacet
 facet normal  0.000000e+00  1.000000e+00  0.000000e+00
   outer loop
     vertex  2.180956e-01  1.900000e-01  5.819161e-02
     vertex  2.176165e-01  1.900000e-01  5.676198e-02
     vertex -2.176165e-01  1.900000e-01  5.676198e-02
   endloop
 endfacet
 facet normal  0.000000e+00  1.000000e+00  0.000000e+00
   outer loop
     vertex  2.186138e-01  1.900000e-01  5.960757e-02
     vertex -2.180956e-01  1.900000e-01  5.819161e-02
     vertex -2.186138e-01  1.900000e-01  5.960757e-02
   endloop
 endfacet
 facet normal  0.000000e+00  1.000000e+00  0.000000e+00
   outer loop
     vertex  2.186138e-01  1.900000e-01  5.960757e-02
     vertex  2.180956e-01  1.900000e-01  5.819161e-02
     vertex -2.180956e-01  1.900000e-01  5.819161e-02
   endloop
 endfacet
 facet normal  0.000000e+00  1.000000e+00  0.000000e+00
   outer loop
     vertex  2.191706e-01  1.900000e-01  6.100880e-02
     vertex -2.186138e-01  1.900000e-01  5.960757e-02
     vertex -2.191706e-01  1.900000e-01  6.100880e-02
   endloop
 endfacet
 facet normal  0.000000e+00  1.000000e+00  0.000000e+00
   outer loop
     vertex  2.191706e-01  1.900000e-01  6.100880e-02
     vertex  2.186138e-01  1.900000e-01  5.960757e-02
     vertex -2.186138e-01  1.900000e-01  5.960757e-02
   endloop
 endfacet
 facet normal  0.000000e+00  1.000000e+00  0.000000e+00
   outer loop
     vertex  2.197656e-01  1.900000e-01  6.239424e-02
     vertex -2.191706e-01  1.900000e-01  6.100880e-02
     vertex -2.197656e-01  1.900000e-01  6.239424e-02
   endloop
 endfacet
 facet normal  0.000000e+00  1.000000e+00  0.000000e+00
   outer loop
     vertex  2.197656e-01  1.900000e-01  6.239424e-02
     vertex  2.191706e-01  1.900000e-01  6.100880e-02
     vertex -2.191706e-01  1.900000e-01  6.100880e-02
   endloop
 endfacet
 facet normal  0.000000e+00  1.000000e+00  0.000000e+00
   outer loop
     vertex  2.203983e-01  1.900000e-01  6.376285e-02
     vertex -2.197656e-01  1.900000e-01  6.239424e-02
     vertex -2.203983e-01  1.900000e-01  6.376285e-02
   endloop
 endfacet
 facet normal  0.000000e+00  1.000000e+00  0.000000e+00
   outer loop
     vertex  2.203983e-01  1.900000e-01  6.376285e-02
     vertex  2.197656e-01  1.900000e-01  6.239424e-02
     vertex -2.197656e-01  1.900000e-01  6.239424e-02
   endloop
 endfacet
 facet normal  0.000000e+00  1.000000e+00  0.000000e+00
   outer loop
     vertex  2.210683e-01  1.900000e-01  6.511359e-02
     vertex -2.203983e-01  1.900000e-01  6.376285e-02
     vertex -2.210683e-01  1.900000e-01  6.511359e-02
   endloop
 endfacet
 facet normal  0.000000e+00  1.000000e+00  0.000000e+00
   outer loop
     vertex  2.210683e-01  1.900000e-01  6.511359e-02
     vertex  2.203983e-01  1.900000e-01  6.376285e-02
     vertex -2.203983e-01  1.900000e-01  6.376285e-02
   endloop
 endfacet
 facet normal  0.000000e+00  1.000000e+00  0.000000e+00
   outer loop
     vertex  2.217751e-01  1.900000e-01  6.644547e-02
     vertex  2.210683e-01  1.900000e-01  6.511359e-02
     vertex -2.210683e-01  1.900000e-01  6.511359e-02
   endloop
 endfacet
 facet normal  0.000000e+00  1.000000e+00  0.000000e+00
   outer loop
     vertex  2.217751e-01  1.900000e-01  6.644547e-02
     vertex -2.210683e-01  1.900000e-01  6.511359e-02
     vertex -2.217751e-01  1.900000e-01  6.644547e-02
   endloop
 endfacet
 facet normal  0.000000e+00  1.000000e+00  0.000000e+00
   outer loop
     vertex  2.225182e-01  1.900000e-01  6.775747e-02
     vertex -2.217751e-01  1.900000e-01  6.644547e-02
     vertex -2.225182e-01  1.900000e-01  6.775747e-02
   endloop
 endfacet
 facet normal  0.000000e+00  1.000000e+00  0.000000e+00
   outer loop
     vertex  2.225182e-01  1.900000e-01  6.775747e-02
     vertex  2.217751e-01  1.900000e-01  6.644547e-02
     vertex -2.217751e-01  1.900000e-01  6.644547e-02
   endloop
 endfacet
 facet normal  0.000000e+00  1.000000e+00  0.000000e+00
   outer loop
     vertex  2.232969e-01  1.900000e-01  6.904860e-02
     vertex -2.225182e-01  1.900000e-01  6.775747e-02
     vertex -2.232969e-01  1.900000e-01  6.904860e-02
   endloop
 endfacet
 facet normal  0.000000e+00  1.000000e+00  0.000000e+00
   outer loop
     vertex  2.232969e-01  1.900000e-01  6.904860e-02
     vertex  2.225182e-01  1.900000e-01  6.775747e-02
     vertex -2.225182e-01  1.900000e-01  6.775747e-02
   endloop
 endfacet
 facet normal  0.000000e+00  1.000000e+00  0.000000e+00
   outer loop
     vertex  2.241107e-01  1.900000e-01  7.031791e-02
     vertex -2.232969e-01  1.900000e-01  6.904860e-02
     vertex -2.241107e-01  1.900000e-01  7.031791e-02
   endloop
 endfacet
 facet normal  0.000000e+00  1.000000e+00  0.000000e+00
   outer loop
     vertex  2.241107e-01  1.900000e-01  7.031791e-02
     vertex  2.232969e-01  1.900000e-01  6.904860e-02
     vertex -2.232969e-01  1.900000e-01  6.904860e-02
   endloop
 endfacet
 facet normal  0.000000e+00  1.000000e+00  0.000000e+00
   outer loop
     vertex  2.249591e-01  1.900000e-01  7.156443e-02
     vertex -2.241107e-01  1.900000e-01  7.031791e-02
     vertex -2.249591e-01  1.900000e-01  7.156443e-02
   endloop
 endfacet
 facet normal  0.000000e+00  1.000000e+00  0.000000e+00
   outer loop
     vertex  2.249591e-01  1.900000e-01  7.156443e-02
     vertex  2.241107e-01  1.900000e-01  7.031791e-02
     vertex -2.241107e-01  1.900000e-01  7.031791e-02
   endloop
 endfacet
 facet normal  0.000000e+00  1.000000e+00  0.000000e+00
   outer loop
     vertex  2.258412e-01  1.900000e-01  7.278723e-02
     vertex -2.249591e-01  1.900000e-01  7.156443e-02
     vertex -2.258412e-01  1.900000e-01  7.278723e-02
   endloop
 endfacet
 facet normal  0.000000e+00  1.000000e+00  0.000000e+00
   outer loop
     vertex  2.258412e-01  1.900000e-01  7.278723e-02
     vertex  2.249591e-01  1.900000e-01  7.156443e-02
     vertex -2.249591e-01  1.900000e-01  7.156443e-02
   endloop
 endfacet
 facet normal  0.000000e+00  1.000000e+00  0.000000e+00
   outer loop
     vertex  2.267566e-01  1.900000e-01  7.398538e-02
     vertex -2.258412e-01  1.900000e-01  7.278723e-02
     vertex -2.267566e-01  1.900000e-01  7.398538e-02
   endloop
 endfacet
 facet normal  0.000000e+00  1.000000e+00  0.000000e+00
   outer loop
     vertex  2.267566e-01  1.900000e-01  7.398538e-02
     vertex  2.258412e-01  1.900000e-01  7.278723e-02
     vertex -2.258412e-01  1.900000e-01  7.278723e-02
   endloop
 endfacet
 facet normal  0.000000e+00  1.000000e+00  0.000000e+00
   outer loop
     vertex  2.277044e-01  1.900000e-01  7.515800e-02
     vertex -2.267566e-01  1.900000e-01  7.398538e-02
     vertex -2.277044e-01  1.900000e-01  7.515800e-02
   endloop
 endfacet
 facet normal  0.000000e+00  1.000000e+00  0.000000e+00
   outer loop
     vertex  2.277044e-01  1.900000e-01  7.515800e-02
     vertex  2.267566e-01  1.900000e-01  7.398538e-02
     vertex -2.267566e-01  1.900000e-01  7.398538e-02
   endloop
 endfacet
 facet normal  0.000000e+00  1.000000e+00  0.000000e+00
   outer loop
     vertex  2.286841e-01  1.900000e-01  7.630419e-02
     vertex -2.277044e-01  1.900000e-01  7.515800e-02
     vertex -2.286841e-01  1.900000e-01  7.630419e-02
   endloop
 endfacet
 facet normal  0.000000e+00  1.000000e+00  0.000000e+00
   outer loop
     vertex  2.286841e-01  1.900000e-01  7.630419e-02
     vertex  2.277044e-01  1.900000e-01  7.515800e-02
     vertex -2.277044e-01  1.900000e-01  7.515800e-02
   endloop
 endfacet
 facet normal  0.000000e+00  1.000000e+00  0.000000e+00
   outer loop
     vertex  2.296948e-01  1.900000e-01  7.742310e-02
     vertex -2.286841e-01  1.900000e-01  7.630419e-02
     vertex -2.296948e-01  1.900000e-01  7.742310e-02
   endloop
 endfacet
 facet normal  0.000000e+00  1.000000e+00  0.000000e+00
   outer loop
     vertex  2.296948e-01  1.900000e-01  7.742310e-02
     vertex  2.286841e-01  1.900000e-01  7.630419e-02
     vertex -2.286841e-01  1.900000e-01  7.630419e-02
   endloop
 endfacet
 facet normal  0.000000e+00  1.000000e+00  0.000000e+00
   outer loop
     vertex  2.307358e-01  1.900000e-01  7.851388e-02
     vertex  2.296948e-01  1.900000e-01  7.742310e-02
     vertex -2.296948e-01  1.900000e-01  7.742310e-02
   endloop
 endfacet
 facet normal  0.000000e+00  1.000000e+00  0.000000e+00
   outer loop
     vertex  2.307358e-01  1.900000e-01  7.851388e-02
     vertex -2.296948e-01  1.900000e-01  7.742310e-02
     vertex -2.307358e-01  1.900000e-01  7.851388e-02
   endloop
 endfacet
 facet normal  0.000000e+00  1.000000e+00  0.000000e+00
   outer loop
     vertex  2.318062e-01  1.900000e-01  7.957571e-02
     vertex -2.307358e-01  1.900000e-01  7.851388e-02
     vertex -2.318062e-01  1.900000e-01  7.957571e-02
   endloop
 endfacet
 facet normal  0.000000e+00  1.000000e+00  0.000000e+00
   outer loop
     vertex  2.318062e-01  1.900000e-01  7.957571e-02
     vertex  2.307358e-01  1.900000e-01  7.851388e-02
     vertex -2.307358e-01  1.900000e-01  7.851388e-02
   endloop
 endfacet
 facet normal  0.000000e+00  1.000000e+00  0.000000e+00
   outer loop
     vertex  2.329054e-01  1.900000e-01  8.060781e-02
     vertex -2.318062e-01  1.900000e-01  7.957571e-02
     vertex -2.329054e-01  1.900000e-01  8.060781e-02
   endloop
 endfacet
 facet normal  0.000000e+00  1.000000e+00  0.000000e+00
   outer loop
     vertex  2.329054e-01  1.900000e-01  8.060781e-02
     vertex  2.318062e-01  1.900000e-01  7.957571e-02
     vertex -2.318062e-01  1.900000e-01  7.957571e-02
   endloop
 endfacet
 facet normal  0.000000e+00  1.000000e+00  0.000000e+00
   outer loop
     vertex  2.340325e-01  1.900000e-01  8.160938e-02
     vertex -2.329054e-01  1.900000e-01  8.060781e-02
     vertex -2.340325e-01  1.900000e-01  8.160938e-02
   endloop
 endfacet
 facet normal  0.000000e+00  1.000000e+00  0.000000e+00
   outer loop
     vertex  2.340325e-01  1.900000e-01  8.160938e-02
     vertex  2.329054e-01  1.900000e-01  8.060781e-02
     vertex -2.329054e-01  1.900000e-01  8.060781e-02
   endloop
 endfacet
 facet normal  0.000000e+00  1.000000e+00  0.000000e+00
   outer loop
     vertex  2.351866e-01  1.900000e-01  8.257968e-02
     vertex -2.340325e-01  1.900000e-01  8.160938e-02
     vertex -2.351866e-01  1.900000e-01  8.257968e-02
   endloop
 endfacet
 facet normal  0.000000e+00  1.000000e+00  0.000000e+00
   outer loop
     vertex  2.351866e-01  1.900000e-01  8.257968e-02
     vertex  2.340325e-01  1.900000e-01  8.160938e-02
     vertex -2.340325e-01  1.900000e-01  8.160938e-02
   endloop
 endfacet
 facet normal  0.000000e+00  1.000000e+00  0.000000e+00
   outer loop
     vertex  2.363669e-01  1.900000e-01  8.351798e-02
     vertex -2.351866e-01  1.900000e-01  8.257968e-02
     vertex -2.363669e-01  1.900000e-01  8.351798e-02
   endloop
 endfacet
 facet normal  0.000000e+00  1.000000e+00  0.000000e+00
   outer loop
     vertex  2.363669e-01  1.900000e-01  8.351798e-02
     vertex  2.351866e-01  1.900000e-01  8.257968e-02
     vertex -2.351866e-01  1.900000e-01  8.257968e-02
   endloop
 endfacet
 facet normal  0.000000e+00  1.000000e+00  0.000000e+00
   outer loop
     vertex  2.375725e-01  1.900000e-01  8.442358e-02
     vertex -2.363669e-01  1.900000e-01  8.351798e-02
     vertex -2.375725e-01  1.900000e-01  8.442358e-02
   endloop
 endfacet
 facet normal  0.000000e+00  1.000000e+00  0.000000e+00
   outer loop
     vertex  2.375725e-01  1.900000e-01  8.442358e-02
     vertex  2.363669e-01  1.900000e-01  8.351798e-02
     vertex -2.363669e-01  1.900000e-01  8.351798e-02
   endloop
 endfacet
 facet normal  0.000000e+00  1.000000e+00  0.000000e+00
   outer loop
     vertex  2.388024e-01  1.900000e-01  8.529579e-02
     vertex -2.375725e-01  1.900000e-01  8.442358e-02
     vertex -2.388024e-01  1.900000e-01  8.529579e-02
   endloop
 endfacet
 facet normal  0.000000e+00  1.000000e+00  0.000000e+00
   outer loop
     vertex  2.388024e-01  1.900000e-01  8.529579e-02
     vertex  2.375725e-01  1.900000e-01  8.442358e-02
     vertex -2.375725e-01  1.900000e-01  8.442358e-02
   endloop
 endfacet
 facet normal  0.000000e+00  1.000000e+00  0.000000e+00
   outer loop
     vertex  2.400557e-01  1.900000e-01  8.613395e-02
     vertex -2.388024e-01  1.900000e-01  8.529579e-02
     vertex -2.400557e-01  1.900000e-01  8.613395e-02
   endloop
 endfacet
 facet normal  0.000000e+00  1.000000e+00  0.000000e+00
   outer loop
     vertex  2.400557e-01  1.900000e-01  8.613395e-02
     vertex  2.388024e-01  1.900000e-01  8.529579e-02
     vertex -2.388024e-01  1.900000e-01  8.529579e-02
   endloop
 endfacet
 facet normal  7.068178e-16  1.000000e+00 -8.182211e-17
   outer loop
     vertex  3.600000e-01  1.900000e-01  0.000000e+00
     vertex  3.245433e-01  1.900000e-01  3.292706e-02
     vertex  3.247167e-01  1.900000e-01  3.442486e-02
   endloop
 endfacet
 facet normal  6.906725e-16  1.000000e+00 -9.920782e-17
   outer loop
     vertex  3.600000e-01  1.900000e-01  0.000000e+00
     vertex  3.243289e-01  1.900000e-01  3.143458e-02
     vertex  3.245433e-01  1.900000e-01  3.292706e-02
   endloop
 endfacet
 facet normal  6.758184e-16  1.000000e+00 -1.160638e-16
   outer loop
     vertex  3.600000e-01  1.900000e-01  0.000000e+00
     vertex  3.240737e-01  1.900000e-01  2.994854e-02
     vertex  3.243289e-01  1.900000e-01  3.143458e-02
   endloop
 endfacet
 facet normal  6.621231e-16  1.000000e+00 -1.324927e-16
   outer loop
     vertex  3.600000e-01  1.900000e-01  0.000000e+00
     vertex  3.237779e-01  1.900000e-01  2.847005e-02
     vertex  3.240737e-01  1.900000e-01  2.994854e-02
   endloop
 endfacet
 facet normal  6.494734e-16  1.000000e+00 -1.485868e-16
   outer loop
     vertex  3.600000e-01  1.900000e-01  0.000000e+00
     vertex  3.234416e-01  1.900000e-01  2.700023e-02
     vertex  3.237779e-01  1.900000e-01  2.847005e-02
   endloop
 endfacet
 facet normal  6.377720e-16  1.000000e+00 -1.644304e-16
   outer loop
     vertex  3.600000e-01  1.900000e-01  0.000000e+00
     vertex  3.230652e-01  1.900000e-01  2.554018e-02
     vertex  3.234416e-01  1.900000e-01  2.700023e-02
   endloop
 endfacet
 facet normal  6.269354e-16  1.000000e+00 -1.801018e-16
   outer loop
     vertex  3.600000e-01  1.900000e-01  0.000000e+00
     vertex  3.226489e-01  1.900000e-01  2.409099e-02
     vertex  3.230652e-01  1.900000e-01  2.554018e-02
   endloop
 endfacet
 facet normal  6.168912e-16  1.000000e+00 -1.956744e-16
   outer loop
     vertex  3.600000e-01  1.900000e-01  0.000000e+00
     vertex  3.221930e-01  1.900000e-01  2.265377e-02
     vertex  3.226489e-01  1.900000e-01  2.409099e-02
   endloop
 endfacet
 facet normal  6.075773e-16  1.000000e+00 -2.112184e-16
   outer loop
     vertex  3.600000e-01  1.900000e-01  0.000000e+00
     vertex  3.216979e-01  1.900000e-01  2.122957e-02
     vertex  3.221930e-01  1.900000e-01  2.265377e-02
   endloop
 endfacet
 facet normal  5.989399e-16  1.000000e+00 -2.268021e-16
   outer loop
     vertex  3.600000e-01  1.900000e-01  0.000000e+00
     vertex  3.211639e-01  1.900000e-01  1.981949e-02
     vertex  3.216979e-01  1.900000e-01  2.122957e-02
   endloop
 endfacet
 facet normal  5.909324e-16  1.000000e+00 -2.424926e-16
   outer loop
     vertex  3.600000e-01  1.900000e-01  0.000000e+00
     vertex  3.205915e-01  1.900000e-01  1.842457e-02
     vertex  3.211639e-01  1.900000e-01  1.981949e-02
   endloop
 endfacet
 facet normal  5.835151e-16  1.000000e+00 -2.583574e-16
   outer loop
     vertex  3.600000e-01  1.900000e-01  0.000000e+00
     vertex  3.199811e-01  1.900000e-01  1.704587e-02
     vertex  3.205915e-01  1.900000e-01  1.842457e-02
   endloop
 endfacet
 facet normal  5.766541e-16  1.000000e+00 -2.744652e-16
   outer loop
     vertex  3.600000e-01  1.900000e-01  0.000000e+00
     vertex  3.193331e-01  1.900000e-01  1.568442e-02
     vertex  3.199811e-01  1.900000e-01  1.704587e-02
   endloop
 endfacet
 facet normal  5.703206e-16  1.000000e+00 -2.908868e-16
   outer loop
     vertex  3.600000e-01  1.900000e-01  0.000000e+00
     vertex  3.186480e-01  1.900000e-01  1.434124e-02
     vertex  3.193331e-01  1.900000e-01  1.568442e-02
   endloop
 endfacet
 facet normal  5.644909e-16  1.000000e+00 -3.076966e-16
   outer loop
     vertex  3.600000e-01  1.900000e-01  0.000000e+00
     vertex  3.179264e-01  1.900000e-01  1.301734e-02
     vertex  3.186480e-01  1.900000e-01  1.434124e-02
   endloop
 endfacet
 facet normal  5.591455e-16  1.000000e+00 -3.249734e-16
   outer loop
     vertex  3.600000e-01  1.900000e-01  0.000000e+00
     vertex  3.171687e-01  1.900000e-01  1.171373e-02
     vertex  3.179264e-01  1.900000e-01  1.301734e-02
   endloop
 endfacet
 facet normal  5.542696e-16  1.000000e+00 -3.428023e-16
   outer loop
     vertex  3.600000e-01  1.900000e-01  0.000000e+00
     vertex  3.163756e-01  1.900000e-01  1.043137e-02
     vertex  3.171687e-01  1.900000e-01  1.171373e-02
   endloop
 endfacet
 facet normal  5.498522e-16  1.000000e+00 -3.612757e-16
   outer loop
     vertex  3.600000e-01  1.900000e-01  0.000000e+00
     vertex  3.155476e-01  1.900000e-01  9.171241e-03
     vertex  3.163756e-01  1.900000e-01  1.043137e-02
   endloop
 endfacet
 facet normal  5.458869e-16  1.000000e+00 -3.804954e-16
   outer loop
     vertex  3.600000e-01  1.900000e-01  0.000000e+00
     vertex  3.146854e-01  1.900000e-01  7.934277e-03
     vertex  3.155476e-01  1.900000e-01  9.171241e-03
   endloop
 endfacet
 facet normal  5.423712e-16  1.000000e+00 -4.005744e-16
   outer loop
     vertex  3.600000e-01  1.900000e-01  0.000000e+00
     vertex  3.137897e-01  1.900000e-01  6.721413e-03
     vertex  3.146854e-01  1.900000e-01  7.934277e-03
   endloop
 endfacet
 facet normal  5.393072e-16  1.000000e+00 -4.216399e-16
   outer loop
     vertex  3.600000e-01  1.900000e-01  0.000000e+00
     vertex  3.128610e-01  1.900000e-01  5.533559e-03
     vertex  3.137897e-01  1.900000e-01  6.721413e-03
   endloop
 endfacet
 facet normal  5.367016e-16  1.000000e+00 -4.438359e-16
   outer loop
     vertex  3.600000e-01  1.900000e-01  0.000000e+00
     vertex  3.119001e-01  1.900000e-01  4.371608e-03
     vertex  3.128610e-01  1.900000e-01  5.533559e-03
   endloop
 endfacet
 facet normal  5.345666e-16  1.000000e+00 -4.673271e-16
   outer loop
     vertex  3.600000e-01  1.900000e-01  0.000000e+00
     vertex  3.109077e-01  1.900000e-01  3.236434e-03
     vertex  3.119001e-01  1.900000e-01  4.371608e-03
   endloop
 endfacet
 facet normal  5.329200e-16  1.000000e+00 -4.923034e-16
   outer loop
     vertex  3.600000e-01  1.900000e-01  0.000000e+00
     vertex  3.098846e-01  1.900000e-01  2.128890e-03
     vertex  3.109077e-01  1.900000e-01  3.236434e-03
   endloop
 endfacet
 facet normal  5.317866e-16  1.000000e+00 -5.189862e-16
   outer loop
     vertex  3.600000e-01  1.900000e-01  0.000000e+00
     vertex  3.088315e-01  1.900000e-01  1.049809e-03
     vertex  3.098846e-01  1.900000e-01  2.128890e-03
   endloop
 endfacet
 facet normal  0.000000e+00  1.000000e+00 -2.643870e-14
   outer loop
     vertex  3.600000e-01  1.900000e-01  0.000000e+00
     vertex  3.077492e-01  1.900000e-01  0.000000e+00
     vertex  3.088315e-01  1.900000e-01  1.049809e-03
   endloop
 endfacet
 facet normal  7.244100e-16  1.000000e+00 -6.379117e-17
   outer loop
     vertex  3.248490e-01  1.900000e-01  3.592684e-02
     vertex  3.600000e-01  1.900000e-01  0.000000e+00
     vertex  3.247167e-01  1.900000e-01  3.442486e-02
   endloop
 endfacet
 facet normal  7.436331e-16  1.000000e+00 -4.498324e-17
   outer loop
     vertex  3.249400e-01  1.900000e-01  3.743189e-02
     vertex  3.600000e-01  1.900000e-01  0.000000e+00
     vertex  3.248490e-01  1.900000e-01  3.592684e-02
   endloop
 endfacet
 facet normal  7.647055e-16  1.000000e+00 -2.524613e-17
   outer loop
     vertex  3.249898e-01  1.900000e-01  3.893887e-02
     vertex  3.600000e-01  1.900000e-01  0.000000e+00
     vertex  3.249400e-01  1.900000e-01  3.743189e-02
   endloop
 endfacet
 facet normal  7.878888e-16  1.000000e+00 -4.401854e-18
   outer loop
     vertex  3.249982e-01  1.900000e-01  4.044664e-02
     vertex  3.600000e-01  1.900000e-01  0.000000e+00
     vertex  3.249898e-01  1.900000e-01  3.893887e-02
   endloop
 endfacet
 facet normal  8.134984e-16  1.000000e+00  1.776029e-17
   outer loop
     vertex  3.249653e-01  1.900000e-01  4.195408e-02
     vertex  3.600000e-01  1.900000e-01  0.000000e+00
     vertex  3.249982e-01  1.900000e-01  4.044664e-02
   endloop
 endfacet
 facet normal  8.419182e-16  1.000000e+00  4.149286e-17
   outer loop
     vertex  3.248911e-01  1.900000e-01  4.346005e-02
     vertex  3.600000e-01  1.900000e-01  0.000000e+00
     vertex  3.249653e-01  1.900000e-01  4.195408e-02
   endloop
 endfacet
 facet normal  8.736194e-16  1.000000e+00  6.710249e-17
   outer loop
     vertex  3.247756e-01  1.900000e-01  4.496342e-02
     vertex  3.600000e-01  1.900000e-01  0.000000e+00
     vertex  3.248911e-01  1.900000e-01  4.346005e-02
   endloop
 endfacet
 facet normal  9.091872e-16  1.000000e+00  9.496642e-17
   outer loop
     vertex  3.246189e-01  1.900000e-01  4.646306e-02
     vertex  3.600000e-01  1.900000e-01  0.000000e+00
     vertex  3.247756e-01  1.900000e-01  4.496342e-02
   endloop
 endfacet
 facet normal  9.493572e-16  1.000000e+00  1.255554e-16
   outer loop
     vertex  3.244213e-01  1.900000e-01  4.795784e-02
     vertex  3.600000e-01  1.900000e-01  0.000000e+00
     vertex  3.246189e-01  1.900000e-01  4.646306e-02
   endloop
 endfacet
 facet normal  9.950663e-16  1.000000e+00  1.594658e-16
   outer loop
     vertex  3.241827e-01  1.900000e-01  4.944664e-02
     vertex  3.600000e-01  1.900000e-01  0.000000e+00
     vertex  3.244213e-01  1.900000e-01  4.795784e-02
   endloop
 endfacet
 facet normal  1.047527e-15  1.000000e+00  1.974662e-16
   outer loop
     vertex  3.239034e-01  1.900000e-01  5.092834e-02
     vertex  3.600000e-01  1.900000e-01  0.000000e+00
     vertex  3.241827e-01  1.900000e-01  4.944664e-02
   endloop
 endfacet
 facet normal  1.108335e-15  1.000000e+00  2.405656e-16
   outer loop
     vertex  3.235835e-01  1.900000e-01  5.240183e-02
     vertex  3.600000e-01  1.900000e-01  0.000000e+00
     vertex  3.239034e-01  1.900000e-01  5.092834e-02
   endloop
 endfacet
 facet normal  1.179638e-15  1.000000e+00  2.901170e-16
   outer loop
     vertex  3.232234e-01  1.900000e-01  5.386600e-02
     vertex  3.600000e-01  1.900000e-01  0.000000e+00
     vertex  3.235835e-01  1.900000e-01  5.240183e-02
   endloop
 endfacet
 facet normal  1.264388e-15  1.000000e+00  3.479793e-16
   outer loop
     vertex  3.228233e-01  1.900000e-01  5.531974e-02
     vertex  3.600000e-01  1.900000e-01  0.000000e+00
     vertex  3.232234e-01  1.900000e-01  5.386600e-02
   endloop
 endfacet
 facet normal  1.366765e-15  1.000000e+00  4.167805e-16
   outer loop
     vertex  3.223835e-01  1.900000e-01  5.676198e-02
     vertex  3.600000e-01  1.900000e-01  0.000000e+00
     vertex  3.228233e-01  1.900000e-01  5.531974e-02
   endloop
 endfacet
 facet normal  3.581614e-18  1.000000e+00  2.612689e-16
   outer loop
     vertex  3.600000e-01  1.900000e-01  2.000000e-01
     vertex  2.715077e-01  1.900000e-01  9.497933e-02
     vertex  2.700000e-01  1.900000e-01  9.500000e-02
   endloop
 endfacet
 facet normal -1.902383e-31  1.000000e+00  2.437564e-16
   outer loop
     vertex  3.600000e-01  1.900000e-01  2.000000e-01
     vertex  2.400557e-01  1.900000e-01  8.613395e-02
     vertex -2.400557e-01  1.900000e-01  8.613395e-02
   endloop
 endfacet
 facet normal  1.051002e-17  1.000000e+00  2.554309e-16
   outer loop
     vertex  3.600000e-01  1.900000e-01  2.000000e-01
     vertex  2.730142e-01  1.900000e-01  9.491734e-02
     vertex  2.715077e-01  1.900000e-01  9.497933e-02
   endloop
 endfacet
 facet normal  1.715660e-17  1.000000e+00  2.499289e-16
   outer loop
     vertex  3.600000e-01  1.900000e-01  2.000000e-01
     vertex  2.745184e-01  1.900000e-01  9.481408e-02
     vertex  2.730142e-01  1.900000e-01  9.491734e-02
   endloop
 endfacet
 facet normal  2.355501e-17  1.000000e+00  2.447291e-16
   outer loop
     vertex  3.600000e-01  1.900000e-01  2.000000e-01
     vertex  2.760193e-01  1.900000e-01  9.466963e-02
     vertex  2.745184e-01  1.900000e-01  9.481408e-02
   endloop
 endfacet
 facet normal  2.973513e-17  1.000000e+00  2.398017e-16
   outer loop
     vertex  3.600000e-01  1.900000e-01  2.000000e-01
     vertex  2.775156e-01  1.900000e-01  9.448408e-02
     vertex  2.760193e-01  1.900000e-01  9.466963e-02
   endloop
 endfacet
 facet normal  3.572364e-17  1.000000e+00  2.351203e-16
   outer loop
     vertex  3.600000e-01  1.900000e-01  2.000000e-01
     vertex  2.790063e-01  1.900000e-01  9.425759e-02
     vertex  2.775156e-01  1.900000e-01  9.448408e-02
   endloop
 endfacet
 facet normal  4.154457e-17  1.000000e+00  2.306617e-16
   outer loop
     vertex  3.600000e-01  1.900000e-01  2.000000e-01
     vertex  2.804902e-01  1.900000e-01  9.399032e-02
     vertex  2.790063e-01  1.900000e-01  9.425759e-02
   endloop
 endfacet
 facet normal  4.721969e-17  1.000000e+00  2.264053e-16
   outer loop
     vertex  3.600000e-01  1.900000e-01  2.000000e-01
     vertex  2.819663e-01  1.900000e-01  9.368247e-02
     vertex  2.804902e-01  1.900000e-01  9.399032e-02
   endloop
 endfacet
 facet normal  5.276888e-17  1.000000e+00  2.223323e-16
   outer loop
     vertex  3.600000e-01  1.900000e-01  2.000000e-01
     vertex  2.834333e-01  1.900000e-01  9.333428e-02
     vertex  2.819663e-01  1.900000e-01  9.368247e-02
   endloop
 endfacet
 facet normal  5.821041e-17  1.000000e+00  2.184263e-16
   outer loop
     vertex  3.600000e-01  1.900000e-01  2.000000e-01
     vertex  2.848903e-01  1.900000e-01  9.294601e-02
     vertex  2.834333e-01  1.900000e-01  9.333428e-02
   endloop
 endfacet
 facet normal  6.356122e-17  1.000000e+00  2.146721e-16
   outer loop
     vertex  3.600000e-01  1.900000e-01  2.000000e-01
     vertex  2.863360e-01  1.900000e-01  9.251794e-02
     vertex  2.848903e-01  1.900000e-01  9.294601e-02
   endloop
 endfacet
 facet normal  6.883715e-17  1.000000e+00  2.110562e-16
   outer loop
     vertex  3.600000e-01  1.900000e-01  2.000000e-01
     vertex  2.877695e-01  1.900000e-01  9.205040e-02
     vertex  2.863360e-01  1.900000e-01  9.251794e-02
   endloop
 endfacet
 facet normal  7.405309e-17  1.000000e+00  2.075662e-16
   outer loop
     vertex  3.600000e-01  1.900000e-01  2.000000e-01
     vertex  2.891896e-01  1.900000e-01  9.154375e-02
     vertex  2.877695e-01  1.900000e-01  9.205040e-02
   endloop
 endfacet
 facet normal  7.922324e-17  1.000000e+00  2.041906e-16
   outer loop
     vertex  3.600000e-01  1.900000e-01  2.000000e-01
     vertex  2.905953e-01  1.900000e-01  9.099835e-02
     vertex  2.891896e-01  1.900000e-01  9.154375e-02
   endloop
 endfacet
 facet normal  8.436116e-17  1.000000e+00  2.009191e-16
   outer loop
     vertex  3.600000e-01  1.900000e-01  2.000000e-01
     vertex  2.919856e-01  1.900000e-01  9.041463e-02
     vertex  2.905953e-01  1.900000e-01  9.099835e-02
   endloop
 endfacet
 facet normal  8.948000e-17  1.000000e+00  1.977421e-16
   outer loop
     vertex  3.600000e-01  1.900000e-01  2.000000e-01
     vertex  2.933593e-01  1.900000e-01  8.979302e-02
     vertex  2.919856e-01  1.900000e-01  9.041463e-02
   endloop
 endfacet
 facet normal  9.459259e-17  1.000000e+00  1.946506e-16
   outer loop
     vertex  3.600000e-01  1.900000e-01  2.000000e-01
     vertex  2.947154e-01  1.900000e-01  8.913399e-02
     vertex  2.933593e-01  1.900000e-01  8.979302e-02
   endloop
 endfacet
 facet normal  9.971159e-17  1.000000e+00  1.916362e-16
   outer loop
     vertex  3.600000e-01  1.900000e-01  2.000000e-01
     vertex  2.960530e-01  1.900000e-01  8.843803e-02
     vertex  2.947154e-01  1.900000e-01  8.913399e-02
   endloop
 endfacet
 facet normal  1.048496e-16  1.000000e+00  1.886912e-16
   outer loop
     vertex  3.600000e-01  1.900000e-01  2.000000e-01
     vertex  2.973710e-01  1.900000e-01  8.770566e-02
     vertex  2.960530e-01  1.900000e-01  8.843803e-02
   endloop
 endfacet
 facet normal  1.100192e-16  1.000000e+00  1.858080e-16
   outer loop
     vertex  3.600000e-01  1.900000e-01  2.000000e-01
     vertex  2.986684e-01  1.900000e-01  8.693745e-02
     vertex  2.973710e-01  1.900000e-01  8.770566e-02
   endloop
 endfacet
 facet normal  1.152332e-16  1.000000e+00  1.829796e-16
   outer loop
     vertex  3.600000e-01  1.900000e-01  2.000000e-01
     vertex  2.999443e-01  1.900000e-01  8.613395e-02
     vertex  2.986684e-01  1.900000e-01  8.693745e-02
   endloop
 endfacet
 facet normal  1.205048e-16  1.000000e+00  1.801992e-16
   outer loop
     vertex  3.600000e-01  1.900000e-01  2.000000e-01
     vertex  3.011976e-01  1.900000e-01  8.529579e-02
     vertex  2.999443e-01  1.900000e-01  8.613395e-02
   endloop
 endfacet
 facet normal  1.258474e-16  1.000000e+00  1.774604e-16
   outer loop
     vertex  3.600000e-01  1.900000e-01  2.000000e-01
     vertex  3.024275e-01  1.900000e-01  8.442358e-02
     vertex  3.011976e-01  1.900000e-01  8.529579e-02
   endloop
 endfacet
 facet normal  1.312751e-16  1.000000e+00  1.747566e-16
   outer loop
     vertex  3.600000e-01  1.900000e-01  2.000000e-01
     vertex  3.036331e-01  1.900000e-01  8.351798e-02
     vertex  3.024275e-01  1.900000e-01  8.442358e-02
   endloop
 endfacet
 facet normal  1.368027e-16  1.000000e+00  1.720818e-16
   outer loop
     vertex  3.600000e-01  1.900000e-01  2.000000e-01
     vertex  3.048134e-01  1.900000e-01  8.257968e-02
     vertex  3.036331e-01  1.900000e-01  8.351798e-02
   endloop
 endfacet
 facet normal  1.424457e-16  1.000000e+00  1.694296e-16
   outer loop
     vertex  3.600000e-01  1.900000e-01  2.000000e-01
     vertex  3.059675e-01  1.900000e-01  8.160938e-02
     vertex  3.048134e-01  1.900000e-01  8.257968e-02
   endloop
 endfacet
 facet normal  1.482208e-16  1.000000e+00  1.667939e-16
   outer loop
     vertex  3.600000e-01  1.900000e-01  2.000000e-01
     vertex  3.070946e-01  1.900000e-01  8.060781e-02
     vertex  3.059675e-01  1.900000e-01  8.160938e-02
   endloop
 endfacet
 facet normal  1.541459e-16  1.000000e+00  1.641684e-16
   outer loop
     vertex  3.600000e-01  1.900000e-01  2.000000e-01
     vertex  3.081938e-01  1.900000e-01  7.957571e-02
     vertex  3.070946e-01  1.900000e-01  8.060781e-02
   endloop
 endfacet
 facet normal  1.602401e-16  1.000000e+00  1.615467e-16
   outer loop
     vertex  3.600000e-01  1.900000e-01  2.000000e-01
     vertex  3.092642e-01  1.900000e-01  7.851388e-02
     vertex  3.081938e-01  1.900000e-01  7.957571e-02
   endloop
 endfacet
 facet normal  1.665243e-16  1.000000e+00  1.589222e-16
   outer loop
     vertex  3.600000e-01  1.900000e-01  2.000000e-01
     vertex  3.103052e-01  1.900000e-01  7.742310e-02
     vertex  3.092642e-01  1.900000e-01  7.851388e-02
   endloop
 endfacet
 facet normal  1.730216e-16  1.000000e+00  1.562881e-16
   outer loop
     vertex  3.600000e-01  1.900000e-01  2.000000e-01
     vertex  3.113159e-01  1.900000e-01  7.630419e-02
     vertex  3.103052e-01  1.900000e-01  7.742310e-02
   endloop
 endfacet
 facet normal  1.797570e-16  1.000000e+00  1.536371e-16
   outer loop
     vertex  3.600000e-01  1.900000e-01  2.000000e-01
     vertex  3.122956e-01  1.900000e-01  7.515800e-02
     vertex  3.113159e-01  1.900000e-01  7.630419e-02
   endloop
 endfacet
 facet normal  1.867585e-16  1.000000e+00  1.509617e-16
   outer loop
     vertex  3.600000e-01  1.900000e-01  2.000000e-01
     vertex  3.132434e-01  1.900000e-01  7.398538e-02
     vertex  3.122956e-01  1.900000e-01  7.515800e-02
   endloop
 endfacet
 facet normal  1.940571e-16  1.000000e+00  1.482537e-16
   outer loop
     vertex  3.600000e-01  1.900000e-01  2.000000e-01
     vertex  3.141588e-01  1.900000e-01  7.278723e-02
     vertex  3.132434e-01  1.900000e-01  7.398538e-02
   endloop
 endfacet
 facet normal  2.016875e-16  1.000000e+00  1.455041e-16
   outer loop
     vertex  3.600000e-01  1.900000e-01  2.000000e-01
     vertex  3.150409e-01  1.900000e-01  7.156443e-02
     vertex  3.141588e-01  1.900000e-01  7.278723e-02
   endloop
 endfacet
 facet normal  2.096888e-16  1.000000e+00  1.427032e-16
   outer loop
     vertex  3.600000e-01  1.900000e-01  2.000000e-01
     vertex  3.158893e-01  1.900000e-01  7.031791e-02
     vertex  3.150409e-01  1.900000e-01  7.156443e-02
   endloop
 endfacet
 facet normal  2.181053e-16  1.000000e+00  1.398404e-16
   outer loop
     vertex  3.600000e-01  1.900000e-01  2.000000e-01
     vertex  3.167031e-01  1.900000e-01  6.904860e-02
     vertex  3.158893e-01  1.900000e-01  7.031791e-02
   endloop
 endfacet
 facet normal  2.269873e-16  1.000000e+00  1.369037e-16
   outer loop
     vertex  3.600000e-01  1.900000e-01  2.000000e-01
     vertex  3.174818e-01  1.900000e-01  6.775747e-02
     vertex  3.167031e-01  1.900000e-01  6.904860e-02
   endloop
 endfacet
 facet normal  2.363927e-16  1.000000e+00  1.338797e-16
   outer loop
     vertex  3.600000e-01  1.900000e-01  2.000000e-01
     vertex  3.182249e-01  1.900000e-01  6.644547e-02
     vertex  3.174818e-01  1.900000e-01  6.775747e-02
   endloop
 endfacet
 facet normal  2.463879e-16  1.000000e+00  1.307532e-16
   outer loop
     vertex  3.600000e-01  1.900000e-01  2.000000e-01
     vertex  3.189317e-01  1.900000e-01  6.511359e-02
     vertex  3.182249e-01  1.900000e-01  6.644547e-02
   endloop
 endfacet
 facet normal  2.570500e-16  1.000000e+00  1.275070e-16
   outer loop
     vertex  3.600000e-01  1.900000e-01  2.000000e-01
     vertex  3.196017e-01  1.900000e-01  6.376285e-02
     vertex  3.189317e-01  1.900000e-01  6.511359e-02
   endloop
 endfacet
 facet normal  2.684690e-16  1.000000e+00  1.241209e-16
   outer loop
     vertex  3.600000e-01  1.900000e-01  2.000000e-01
     vertex  3.202344e-01  1.900000e-01  6.239424e-02
     vertex  3.196017e-01  1.900000e-01  6.376285e-02
   endloop
 endfacet
 facet normal  2.807508e-16  1.000000e+00  1.205717e-16
   outer loop
     vertex  3.600000e-01  1.900000e-01  2.000000e-01
     vertex  3.208294e-01  1.900000e-01  6.100880e-02
     vertex  3.202344e-01  1.900000e-01  6.239424e-02
   endloop
 endfacet
 facet normal  2.940207e-16  1.000000e+00  1.168320e-16
   outer loop
     vertex  3.600000e-01  1.900000e-01  2.000000e-01
     vertex  3.213862e-01  1.900000e-01  5.960757e-02
     vertex  3.208294e-01  1.900000e-01  6.100880e-02
   endloop
 endfacet
 facet normal  3.084282e-16  1.000000e+00  1.128693e-16
   outer loop
     vertex  3.600000e-01  1.900000e-01  2.000000e-01
     vertex  3.219044e-01  1.900000e-01  5.819161e-02
     vertex  3.213862e-01  1.900000e-01  5.960757e-02
   endloop
 endfacet
 facet normal  3.241538e-16  1.000000e+00  1.086448e-16
   outer loop
     vertex  3.600000e-01  1.900000e-01  2.000000e-01
     vertex  3.223835e-01  1.900000e-01  5.676198e-02
     vertex  3.219044e-01  1.900000e-01  5.819161e-02
   endloop
 endfacet
 facet normal  0.000000e+00  1.000000e+00  2.437564e-16
   outer loop
     vertex  3.600000e-01  1.900000e-01  2.000000e-01
     vertex -2.400557e-01  1.900000e-01  8.613395e-02
     vertex -3.600000e-01  1.900000e-01  2.000000e-01
   endloop
 endfacet
 facet normal -4.560231e-16  1.000000e+00  7.241222e-16
   outer loop
     vertex  3.600000e-01  1.900000e-01  2.000000e-01
     vertex  2.413316e-01  1.900000e-01  8.693745e-02
     vertex  2.400557e-01  1.900000e-01  8.613395e-02
   endloop
 endfacet
 facet normal -3.840037e-16  1.000000e+00  6.485319e-16
   outer loop
     vertex  3.600000e-01  1.900000e-01  2.000000e-01
     vertex  2.426290e-01  1.900000e-01  8.770566e-02
     vertex  2.413316e-01  1.900000e-01  8.693745e-02
   endloop
 endfacet
 facet normal -3.276229e-16  1.000000e+00  5.896022e-16
   outer loop
     vertex  3.600000e-01  1.900000e-01  2.000000e-01
     vertex  2.439470e-01  1.900000e-01  8.843803e-02
     vertex  2.426290e-01  1.900000e-01  8.770566e-02
   endloop
 endfacet
 facet normal -2.821877e-16  1.000000e+00  5.423380e-16
   outer loop
     vertex  3.600000e-01  1.900000e-01  2.000000e-01
     vertex  2.452846e-01  1.900000e-01  8.913399e-02
     vertex  2.439470e-01  1.900000e-01  8.843803e-02
   endloop
 endfacet
 facet normal -2.447101e-16  1.000000e+00  5.035591e-16
   outer loop
     vertex  3.600000e-01  1.900000e-01  2.000000e-01
     vertex  2.466407e-01  1.900000e-01  8.979302e-02
     vertex  2.452846e-01  1.900000e-01  8.913399e-02
   endloop
 endfacet
 facet normal -2.131970e-16  1.000000e+00  4.711446e-16
   outer loop
     vertex  3.600000e-01  1.900000e-01  2.000000e-01
     vertex  2.480144e-01  1.900000e-01  9.041463e-02
     vertex  2.466407e-01  1.900000e-01  8.979302e-02
   endloop
 endfacet
 facet normal -1.862679e-16  1.000000e+00  4.436257e-16
   outer loop
     vertex  3.600000e-01  1.900000e-01  2.000000e-01
     vertex  2.494047e-01  1.900000e-01  9.099835e-02
     vertex  2.480144e-01  1.900000e-01  9.041463e-02
   endloop
 endfacet
 facet normal -1.629361e-16  1.000000e+00  4.199528e-16
   outer loop
     vertex  3.600000e-01  1.900000e-01  2.000000e-01
     vertex  2.508104e-01  1.900000e-01  9.154375e-02
     vertex  2.494047e-01  1.900000e-01  9.099835e-02
   endloop
 endfacet
 facet normal -1.424777e-16  1.000000e+00  3.993561e-16
   outer loop
     vertex  3.600000e-01  1.900000e-01  2.000000e-01
     vertex  2.522305e-01  1.900000e-01  9.205040e-02
     vertex  2.508104e-01  1.900000e-01  9.154375e-02
   endloop
 endfacet
 facet normal -1.243494e-16  1.000000e+00  3.812580e-16
   outer loop
     vertex  3.600000e-01  1.900000e-01  2.000000e-01
     vertex  2.536640e-01  1.900000e-01  9.251794e-02
     vertex  2.522305e-01  1.900000e-01  9.205040e-02
   endloop
 endfacet
 facet normal -1.081352e-16  1.000000e+00  3.652167e-16
   outer loop
     vertex  3.600000e-01  1.900000e-01  2.000000e-01
     vertex  2.551097e-01  1.900000e-01  9.294601e-02
     vertex  2.536640e-01  1.900000e-01  9.251794e-02
   endloop
 endfacet
 facet normal -9.351147e-17  1.000000e+00  3.508885e-16
   outer loop
     vertex  3.600000e-01  1.900000e-01  2.000000e-01
     vertex  2.565667e-01  1.900000e-01  9.333428e-02
     vertex  2.551097e-01  1.900000e-01  9.294601e-02
   endloop
 endfacet
 facet normal -8.022218e-17  1.000000e+00  3.380020e-16
   outer loop
     vertex  3.600000e-01  1.900000e-01  2.000000e-01
     vertex  2.580337e-01  1.900000e-01  9.368247e-02
     vertex  2.565667e-01  1.900000e-01  9.333428e-02
   endloop
 endfacet
 facet normal -6.806230e-17  1.000000e+00  3.263398e-16
   outer loop
     vertex  3.600000e-01  1.900000e-01  2.000000e-01
     vertex  2.595098e-01  1.900000e-01  9.399032e-02
     vertex  2.580337e-01  1.900000e-01  9.368247e-02
   endloop
 endfacet
 facet normal -5.686551e-17  1.000000e+00  3.157259e-16
   outer loop
     vertex  3.600000e-01  1.900000e-01  2.000000e-01
     vertex  2.609937e-01  1.900000e-01  9.425759e-02
     vertex  2.595098e-01  1.900000e-01  9.399032e-02
   endloop
 endfacet
 facet normal -4.649544e-17  1.000000e+00  3.060165e-16
   outer loop
     vertex  3.600000e-01  1.900000e-01  2.000000e-01
     vertex  2.624844e-01  1.900000e-01  9.448408e-02
     vertex  2.609937e-01  1.900000e-01  9.425759e-02
   endloop
 endfacet
 facet normal -3.683910e-17  1.000000e+00  2.970923e-16
   outer loop
     vertex  3.600000e-01  1.900000e-01  2.000000e-01
     vertex  2.639807e-01  1.900000e-01  9.466963e-02
     vertex  2.624844e-01  1.900000e-01  9.448408e-02
   endloop
 endfacet
 facet normal -2.780201e-17  1.000000e+00  2.888541e-16
   outer loop
     vertex  3.600000e-01  1.900000e-01  2.000000e-01
     vertex  2.654816e-01  1.900000e-01  9.481408e-02
     vertex  2.639807e-01  1.900000e-01  9.466963e-02
   endloop
 endfacet
 facet normal  7.378574e-16  1.000000e+00  0.000000e+00
   outer loop
     vertex  3.600000e-01  1.900000e-01  2.000000e-01
     vertex  3.600000e-01  1.900000e-01  0.000000e+00
     vertex  3.223835e-01  1.900000e-01  5.676198e-02
   endloop
 endfacet
 facet normal -1.930449e-17  1.000000e+00  2.812183e-16
   outer loop
     vertex  3.600000e-01  1.900000e-01  2.000000e-01
     vertex  2.669858e-01  1.900000e-01  9.491734e-02
     vertex  2.654816e-01  1.900000e-01  9.481408e-02
   endloop
 endfacet
 facet normal -1.127877e-17  1.000000e+00  2.741143e-16
   outer loop
     vertex  3.600000e-01  1.900000e-01  2.000000e-01
     vertex  2.684923e-01  1.900000e-01  9.497933e-02
     vertex  2.669858e-01  1.900000e-01  9.491734e-02
   endloop
 endfacet
 facet normal -3.666784e-18  1.000000e+00  2.674818e-16
   outer loop
     vertex  3.600000e-01  1.900000e-01  2.000000e-01
     vertex  2.700000e-01  1.900000e-01  9.500000e-02
     vertex  2.684923e-01  1.900000e-01  9.497933e-02
   endloop
 endfacet
 facet normal -0.000000e+00  0.000000e+00 -1.000000e+00
   outer loop
     vertex -3.077492e-01  1.900000e-01  0.000000e+00
     vertex -3.600000e-01 -1.900000e-01  0.000000e+00
     vertex -3.600000e-01  1.900000e-01  0.000000e+00
   endloop
 endfacet
 facet normal  0.000000e+00 -0.000000e+00 -1.000000e+00
   outer loop
     vertex -3.077492e-01  1.900000e-01  0.000000e+00
     vertex -3.077492e-01 -1.900000e-01  0.000000e+00
     vertex -3.600000e-01 -1.900000e-01  0.000000e+00
   endloop
 endfacet
 facet normal  1.370725e-02  0.000000e+00  9.999061e-01
   outer loop
     vertex -2.684923e-01 -1.900000e-01  9.497933e-02
     vertex -2.700000e-01 -1.900000e-01  9.500000e-02
     vertex -2.700000e-01 -2.200000e-01  9.500000e-02
   endloop
 endfacet
 facet normal  1.371831e-02 -5.561514e-07  9.999059e-01
   outer loop
     vertex -2.684923e-01 -1.900000e-01  9.497933e-02
     vertex -2.700000e-01 -2.200000e-01  9.500000e-02
     vertex -2.684911e-01 -2.200000e-01  9.497930e-02
   endloop
 endfacet
 facet normal  4.114462e-02 -1.111405e-06  9.991532e-01
   outer loop
     vertex -2.669858e-01 -1.900000e-01  9.491734e-02
     vertex -2.684911e-01 -2.200000e-01  9.497930e-02
     vertex -2.669834e-01 -2.200000e-01  9.491721e-02
   endloop
 endfacet
 facet normal  4.111145e-02  5.557025e-07  9.991546e-01
   outer loop
     vertex -2.669858e-01 -1.900000e-01  9.491734e-02
     vertex -2.684923e-01 -1.900000e-01  9.497933e-02
     vertex -2.684911e-01 -2.200000e-01  9.497930e-02
   endloop
 endfacet
 facet normal  1.370725e-02  0.000000e+00  9.999061e-01
   outer loop
     vertex -2.684923e-01  1.900000e-01  9.497933e-02
     vertex -2.700000e-01  2.200000e-01  9.500000e-02
     vertex -2.700000e-01  1.900000e-01  9.500000e-02
   endloop
 endfacet
 facet normal  1.371831e-02  5.561514e-07  9.999059e-01
   outer loop
     vertex -2.684911e-01  2.200000e-01  9.497930e-02
     vertex -2.700000e-01  2.200000e-01  9.500000e-02
     vertex -2.684923e-01  1.900000e-01  9.497933e-02
   endloop
 endfacet
 facet normal  6.853995e-02 -1.665761e-06  9.976484e-01
   outer loop
     vertex -2.654816e-01 -1.900000e-01  9.481408e-02
     vertex -2.669834e-01 -2.200000e-01  9.491721e-02
     vertex -2.654779e-01 -2.200000e-01  9.481378e-02
   endloop
 endfacet
 facet normal  6.848475e-02  1.110507e-06  9.976522e-01
   outer loop
     vertex -2.654816e-01 -1.900000e-01  9.481408e-02
     vertex -2.669858e-01 -1.900000e-01  9.491734e-02
     vertex -2.669834e-01 -2.200000e-01  9.491721e-02
   endloop
 endfacet
 facet normal  4.111145e-02 -5.557025e-07  9.991546e-01
   outer loop
     vertex -2.669858e-01  1.900000e-01  9.491734e-02
     vertex -2.684911e-01  2.200000e-01  9.497930e-02
     vertex -2.684923e-01  1.900000e-01  9.497933e-02
   endloop
 endfacet
 facet normal  4.114462e-02  1.111405e-06  9.991532e-01
   outer loop
     vertex -2.669834e-01  2.200000e-01  9.491721e-02
     vertex -2.684911e-01  2.200000e-01  9.497930e-02
     vertex -2.669858e-01  1.900000e-01  9.491734e-02
   endloop
 endfacet
 facet normal  9.588368e-02 -2.219219e-06  9.953925e-01
   outer loop
     vertex -2.639807e-01 -1.900000e-01  9.466963e-02
     vertex -2.654779e-01 -2.200000e-01  9.481378e-02
     vertex -2.639759e-01 -2.200000e-01  9.466909e-02
   endloop
 endfacet
 facet normal  9.580658e-02  1.664414e-06  9.954000e-01
   outer loop
     vertex -2.639807e-01 -1.900000e-01  9.466963e-02
     vertex -2.654816e-01 -1.900000e-01  9.481408e-02
     vertex -2.654779e-01 -2.200000e-01  9.481378e-02
   endloop
 endfacet
 facet normal  6.848475e-02 -1.110507e-06  9.976522e-01
   outer loop
     vertex -2.654816e-01  1.900000e-01  9.481408e-02
     vertex -2.669834e-01  2.200000e-01  9.491721e-02
     vertex -2.669858e-01  1.900000e-01  9.491734e-02
   endloop
 endfacet
 facet normal  6.853995e-02  1.665761e-06  9.976484e-01
   outer loop
     vertex -2.654779e-01  2.200000e-01  9.481378e-02
     vertex -2.669834e-01  2.200000e-01  9.491721e-02
     vertex -2.654816e-01  1.900000e-01  9.481408e-02
   endloop
 endfacet
 facet normal  1.231552e-01 -2.771779e-06  9.923874e-01
   outer loop
     vertex -2.624844e-01 -1.900000e-01  9.448408e-02
     vertex -2.639759e-01 -2.200000e-01  9.466909e-02
     vertex -2.624783e-01 -2.200000e-01  9.448325e-02
   endloop
 endfacet
 facet normal  1.230564e-01  2.217423e-06  9.923997e-01
   outer loop
     vertex -2.624844e-01 -1.900000e-01  9.448408e-02
     vertex -2.639807e-01 -1.900000e-01  9.466963e-02
     vertex -2.639759e-01 -2.200000e-01  9.466909e-02
   endloop
 endfacet
 facet normal  9.580658e-02 -1.664414e-06  9.954000e-01
   outer loop
     vertex -2.639807e-01  1.900000e-01  9.466963e-02
     vertex -2.654779e-01  2.200000e-01  9.481378e-02
     vertex -2.654816e-01  1.900000e-01  9.481408e-02
   endloop
 endfacet
 facet normal  9.588368e-02  2.219219e-06  9.953925e-01
   outer loop
     vertex -2.639759e-01  2.200000e-01  9.466909e-02
     vertex -2.654779e-01  2.200000e-01  9.481378e-02
     vertex -2.639807e-01  1.900000e-01  9.466963e-02
   endloop
 endfacet
 facet normal  1.503341e-01 -3.323441e-06  9.886353e-01
   outer loop
     vertex -2.609937e-01 -1.900000e-01  9.425759e-02
     vertex -2.624783e-01 -2.200000e-01  9.448325e-02
     vertex -2.609865e-01 -2.200000e-01  9.425639e-02
   endloop
 endfacet
 facet normal  1.502138e-01  2.769534e-06  9.886535e-01
   outer loop
     vertex -2.609937e-01 -1.900000e-01  9.425759e-02
     vertex -2.624844e-01 -1.900000e-01  9.448408e-02
     vertex -2.624783e-01 -2.200000e-01  9.448325e-02
   endloop
 endfacet
 facet normal  1.230564e-01 -2.217423e-06  9.923997e-01
   outer loop
     vertex -2.624844e-01  1.900000e-01  9.448408e-02
     vertex -2.639759e-01  2.200000e-01  9.466909e-02
     vertex -2.639807e-01  1.900000e-01  9.466963e-02
   endloop
 endfacet
 facet normal  1.231552e-01  2.771779e-06  9.923874e-01
   outer loop
     vertex -2.624783e-01  2.200000e-01  9.448325e-02
     vertex -2.639759e-01  2.200000e-01  9.466909e-02
     vertex -2.624844e-01  1.900000e-01  9.448408e-02
   endloop
 endfacet
 facet normal  1.773998e-01 -3.874205e-06  9.841389e-01
   outer loop
     vertex -2.595098e-01 -1.900000e-01  9.399032e-02
     vertex -2.609865e-01 -2.200000e-01  9.425639e-02
     vertex -2.595014e-01 -2.200000e-01  9.398870e-02
   endloop
 endfacet
 facet normal  1.772582e-01  3.320747e-06  9.841644e-01
   outer loop
     vertex -2.595098e-01 -1.900000e-01  9.399032e-02
     vertex -2.609937e-01 -1.900000e-01  9.425759e-02
     vertex -2.609865e-01 -2.200000e-01  9.425639e-02
   endloop
 endfacet
 facet normal  1.502138e-01 -2.769534e-06  9.886535e-01
   outer loop
     vertex -2.609937e-01  1.900000e-01  9.425759e-02
     vertex -2.624783e-01  2.200000e-01  9.448325e-02
     vertex -2.624844e-01  1.900000e-01  9.448408e-02
   endloop
 endfacet
 facet normal  1.503341e-01  3.323441e-06  9.886353e-01
   outer loop
     vertex -2.609865e-01  2.200000e-01  9.425639e-02
     vertex -2.624783e-01  2.200000e-01  9.448325e-02
     vertex -2.609937e-01  1.900000e-01  9.425759e-02
   endloop
 endfacet
 facet normal  2.043319e-01 -4.424072e-06  9.789017e-01
   outer loop
     vertex -2.580337e-01 -1.900000e-01  9.368247e-02
     vertex -2.595014e-01 -2.200000e-01  9.398870e-02
     vertex -2.580242e-01 -2.200000e-01  9.368036e-02
   endloop
 endfacet
 facet normal  2.041694e-01  3.871063e-06  9.789356e-01
   outer loop
     vertex -2.580337e-01 -1.900000e-01  9.368247e-02
     vertex -2.595098e-01 -1.900000e-01  9.399032e-02
     vertex -2.595014e-01 -2.200000e-01  9.398870e-02
   endloop
 endfacet
 facet normal  1.772582e-01 -3.320747e-06  9.841644e-01
   outer loop
     vertex -2.595098e-01  1.900000e-01  9.399032e-02
     vertex -2.609865e-01  2.200000e-01  9.425639e-02
     vertex -2.609937e-01  1.900000e-01  9.425759e-02
   endloop
 endfacet
 facet normal  1.773998e-01  3.874205e-06  9.841389e-01
   outer loop
     vertex -2.595014e-01  2.200000e-01  9.398870e-02
     vertex -2.609865e-01  2.200000e-01  9.425639e-02
     vertex -2.595098e-01  1.900000e-01  9.399032e-02
   endloop
 endfacet
 facet normal  2.311102e-01 -4.973040e-06  9.729276e-01
   outer loop
     vertex -2.565667e-01 -1.900000e-01  9.333428e-02
     vertex -2.580242e-01 -2.200000e-01  9.368036e-02
     vertex -2.565561e-01 -2.200000e-01  9.333161e-02
   endloop
 endfacet
 facet normal  2.309272e-01  4.420480e-06  9.729710e-01
   outer loop
     vertex -2.565667e-01 -1.900000e-01  9.333428e-02
     vertex -2.580337e-01 -1.900000e-01  9.368247e-02
     vertex -2.580242e-01 -2.200000e-01  9.368036e-02
   endloop
 endfacet
 facet normal  2.041694e-01 -3.871063e-06  9.789356e-01
   outer loop
     vertex -2.580337e-01  1.900000e-01  9.368247e-02
     vertex -2.595014e-01  2.200000e-01  9.398870e-02
     vertex -2.595098e-01  1.900000e-01  9.399032e-02
   endloop
 endfacet
 facet normal  2.043319e-01  4.424072e-06  9.789017e-01
   outer loop
     vertex -2.580242e-01  2.200000e-01  9.368036e-02
     vertex -2.595014e-01  2.200000e-01  9.398870e-02
     vertex -2.580337e-01  1.900000e-01  9.368247e-02
   endloop
 endfacet
 facet normal  2.577146e-01 -5.521111e-06  9.662211e-01
   outer loop
     vertex -2.551097e-01 -1.900000e-01  9.294601e-02
     vertex -2.565561e-01 -2.200000e-01  9.333161e-02
     vertex -2.550980e-01 -2.200000e-01  9.294271e-02
   endloop
 endfacet
 facet normal  2.575115e-01  4.969000e-06  9.662752e-01
   outer loop
     vertex -2.551097e-01 -1.900000e-01  9.294601e-02
     vertex -2.565667e-01 -1.900000e-01  9.333428e-02
     vertex -2.565561e-01 -2.200000e-01  9.333161e-02
   endloop
 endfacet
 facet normal  2.309272e-01 -4.420480e-06  9.729710e-01
   outer loop
     vertex -2.565667e-01  1.900000e-01  9.333428e-02
     vertex -2.580242e-01  2.200000e-01  9.368036e-02
     vertex -2.580337e-01  1.900000e-01  9.368247e-02
   endloop
 endfacet
 facet normal  2.311102e-01  4.973040e-06  9.729276e-01
   outer loop
     vertex -2.565561e-01  2.200000e-01  9.333161e-02
     vertex -2.580242e-01  2.200000e-01  9.368036e-02
     vertex -2.565667e-01  1.900000e-01  9.333428e-02
   endloop
 endfacet
 facet normal  2.841250e-01 -6.068284e-06  9.587873e-01
   outer loop
     vertex -2.536640e-01 -1.900000e-01  9.251794e-02
     vertex -2.550980e-01 -2.200000e-01  9.294271e-02
     vertex -2.536512e-01 -2.200000e-01  9.251396e-02
   endloop
 endfacet
 facet normal  2.839022e-01  5.516622e-06  9.588533e-01
   outer loop
     vertex -2.536640e-01 -1.900000e-01  9.251794e-02
     vertex -2.551097e-01 -1.900000e-01  9.294601e-02
     vertex -2.550980e-01 -2.200000e-01  9.294271e-02
   endloop
 endfacet
 facet normal  2.575115e-01 -4.969000e-06  9.662752e-01
   outer loop
     vertex -2.551097e-01  1.900000e-01  9.294601e-02
     vertex -2.565561e-01  2.200000e-01  9.333161e-02
     vertex -2.565667e-01  1.900000e-01  9.333428e-02
   endloop
 endfacet
 facet normal  2.577146e-01  5.521111e-06  9.662211e-01
   outer loop
     vertex -2.550980e-01  2.200000e-01  9.294271e-02
     vertex -2.565561e-01  2.200000e-01  9.333161e-02
     vertex -2.551097e-01  1.900000e-01  9.294601e-02
   endloop
 endfacet
 facet normal  3.103214e-01 -6.614559e-06  9.506317e-01
   outer loop
     vertex -2.522305e-01 -1.900000e-01  9.205040e-02
     vertex -2.536512e-01 -2.200000e-01  9.251396e-02
     vertex -2.522167e-01 -2.200000e-01  9.204568e-02
   endloop
 endfacet
 facet normal  3.100795e-01  6.063346e-06  9.507106e-01
   outer loop
     vertex -2.522305e-01 -1.900000e-01  9.205040e-02
     vertex -2.536640e-01 -1.900000e-01  9.251794e-02
     vertex -2.536512e-01 -2.200000e-01  9.251396e-02
   endloop
 endfacet
 facet normal  2.839022e-01 -5.516622e-06  9.588533e-01
   outer loop
     vertex -2.536640e-01  1.900000e-01  9.251794e-02
     vertex -2.550980e-01  2.200000e-01  9.294271e-02
     vertex -2.551097e-01  1.900000e-01  9.294601e-02
   endloop
 endfacet
 facet normal  2.841250e-01  6.068284e-06  9.587873e-01
   outer loop
     vertex -2.536512e-01  2.200000e-01  9.251396e-02
     vertex -2.550980e-01  2.200000e-01  9.294271e-02
     vertex -2.536640e-01  1.900000e-01  9.251794e-02
   endloop
 endfacet
 facet normal  3.360238e-01  6.609172e-06  9.418535e-01
   outer loop
     vertex -2.508104e-01 -1.900000e-01  9.154375e-02
     vertex -2.522305e-01 -1.900000e-01  9.205040e-02
     vertex -2.522167e-01 -2.200000e-01  9.204568e-02
   endloop
 endfacet
 facet normal  3.362843e-01 -7.159936e-06  9.417605e-01
   outer loop
     vertex -2.508104e-01 -1.900000e-01  9.154375e-02
     vertex -2.522167e-01 -2.200000e-01  9.204568e-02
     vertex -2.507955e-01 -2.200000e-01  9.153823e-02
   endloop
 endfacet
 facet normal  3.100795e-01 -6.063346e-06  9.507106e-01
   outer loop
     vertex -2.522305e-01  1.900000e-01  9.205040e-02
     vertex -2.536512e-01  2.200000e-01  9.251396e-02
     vertex -2.536640e-01  1.900000e-01  9.251794e-02
   endloop
 endfacet
 facet normal  3.103214e-01  6.614559e-06  9.506317e-01
   outer loop
     vertex -2.522167e-01  2.200000e-01  9.204568e-02
     vertex -2.536512e-01  2.200000e-01  9.251396e-02
     vertex -2.522305e-01  1.900000e-01  9.205040e-02
   endloop
 endfacet
 facet normal  3.617155e-01  7.154100e-06  9.322885e-01
   outer loop
     vertex -2.494047e-01 -1.900000e-01  9.099835e-02
     vertex -2.508104e-01 -1.900000e-01  9.154375e-02
     vertex -2.507955e-01 -2.200000e-01  9.153823e-02
   endloop
 endfacet
 facet normal  3.619940e-01 -7.704415e-06  9.321804e-01
   outer loop
     vertex -2.494047e-01 -1.900000e-01  9.099835e-02
     vertex -2.507955e-01 -2.200000e-01  9.153823e-02
     vertex -2.493889e-01 -2.200000e-01  9.099197e-02
   endloop
 endfacet
 facet normal  3.360238e-01 -6.609172e-06  9.418535e-01
   outer loop
     vertex -2.508104e-01  1.900000e-01  9.154375e-02
     vertex -2.522167e-01  2.200000e-01  9.204568e-02
     vertex -2.522305e-01  1.900000e-01  9.205040e-02
   endloop
 endfacet
 facet normal  3.362843e-01  7.159936e-06  9.417605e-01
   outer loop
     vertex -2.507955e-01  2.200000e-01  9.153823e-02
     vertex -2.522167e-01  2.200000e-01  9.204568e-02
     vertex -2.508104e-01  1.900000e-01  9.154375e-02
   endloop
 endfacet
 facet normal  3.874313e-01 -8.247997e-06  9.218986e-01
   outer loop
     vertex -2.480144e-01 -1.900000e-01  9.041463e-02
     vertex -2.493889e-01 -2.200000e-01  9.099197e-02
     vertex -2.479977e-01 -2.200000e-01  9.040733e-02
   endloop
 endfacet
 facet normal  3.871354e-01  7.698130e-06  9.220229e-01
   outer loop
     vertex -2.480144e-01 -1.900000e-01  9.041463e-02
     vertex -2.494047e-01 -1.900000e-01  9.099835e-02
     vertex -2.493889e-01 -2.200000e-01  9.099197e-02
   endloop
 endfacet
 facet normal  3.617155e-01 -7.154100e-06  9.322885e-01
   outer loop
     vertex -2.494047e-01  1.900000e-01  9.099835e-02
     vertex -2.507955e-01  2.200000e-01  9.153823e-02
     vertex -2.508104e-01  1.900000e-01  9.154375e-02
   endloop
 endfacet
 facet normal  3.619940e-01  7.704415e-06  9.321804e-01
   outer loop
     vertex -2.493889e-01  2.200000e-01  9.099197e-02
     vertex -2.507955e-01  2.200000e-01  9.153823e-02
     vertex -2.494047e-01  1.900000e-01  9.099835e-02
   endloop
 endfacet
 facet normal  4.125769e-01 -8.790681e-06  9.109228e-01
   outer loop
     vertex -2.466407e-01 -1.900000e-01  8.979302e-02
     vertex -2.479977e-01 -2.200000e-01  9.040733e-02
     vertex -2.466231e-01 -2.200000e-01  8.978475e-02
   endloop
 endfacet
 facet normal  4.122644e-01  8.241263e-06  9.110643e-01
   outer loop
     vertex -2.466407e-01 -1.900000e-01  8.979302e-02
     vertex -2.480144e-01 -1.900000e-01  9.041463e-02
     vertex -2.479977e-01 -2.200000e-01  9.040733e-02
   endloop
 endfacet
 facet normal  3.871354e-01 -7.698130e-06  9.220229e-01
   outer loop
     vertex -2.480144e-01  1.900000e-01  9.041463e-02
     vertex -2.493889e-01  2.200000e-01  9.099197e-02
     vertex -2.494047e-01  1.900000e-01  9.099835e-02
   endloop
 endfacet
 facet normal  3.874313e-01  8.247997e-06  9.218986e-01
   outer loop
     vertex -2.479977e-01  2.200000e-01  9.040733e-02
     vertex -2.493889e-01  2.200000e-01  9.099197e-02
     vertex -2.480144e-01  1.900000e-01  9.041463e-02
   endloop
 endfacet
 facet normal  4.374119e-01 -9.332466e-06  8.992613e-01
   outer loop
     vertex -2.452846e-01 -1.900000e-01  8.913399e-02
     vertex -2.466231e-01 -2.200000e-01  8.978475e-02
     vertex -2.452661e-01 -2.200000e-01  8.912469e-02
   endloop
 endfacet
 facet normal  4.370835e-01  8.783498e-06  8.994209e-01
   outer loop
     vertex -2.452846e-01 -1.900000e-01  8.913399e-02
     vertex -2.466407e-01 -1.900000e-01  8.979302e-02
     vertex -2.466231e-01 -2.200000e-01  8.978475e-02
   endloop
 endfacet
 facet normal  4.122644e-01 -8.241263e-06  9.110643e-01
   outer loop
     vertex -2.466407e-01  1.900000e-01  8.979302e-02
     vertex -2.479977e-01  2.200000e-01  9.040733e-02
     vertex -2.480144e-01  1.900000e-01  9.041463e-02
   endloop
 endfacet
 facet normal  4.125769e-01  8.790681e-06  9.109228e-01
   outer loop
     vertex -2.466231e-01  2.200000e-01  8.978475e-02
     vertex -2.479977e-01  2.200000e-01  9.040733e-02
     vertex -2.466407e-01  1.900000e-01  8.979302e-02
   endloop
 endfacet
 facet normal  4.619176e-01 -9.873354e-06  8.869228e-01
   outer loop
     vertex -2.439470e-01 -1.900000e-01  8.843803e-02
     vertex -2.452661e-01 -2.200000e-01  8.912469e-02
     vertex -2.439277e-01 -2.200000e-01  8.842765e-02
   endloop
 endfacet
 facet normal  4.615741e-01  9.324835e-06  8.871017e-01
   outer loop
     vertex -2.439470e-01 -1.900000e-01  8.843803e-02
     vertex -2.452846e-01 -1.900000e-01  8.913399e-02
     vertex -2.452661e-01 -2.200000e-01  8.912469e-02
   endloop
 endfacet
 facet normal  4.370835e-01 -8.783498e-06  8.994209e-01
   outer loop
     vertex -2.452846e-01  1.900000e-01  8.913399e-02
     vertex -2.466231e-01  2.200000e-01  8.978475e-02
     vertex -2.466407e-01  1.900000e-01  8.979302e-02
   endloop
 endfacet
 facet normal  4.374119e-01  9.332466e-06  8.992613e-01
   outer loop
     vertex -2.452661e-01  2.200000e-01  8.912469e-02
     vertex -2.466231e-01  2.200000e-01  8.978475e-02
     vertex -2.452846e-01  1.900000e-01  8.913399e-02
   endloop
 endfacet
 facet normal  4.860756e-01 -1.041334e-05  8.739167e-01
   outer loop
     vertex -2.426290e-01 -1.900000e-01  8.770566e-02
     vertex -2.439277e-01 -2.200000e-01  8.842765e-02
     vertex -2.426090e-01 -2.200000e-01  8.769415e-02
   endloop
 endfacet
 facet normal  4.857178e-01  9.865274e-06  8.741157e-01
   outer loop
     vertex -2.426290e-01 -1.900000e-01  8.770566e-02
     vertex -2.439470e-01 -1.900000e-01  8.843803e-02
     vertex -2.439277e-01 -2.200000e-01  8.842765e-02
   endloop
 endfacet
 facet normal  4.615741e-01 -9.324835e-06  8.871017e-01
   outer loop
     vertex -2.439470e-01  1.900000e-01  8.843803e-02
     vertex -2.452661e-01  2.200000e-01  8.912469e-02
     vertex -2.452846e-01  1.900000e-01  8.913399e-02
   endloop
 endfacet
 facet normal  4.619176e-01  9.873354e-06  8.869228e-01
   outer loop
     vertex -2.439277e-01  2.200000e-01  8.842765e-02
     vertex -2.452661e-01  2.200000e-01  8.912469e-02
     vertex -2.439470e-01  1.900000e-01  8.843803e-02
   endloop
 endfacet
 facet normal  5.098678e-01 -1.095244e-05  8.602528e-01
   outer loop
     vertex -2.413316e-01 -1.900000e-01  8.693745e-02
     vertex -2.426090e-01 -2.200000e-01  8.769415e-02
     vertex -2.413108e-01 -2.200000e-01  8.692475e-02
   endloop
 endfacet
 facet normal  5.094965e-01  1.040481e-05  8.604727e-01
   outer loop
     vertex -2.413316e-01 -1.900000e-01  8.693745e-02
     vertex -2.426290e-01 -1.900000e-01  8.770566e-02
     vertex -2.426090e-01 -2.200000e-01  8.769415e-02
   endloop
 endfacet
 facet normal  4.857178e-01 -9.865274e-06  8.741157e-01
   outer loop
     vertex -2.426290e-01  1.900000e-01  8.770566e-02
     vertex -2.439277e-01  2.200000e-01  8.842765e-02
     vertex -2.439470e-01  1.900000e-01  8.843803e-02
   endloop
 endfacet
 facet normal  4.860756e-01  1.041334e-05  8.739167e-01
   outer loop
     vertex -2.426090e-01  2.200000e-01  8.769415e-02
     vertex -2.439277e-01  2.200000e-01  8.842765e-02
     vertex -2.426290e-01  1.900000e-01  8.770566e-02
   endloop
 endfacet
 facet normal  5.332761e-01 -1.149063e-05  8.459413e-01
   outer loop
     vertex -2.400557e-01 -1.900000e-01  8.613395e-02
     vertex -2.413108e-01 -2.200000e-01  8.692475e-02
     vertex -2.400343e-01 -2.200000e-01  8.612003e-02
   endloop
 endfacet
 facet normal  5.328922e-01  1.094346e-05  8.461831e-01
   outer loop
     vertex -2.400557e-01 -1.900000e-01  8.613395e-02
     vertex -2.413316e-01 -1.900000e-01  8.693745e-02
     vertex -2.413108e-01 -2.200000e-01  8.692475e-02
   endloop
 endfacet
 facet normal  5.094965e-01 -1.040481e-05  8.604727e-01
   outer loop
     vertex -2.413316e-01  1.900000e-01  8.693745e-02
     vertex -2.426090e-01  2.200000e-01  8.769415e-02
     vertex -2.426290e-01  1.900000e-01  8.770566e-02
   endloop
 endfacet
 facet normal  5.098678e-01  1.095244e-05  8.602528e-01
   outer loop
     vertex -2.413108e-01  2.200000e-01  8.692475e-02
     vertex -2.426090e-01  2.200000e-01  8.769415e-02
     vertex -2.413316e-01  1.900000e-01  8.693745e-02
   endloop
 endfacet
 facet normal  5.562829e-01 -1.202793e-05  8.309929e-01
   outer loop
     vertex -2.388024e-01 -1.900000e-01  8.529579e-02
     vertex -2.400343e-01 -2.200000e-01  8.612003e-02
     vertex -2.387803e-01 -2.200000e-01  8.528059e-02
   endloop
 endfacet
 facet normal  5.558875e-01  1.148120e-05  8.312575e-01
   outer loop
     vertex -2.388024e-01 -1.900000e-01  8.529579e-02
     vertex -2.400557e-01 -1.900000e-01  8.613395e-02
     vertex -2.400343e-01 -2.200000e-01  8.612003e-02
   endloop
 endfacet
 facet normal  5.328922e-01 -1.094346e-05  8.461831e-01
   outer loop
     vertex -2.400557e-01  1.900000e-01  8.613395e-02
     vertex -2.413108e-01  2.200000e-01  8.692475e-02
     vertex -2.413316e-01  1.900000e-01  8.693745e-02
   endloop
 endfacet
 facet normal  5.332761e-01  1.149063e-05  8.459413e-01
   outer loop
     vertex -2.400343e-01  2.200000e-01  8.612003e-02
     vertex -2.413108e-01  2.200000e-01  8.692475e-02
     vertex -2.400557e-01  1.900000e-01  8.613395e-02
   endloop
 endfacet
 facet normal  5.788711e-01 -1.256433e-05  8.154191e-01
   outer loop
     vertex -2.375725e-01 -1.900000e-01  8.442358e-02
     vertex -2.387803e-01 -2.200000e-01  8.528059e-02
     vertex -2.375498e-01 -2.200000e-01  8.440707e-02
   endloop
 endfacet
 facet normal  5.784650e-01  1.201805e-05  8.157072e-01
   outer loop
     vertex -2.375725e-01 -1.900000e-01  8.442358e-02
     vertex -2.388024e-01 -1.900000e-01  8.529579e-02
     vertex -2.387803e-01 -2.200000e-01  8.528059e-02
   endloop
 endfacet
 facet normal  5.558875e-01 -1.148120e-05  8.312575e-01
   outer loop
     vertex -2.388024e-01  1.900000e-01  8.529579e-02
     vertex -2.400343e-01  2.200000e-01  8.612003e-02
     vertex -2.400557e-01  1.900000e-01  8.613395e-02
   endloop
 endfacet
 facet normal  5.562829e-01  1.202793e-05  8.309929e-01
   outer loop
     vertex -2.387803e-01  2.200000e-01  8.528059e-02
     vertex -2.400343e-01  2.200000e-01  8.612003e-02
     vertex -2.388024e-01  1.900000e-01  8.529579e-02
   endloop
 endfacet
 facet normal  6.010234e-01 -1.309983e-05  7.992314e-01
   outer loop
     vertex -2.363669e-01 -1.900000e-01  8.351798e-02
     vertex -2.375498e-01 -2.200000e-01  8.440707e-02
     vertex -2.363438e-01 -2.200000e-01  8.350011e-02
   endloop
 endfacet
 facet normal  6.006077e-01  1.255400e-05  7.995439e-01
   outer loop
     vertex -2.363669e-01 -1.900000e-01  8.351798e-02
     vertex -2.375725e-01 -1.900000e-01  8.442358e-02
     vertex -2.375498e-01 -2.200000e-01  8.440707e-02
   endloop
 endfacet
 facet normal  5.784650e-01 -1.201805e-05  8.157072e-01
   outer loop
     vertex -2.375725e-01  1.900000e-01  8.442358e-02
     vertex -2.387803e-01  2.200000e-01  8.528059e-02
     vertex -2.388024e-01  1.900000e-01  8.529579e-02
   endloop
 endfacet
 facet normal  5.788711e-01  1.256433e-05  8.154191e-01
   outer loop
     vertex -2.375498e-01  2.200000e-01  8.440707e-02
     vertex -2.387803e-01  2.200000e-01  8.528059e-02
     vertex -2.375725e-01  1.900000e-01  8.442358e-02
   endloop
 endfacet
 facet normal  6.227234e-01 -1.363443e-05  7.824421e-01
   outer loop
     vertex -2.351866e-01 -1.900000e-01  8.257968e-02
     vertex -2.363438e-01 -2.200000e-01  8.350011e-02
     vertex -2.351631e-01 -2.200000e-01  8.256042e-02
   endloop
 endfacet
 facet normal  6.222990e-01  1.308905e-05  7.827796e-01
   outer loop
     vertex -2.351866e-01 -1.900000e-01  8.257968e-02
     vertex -2.363669e-01 -1.900000e-01  8.351798e-02
     vertex -2.363438e-01 -2.200000e-01  8.350011e-02
   endloop
 endfacet
 facet normal  6.006077e-01 -1.255400e-05  7.995439e-01
   outer loop
     vertex -2.363669e-01  1.900000e-01  8.351798e-02
     vertex -2.375498e-01  2.200000e-01  8.440707e-02
     vertex -2.375725e-01  1.900000e-01  8.442358e-02
   endloop
 endfacet
 facet normal  6.010234e-01  1.309983e-05  7.992314e-01
   outer loop
     vertex -2.363438e-01  2.200000e-01  8.350011e-02
     vertex -2.375498e-01  2.200000e-01  8.440707e-02
     vertex -2.363669e-01  1.900000e-01  8.351798e-02
   endloop
 endfacet
 facet normal  6.435227e-01  1.362321e-05  7.654270e-01
   outer loop
     vertex -2.340325e-01 -1.900000e-01  8.160938e-02
     vertex -2.351866e-01 -1.900000e-01  8.257968e-02
     vertex -2.351631e-01 -2.200000e-01  8.256042e-02
   endloop
 endfacet
 facet normal  6.439545e-01 -1.416814e-05  7.650637e-01
   outer loop
     vertex -2.340325e-01 -1.900000e-01  8.160938e-02
     vertex -2.351631e-01 -2.200000e-01  8.256042e-02
     vertex -2.340086e-01 -2.200000e-01  8.158868e-02
   endloop
 endfacet
 facet normal  6.222990e-01 -1.308905e-05  7.827796e-01
   outer loop
     vertex -2.351866e-01  1.900000e-01  8.257968e-02
     vertex -2.363438e-01  2.200000e-01  8.350011e-02
     vertex -2.363669e-01  1.900000e-01  8.351798e-02
   endloop
 endfacet
 facet normal  6.227234e-01  1.363443e-05  7.824421e-01
   outer loop
     vertex -2.351631e-01  2.200000e-01  8.256042e-02
     vertex -2.363438e-01  2.200000e-01  8.350011e-02
     vertex -2.351866e-01  1.900000e-01  8.257968e-02
   endloop
 endfacet
 facet normal  6.642627e-01  1.415646e-05  7.474992e-01
   outer loop
     vertex -2.329054e-01 -1.900000e-01  8.060781e-02
     vertex -2.340325e-01 -1.900000e-01  8.160938e-02
     vertex -2.340086e-01 -2.200000e-01  8.158868e-02
   endloop
 endfacet
 facet normal  6.647010e-01 -1.470094e-05  7.471095e-01
   outer loop
     vertex -2.329054e-01 -1.900000e-01  8.060781e-02
     vertex -2.340086e-01 -2.200000e-01  8.158868e-02
     vertex -2.328812e-01 -2.200000e-01  8.058563e-02
   endloop
 endfacet
 facet normal  6.435227e-01 -1.362321e-05  7.654270e-01
   outer loop
     vertex -2.340325e-01  1.900000e-01  8.160938e-02
     vertex -2.351631e-01  2.200000e-01  8.256042e-02
     vertex -2.351866e-01  1.900000e-01  8.257968e-02
   endloop
 endfacet
 facet normal  6.439545e-01  1.416814e-05  7.650637e-01
   outer loop
     vertex -2.340086e-01  2.200000e-01  8.158868e-02
     vertex -2.351631e-01  2.200000e-01  8.256042e-02
     vertex -2.340325e-01  1.900000e-01  8.160938e-02
   endloop
 endfacet
 facet normal  6.845035e-01  1.468882e-05  7.290096e-01
   outer loop
     vertex -2.318062e-01 -1.900000e-01  7.957571e-02
     vertex -2.329054e-01 -1.900000e-01  8.060781e-02
     vertex -2.328812e-01 -2.200000e-01  8.058563e-02
   endloop
 endfacet
 facet normal  6.849470e-01 -1.523285e-05  7.285929e-01
   outer loop
     vertex -2.318062e-01 -1.900000e-01  7.957571e-02
     vertex -2.328812e-01 -2.200000e-01  8.058563e-02
     vertex -2.317817e-01 -2.200000e-01  7.955204e-02
   endloop
 endfacet
 facet normal  6.642627e-01 -1.415646e-05  7.474992e-01
   outer loop
     vertex -2.329054e-01  1.900000e-01  8.060781e-02
     vertex -2.340086e-01  2.200000e-01  8.158868e-02
     vertex -2.340325e-01  1.900000e-01  8.160938e-02
   endloop
 endfacet
 facet normal  6.647010e-01  1.470094e-05  7.471095e-01
   outer loop
     vertex -2.328812e-01  2.200000e-01  8.058563e-02
     vertex -2.340086e-01  2.200000e-01  8.158868e-02
     vertex -2.329054e-01  1.900000e-01  8.060781e-02
   endloop
 endfacet
 facet normal  7.042298e-01  1.522028e-05  7.099721e-01
   outer loop
     vertex -2.307358e-01 -1.900000e-01  7.851388e-02
     vertex -2.318062e-01 -1.900000e-01  7.957571e-02
     vertex -2.317817e-01 -2.200000e-01  7.955204e-02
   endloop
 endfacet
 facet normal  7.046775e-01 -1.576386e-05  7.095278e-01
   outer loop
     vertex -2.307358e-01 -1.900000e-01  7.851388e-02
     vertex -2.317817e-01 -2.200000e-01  7.955204e-02
     vertex -2.307110e-01 -2.200000e-01  7.848867e-02
   endloop
 endfacet
 facet normal  6.845035e-01 -1.468882e-05  7.290096e-01
   outer loop
     vertex -2.318062e-01  1.900000e-01  7.957571e-02
     vertex -2.328812e-01  2.200000e-01  8.058563e-02
     vertex -2.329054e-01  1.900000e-01  8.060781e-02
   endloop
 endfacet
 facet normal  6.849470e-01  1.523285e-05  7.285929e-01
   outer loop
     vertex -2.317817e-01  2.200000e-01  7.955204e-02
     vertex -2.328812e-01  2.200000e-01  8.058563e-02
     vertex -2.318062e-01  1.900000e-01  7.957571e-02
   endloop
 endfacet
 facet normal  7.234269e-01  1.575084e-05  6.904010e-01
   outer loop
     vertex -2.296948e-01 -1.900000e-01  7.742310e-02
     vertex -2.307358e-01 -1.900000e-01  7.851388e-02
     vertex -2.307110e-01 -2.200000e-01  7.848867e-02
   endloop
 endfacet
 facet normal  7.238775e-01 -1.629398e-05  6.899286e-01
   outer loop
     vertex -2.296948e-01 -1.900000e-01  7.742310e-02
     vertex -2.307110e-01 -2.200000e-01  7.848867e-02
     vertex -2.296699e-01 -2.200000e-01  7.739633e-02
   endloop
 endfacet
 facet normal  7.042298e-01 -1.522028e-05  7.099721e-01
   outer loop
     vertex -2.307358e-01  1.900000e-01  7.851388e-02
     vertex -2.317817e-01  2.200000e-01  7.955204e-02
     vertex -2.318062e-01  1.900000e-01  7.957571e-02
   endloop
 endfacet
 facet normal  7.046775e-01  1.576386e-05  7.095278e-01
   outer loop
     vertex -2.307110e-01  2.200000e-01  7.848867e-02
     vertex -2.317817e-01  2.200000e-01  7.955204e-02
     vertex -2.307358e-01  1.900000e-01  7.851388e-02
   endloop
 endfacet
 facet normal  7.420803e-01  1.628051e-05  6.703110e-01
   outer loop
     vertex -2.286841e-01 -1.900000e-01  7.630419e-02
     vertex -2.296948e-01 -1.900000e-01  7.742310e-02
     vertex -2.296699e-01 -2.200000e-01  7.739633e-02
   endloop
 endfacet
 facet normal  7.425325e-01 -1.682319e-05  6.698100e-01
   outer loop
     vertex -2.286841e-01 -1.900000e-01  7.630419e-02
     vertex -2.296699e-01 -2.200000e-01  7.739633e-02
     vertex -2.286592e-01 -2.200000e-01  7.627584e-02
   endloop
 endfacet
 facet normal  7.234269e-01 -1.575084e-05  6.904010e-01
   outer loop
     vertex -2.296948e-01  1.900000e-01  7.742310e-02
     vertex -2.307110e-01  2.200000e-01  7.848867e-02
     vertex -2.307358e-01  1.900000e-01  7.851388e-02
   endloop
 endfacet
 facet normal  7.238775e-01  1.629398e-05  6.899286e-01
   outer loop
     vertex -2.296699e-01  2.200000e-01  7.739633e-02
     vertex -2.307110e-01  2.200000e-01  7.848867e-02
     vertex -2.296948e-01  1.900000e-01  7.742310e-02
   endloop
 endfacet
 facet normal  7.606287e-01 -1.735151e-05  6.491872e-01
   outer loop
     vertex -2.277044e-01 -1.900000e-01  7.515800e-02
     vertex -2.286592e-01 -2.200000e-01  7.627584e-02
     vertex -2.276795e-01 -2.200000e-01  7.512804e-02
   endloop
 endfacet
 facet normal  7.601759e-01  1.680928e-05  6.497173e-01
   outer loop
     vertex -2.277044e-01 -1.900000e-01  7.515800e-02
     vertex -2.286841e-01 -1.900000e-01  7.630419e-02
     vertex -2.286592e-01 -2.200000e-01  7.627584e-02
   endloop
 endfacet
 facet normal  7.420803e-01 -1.628051e-05  6.703110e-01
   outer loop
     vertex -2.286841e-01  1.900000e-01  7.630419e-02
     vertex -2.296699e-01  2.200000e-01  7.739633e-02
     vertex -2.296948e-01  1.900000e-01  7.742310e-02
   endloop
 endfacet
 facet normal  7.425325e-01  1.682319e-05  6.698100e-01
   outer loop
     vertex -2.286592e-01  2.200000e-01  7.627584e-02
     vertex -2.296699e-01  2.200000e-01  7.739633e-02
     vertex -2.286841e-01  1.900000e-01  7.630419e-02
   endloop
 endfacet
 facet normal  7.781522e-01 -1.787893e-05  6.280757e-01
   outer loop
     vertex -2.267566e-01 -1.900000e-01  7.398538e-02
     vertex -2.276795e-01 -2.200000e-01  7.512804e-02
     vertex -2.267318e-01 -2.200000e-01  7.395379e-02
   endloop
 endfacet
 facet normal  7.777003e-01  1.733715e-05  6.286353e-01
   outer loop
     vertex -2.267566e-01 -1.900000e-01  7.398538e-02
     vertex -2.277044e-01 -1.900000e-01  7.515800e-02
     vertex -2.276795e-01 -2.200000e-01  7.512804e-02
   endloop
 endfacet
 facet normal  7.601759e-01 -1.680928e-05  6.497173e-01
   outer loop
     vertex -2.277044e-01  1.900000e-01  7.515800e-02
     vertex -2.286592e-01  2.200000e-01  7.627584e-02
     vertex -2.286841e-01  1.900000e-01  7.630419e-02
   endloop
 endfacet
 facet normal  7.606287e-01  1.735151e-05  6.491872e-01
   outer loop
     vertex -2.276795e-01  2.200000e-01  7.512804e-02
     vertex -2.286592e-01  2.200000e-01  7.627584e-02
     vertex -2.277044e-01  1.900000e-01  7.515800e-02
   endloop
 endfacet
 facet normal  7.950900e-01 -1.840545e-05  6.064915e-01
   outer loop
     vertex -2.258412e-01 -1.900000e-01  7.278723e-02
     vertex -2.267318e-01 -2.200000e-01  7.395379e-02
     vertex -2.258166e-01 -2.200000e-01  7.275399e-02
   endloop
 endfacet
 facet normal  7.946401e-01  1.786412e-05  6.070808e-01
   outer loop
     vertex -2.258412e-01 -1.900000e-01  7.278723e-02
     vertex -2.267566e-01 -1.900000e-01  7.398538e-02
     vertex -2.267318e-01 -2.200000e-01  7.395379e-02
   endloop
 endfacet
 facet normal  7.777003e-01 -1.733715e-05  6.286353e-01
   outer loop
     vertex -2.267566e-01  1.900000e-01  7.398538e-02
     vertex -2.276795e-01  2.200000e-01  7.512804e-02
     vertex -2.277044e-01  1.900000e-01  7.515800e-02
   endloop
 endfacet
 facet normal  7.781522e-01  1.787893e-05  6.280757e-01
   outer loop
     vertex -2.267318e-01  2.200000e-01  7.395379e-02
     vertex -2.276795e-01  2.200000e-01  7.512804e-02
     vertex -2.267566e-01  1.900000e-01  7.398538e-02
   endloop
 endfacet
 facet normal  8.114292e-01 -1.893108e-05  5.844507e-01
   outer loop
     vertex -2.249591e-01 -1.900000e-01  7.156443e-02
     vertex -2.258166e-01 -2.200000e-01  7.275399e-02
     vertex -2.249346e-01 -2.200000e-01  7.152953e-02
   endloop
 endfacet
 facet normal  8.109828e-01  1.839019e-05  5.850700e-01
   outer loop
     vertex -2.249591e-01 -1.900000e-01  7.156443e-02
     vertex -2.258412e-01 -1.900000e-01  7.278723e-02
     vertex -2.258166e-01 -2.200000e-01  7.275399e-02
   endloop
 endfacet
 facet normal  7.946401e-01 -1.786412e-05  6.070808e-01
   outer loop
     vertex -2.258412e-01  1.900000e-01  7.278723e-02
     vertex -2.267318e-01  2.200000e-01  7.395379e-02
     vertex -2.267566e-01  1.900000e-01  7.398538e-02
   endloop
 endfacet
 facet normal  7.950900e-01  1.840545e-05  6.064915e-01
   outer loop
     vertex -2.258166e-01  2.200000e-01  7.275399e-02
     vertex -2.267318e-01  2.200000e-01  7.395379e-02
     vertex -2.258412e-01  1.900000e-01  7.278723e-02
   endloop
 endfacet
 facet normal  8.271577e-01 -1.945580e-05  5.619699e-01
   outer loop
     vertex -2.241107e-01 -1.900000e-01  7.031791e-02
     vertex -2.249346e-01 -2.200000e-01  7.152953e-02
     vertex -2.240866e-01 -2.200000e-01  7.028134e-02
   endloop
 endfacet
 facet normal  8.267159e-01  1.891537e-05  5.626196e-01
   outer loop
     vertex -2.241107e-01 -1.900000e-01  7.031791e-02
     vertex -2.249591e-01 -1.900000e-01  7.156443e-02
     vertex -2.249346e-01 -2.200000e-01  7.152953e-02
   endloop
 endfacet
 facet normal  8.109828e-01 -1.839019e-05  5.850700e-01
   outer loop
     vertex -2.249591e-01  1.900000e-01  7.156443e-02
     vertex -2.258166e-01  2.200000e-01  7.275399e-02
     vertex -2.258412e-01  1.900000e-01  7.278723e-02
   endloop
 endfacet
 facet normal  8.114292e-01  1.893108e-05  5.844507e-01
   outer loop
     vertex -2.249346e-01  2.200000e-01  7.152953e-02
     vertex -2.258166e-01  2.200000e-01  7.275399e-02
     vertex -2.249591e-01  1.900000e-01  7.156443e-02
   endloop
 endfacet
 facet normal  8.422635e-01 -1.997963e-05  5.390661e-01
   outer loop
     vertex -2.232969e-01 -1.900000e-01  6.904860e-02
     vertex -2.240866e-01 -2.200000e-01  7.028134e-02
     vertex -2.232731e-01 -2.200000e-01  6.901035e-02
   endloop
 endfacet
 facet normal  8.418277e-01  1.943964e-05  5.397463e-01
   outer loop
     vertex -2.232969e-01 -1.900000e-01  6.904860e-02
     vertex -2.241107e-01 -1.900000e-01  7.031791e-02
     vertex -2.240866e-01 -2.200000e-01  7.028134e-02
   endloop
 endfacet
 facet normal  8.267159e-01 -1.891537e-05  5.626196e-01
   outer loop
     vertex -2.241107e-01  1.900000e-01  7.031791e-02
     vertex -2.249346e-01  2.200000e-01  7.152953e-02
     vertex -2.249591e-01  1.900000e-01  7.156443e-02
   endloop
 endfacet
 facet normal  8.271577e-01  1.945580e-05  5.619699e-01
   outer loop
     vertex -2.240866e-01  2.200000e-01  7.028134e-02
     vertex -2.249346e-01  2.200000e-01  7.152953e-02
     vertex -2.241107e-01  1.900000e-01  7.031791e-02
   endloop
 endfacet
 facet normal  8.567352e-01 -2.050256e-05  5.157565e-01
   outer loop
     vertex -2.225182e-01 -1.900000e-01  6.775747e-02
     vertex -2.232731e-01 -2.200000e-01  6.901035e-02
     vertex -2.224949e-01 -2.200000e-01  6.771753e-02
   endloop
 endfacet
 facet normal  8.563069e-01  1.996302e-05  5.164674e-01
   outer loop
     vertex -2.225182e-01 -1.900000e-01  6.775747e-02
     vertex -2.232969e-01 -1.900000e-01  6.904860e-02
     vertex -2.232731e-01 -2.200000e-01  6.901035e-02
   endloop
 endfacet
 facet normal  8.418277e-01 -1.943964e-05  5.397463e-01
   outer loop
     vertex -2.232969e-01  1.900000e-01  6.904860e-02
     vertex -2.240866e-01  2.200000e-01  7.028134e-02
     vertex -2.241107e-01  1.900000e-01  7.031791e-02
   endloop
 endfacet
 facet normal  8.422635e-01  1.997963e-05  5.390661e-01
   outer loop
     vertex -2.232731e-01  2.200000e-01  6.901035e-02
     vertex -2.240866e-01  2.200000e-01  7.028134e-02
     vertex -2.232969e-01  1.900000e-01  6.904860e-02
   endloop
 endfacet
 facet normal  8.705620e-01 -2.102460e-05  4.920587e-01
   outer loop
     vertex -2.217751e-01 -1.900000e-01  6.644547e-02
     vertex -2.224949e-01 -2.200000e-01  6.771753e-02
     vertex -2.217523e-01 -2.200000e-01  6.640384e-02
   endloop
 endfacet
 facet normal  8.701425e-01  2.048550e-05  4.928003e-01
   outer loop
     vertex -2.217751e-01 -1.900000e-01  6.644547e-02
     vertex -2.225182e-01 -1.900000e-01  6.775747e-02
     vertex -2.224949e-01 -2.200000e-01  6.771753e-02
   endloop
 endfacet
 facet normal  8.563069e-01 -1.996302e-05  5.164674e-01
   outer loop
     vertex -2.225182e-01  1.900000e-01  6.775747e-02
     vertex -2.232731e-01  2.200000e-01  6.901035e-02
     vertex -2.232969e-01  1.900000e-01  6.904860e-02
   endloop
 endfacet
 facet normal  8.567352e-01  2.050256e-05  5.157565e-01
   outer loop
     vertex -2.224949e-01  2.200000e-01  6.771753e-02
     vertex -2.232731e-01  2.200000e-01  6.901035e-02
     vertex -2.225182e-01  1.900000e-01  6.775747e-02
   endloop
 endfacet
 facet normal  8.833241e-01  2.100709e-05  4.687628e-01
   outer loop
     vertex -2.210683e-01 -1.900000e-01  6.511359e-02
     vertex -2.217751e-01 -1.900000e-01  6.644547e-02
     vertex -2.217523e-01 -2.200000e-01  6.640384e-02
   endloop
 endfacet
 facet normal  8.837335e-01 -2.154573e-05  4.679904e-01
   outer loop
     vertex -2.210683e-01 -1.900000e-01  6.511359e-02
     vertex -2.217523e-01 -2.200000e-01  6.640384e-02
     vertex -2.210461e-01 -2.200000e-01  6.507027e-02
   endloop
 endfacet
 facet normal  8.701425e-01 -2.048550e-05  4.928003e-01
   outer loop
     vertex -2.217751e-01  1.900000e-01  6.644547e-02
     vertex -2.224949e-01  2.200000e-01  6.771753e-02
     vertex -2.225182e-01  1.900000e-01  6.775747e-02
   endloop
 endfacet
 facet normal  8.705620e-01  2.102460e-05  4.920587e-01
   outer loop
     vertex -2.217523e-01  2.200000e-01  6.640384e-02
     vertex -2.224949e-01  2.200000e-01  6.771753e-02
     vertex -2.217751e-01  1.900000e-01  6.644547e-02
   endloop
 endfacet
 facet normal  8.958418e-01  2.152777e-05  4.443730e-01
   outer loop
     vertex -2.203983e-01 -1.900000e-01  6.376285e-02
     vertex -2.210683e-01 -1.900000e-01  6.511359e-02
     vertex -2.210461e-01 -2.200000e-01  6.507027e-02
   endloop
 endfacet
 facet normal  8.962398e-01 -2.206597e-05  4.435699e-01
   outer loop
     vertex -2.203983e-01 -1.900000e-01  6.376285e-02
     vertex -2.210461e-01 -2.200000e-01  6.507027e-02
     vertex -2.203768e-01 -2.200000e-01  6.371783e-02
   endloop
 endfacet
 facet normal  8.833241e-01 -2.100709e-05  4.687628e-01
   outer loop
     vertex -2.210683e-01  1.900000e-01  6.511359e-02
     vertex -2.217523e-01  2.200000e-01  6.640384e-02
     vertex -2.217751e-01  1.900000e-01  6.644547e-02
   endloop
 endfacet
 facet normal  8.837335e-01  2.154573e-05  4.679904e-01
   outer loop
     vertex -2.210461e-01  2.200000e-01  6.507027e-02
     vertex -2.217523e-01  2.200000e-01  6.640384e-02
     vertex -2.210683e-01  1.900000e-01  6.511359e-02
   endloop
 endfacet
 facet normal  9.080714e-01 -2.258531e-05  4.188155e-01
   outer loop
     vertex -2.197656e-01 -1.900000e-01  6.239424e-02
     vertex -2.203768e-01 -2.200000e-01  6.371783e-02
     vertex -2.197448e-01 -2.200000e-01  6.234754e-02
   endloop
 endfacet
 facet normal  9.076863e-01  2.204756e-05  4.196493e-01
   outer loop
     vertex -2.197656e-01 -1.900000e-01  6.239424e-02
     vertex -2.203983e-01 -1.900000e-01  6.376285e-02
     vertex -2.203768e-01 -2.200000e-01  6.371783e-02
   endloop
 endfacet
 facet normal  8.958418e-01 -2.152777e-05  4.443730e-01
   outer loop
     vertex -2.203983e-01  1.900000e-01  6.376285e-02
     vertex -2.210461e-01  2.200000e-01  6.507027e-02
     vertex -2.210683e-01  1.900000e-01  6.511359e-02
   endloop
 endfacet
 facet normal  8.962398e-01  2.206597e-05  4.435699e-01
   outer loop
     vertex -2.203768e-01  2.200000e-01  6.371783e-02
     vertex -2.210461e-01  2.200000e-01  6.507027e-02
     vertex -2.203983e-01  1.900000e-01  6.376285e-02
   endloop
 endfacet
 facet normal  9.188486e-01  2.256645e-05  3.946102e-01
   outer loop
     vertex -2.191706e-01 -1.900000e-01  6.100880e-02
     vertex -2.197656e-01 -1.900000e-01  6.239424e-02
     vertex -2.197448e-01 -2.200000e-01  6.234754e-02
   endloop
 endfacet
 facet normal  9.192194e-01 -2.310375e-05  3.937458e-01
   outer loop
     vertex -2.191706e-01 -1.900000e-01  6.100880e-02
     vertex -2.197448e-01 -2.200000e-01  6.234754e-02
     vertex -2.191506e-01 -2.200000e-01  6.096042e-02
   endloop
 endfacet
 facet normal  9.076863e-01 -2.204756e-05  4.196493e-01
   outer loop
     vertex -2.197656e-01  1.900000e-01  6.239424e-02
     vertex -2.203768e-01  2.200000e-01  6.371783e-02
     vertex -2.203983e-01  1.900000e-01  6.376285e-02
   endloop
 endfacet
 facet normal  9.080714e-01  2.258531e-05  4.188155e-01
   outer loop
     vertex -2.197448e-01  2.200000e-01  6.234754e-02
     vertex -2.203768e-01  2.200000e-01  6.371783e-02
     vertex -2.197656e-01  1.900000e-01  6.239424e-02
   endloop
 endfacet
 facet normal  9.296754e-01 -2.362129e-05  3.683796e-01
   outer loop
     vertex -2.186138e-01 -1.900000e-01  5.960757e-02
     vertex -2.191506e-01 -2.200000e-01  6.096042e-02
     vertex -2.185947e-01 -2.200000e-01  5.955753e-02
   endloop
 endfacet
 facet normal  9.293204e-01  2.308445e-05  3.692745e-01
   outer loop
     vertex -2.186138e-01 -1.900000e-01  5.960757e-02
     vertex -2.191706e-01 -1.900000e-01  6.100880e-02
     vertex -2.191506e-01 -2.200000e-01  6.096042e-02
   endloop
 endfacet
 facet normal  9.188486e-01 -2.256645e-05  3.946102e-01
   outer loop
     vertex -2.191706e-01  1.900000e-01  6.100880e-02
     vertex -2.197448e-01  2.200000e-01  6.234754e-02
     vertex -2.197656e-01  1.900000e-01  6.239424e-02
   endloop
 endfacet
 facet normal  9.192194e-01  2.310375e-05  3.937458e-01
   outer loop
     vertex -2.191506e-01  2.200000e-01  6.096042e-02
     vertex -2.197448e-01  2.200000e-01  6.234754e-02
     vertex -2.191706e-01  1.900000e-01  6.100880e-02
   endloop
 endfacet
 facet normal  9.390937e-01  2.360154e-05  3.436612e-01
   outer loop
     vertex -2.180956e-01 -1.900000e-01  5.819161e-02
     vertex -2.186138e-01 -1.900000e-01  5.960757e-02
     vertex -2.185947e-01 -2.200000e-01  5.955753e-02
   endloop
 endfacet
 facet normal  9.394317e-01 -2.413794e-05  3.427362e-01
   outer loop
     vertex -2.180956e-01 -1.900000e-01  5.819161e-02
     vertex -2.185947e-01 -2.200000e-01  5.955753e-02
     vertex -2.180775e-01 -2.200000e-01  5.813991e-02
   endloop
 endfacet
 facet normal  9.293204e-01 -2.308445e-05  3.692745e-01
   outer loop
     vertex -2.186138e-01  1.900000e-01  5.960757e-02
     vertex -2.191506e-01  2.200000e-01  6.096042e-02
     vertex -2.191706e-01  1.900000e-01  6.100880e-02
   endloop
 endfacet
 facet normal  9.296754e-01  2.362129e-05  3.683796e-01
   outer loop
     vertex -2.185947e-01  2.200000e-01  5.955753e-02
     vertex -2.191506e-01  2.200000e-01  6.096042e-02
     vertex -2.186138e-01  1.900000e-01  5.960757e-02
   endloop
 endfacet
 facet normal  9.484807e-01 -2.465369e-05  3.168348e-01
   outer loop
     vertex -2.176165e-01 -1.900000e-01  5.676198e-02
     vertex -2.180775e-01 -2.200000e-01  5.813991e-02
     vertex -2.175994e-01 -2.200000e-01  5.670864e-02
   endloop
 endfacet
 facet normal  9.481612e-01  2.411774e-05  3.177897e-01
   outer loop
     vertex -2.176165e-01 -1.900000e-01  5.676198e-02
     vertex -2.180956e-01 -1.900000e-01  5.819161e-02
     vertex -2.180775e-01 -2.200000e-01  5.813991e-02
   endloop
 endfacet
 facet normal  9.390937e-01 -2.360154e-05  3.436612e-01
   outer loop
     vertex -2.180956e-01  1.900000e-01  5.819161e-02
     vertex -2.185947e-01  2.200000e-01  5.955753e-02
     vertex -2.186138e-01  1.900000e-01  5.960757e-02
   endloop
 endfacet
 facet normal  9.394317e-01  2.413794e-05  3.427362e-01
   outer loop
     vertex -2.180775e-01  2.200000e-01  5.813991e-02
     vertex -2.185947e-01  2.200000e-01  5.955753e-02
     vertex -2.180956e-01  1.900000e-01  5.819161e-02
   endloop
 endfacet
 facet normal  9.568158e-01 -2.516854e-05  2.906949e-01
   outer loop
     vertex -2.171767e-01 -1.900000e-01  5.531974e-02
     vertex -2.175994e-01 -2.200000e-01  5.670864e-02
     vertex -2.171608e-01 -2.200000e-01  5.526479e-02
   endloop
 endfacet
 facet normal  9.565161e-01  2.463304e-05  2.916794e-01
   outer loop
     vertex -2.171767e-01 -1.900000e-01  5.531974e-02
     vertex -2.176165e-01 -1.900000e-01  5.676198e-02
     vertex -2.175994e-01 -2.200000e-01  5.670864e-02
   endloop
 endfacet
 facet normal  9.481612e-01 -2.411774e-05  3.177897e-01
   outer loop
     vertex -2.176165e-01  1.900000e-01  5.676198e-02
     vertex -2.180775e-01  2.200000e-01  5.813991e-02
     vertex -2.180956e-01  1.900000e-01  5.819161e-02
   endloop
 endfacet
 facet normal  9.484807e-01  2.465369e-05  3.168348e-01
   outer loop
     vertex -2.175994e-01  2.200000e-01  5.670864e-02
     vertex -2.180775e-01  2.200000e-01  5.813991e-02
     vertex -2.176165e-01  1.900000e-01  5.676198e-02
   endloop
 endfacet
 facet normal  9.644306e-01 -2.568249e-05  2.643362e-01
   outer loop
     vertex -2.167766e-01 -1.900000e-01  5.386600e-02
     vertex -2.171608e-01 -2.200000e-01  5.526479e-02
     vertex -2.167619e-01 -2.200000e-01  5.380945e-02
   endloop
 endfacet
 facet normal  9.641522e-01  2.514744e-05  2.653498e-01
   outer loop
     vertex -2.167766e-01 -1.900000e-01  5.386600e-02
     vertex -2.171767e-01 -1.900000e-01  5.531974e-02
     vertex -2.171608e-01 -2.200000e-01  5.526479e-02
   endloop
 endfacet
 facet normal  9.565161e-01 -2.463304e-05  2.916794e-01
   outer loop
     vertex -2.171767e-01  1.900000e-01  5.531974e-02
     vertex -2.175994e-01  2.200000e-01  5.670864e-02
     vertex -2.176165e-01  1.900000e-01  5.676198e-02
   endloop
 endfacet
 facet normal  9.568158e-01  2.516854e-05  2.906949e-01
   outer loop
     vertex -2.171608e-01  2.200000e-01  5.526479e-02
     vertex -2.175994e-01  2.200000e-01  5.670864e-02
     vertex -2.171767e-01  1.900000e-01  5.531974e-02
   endloop
 endfacet
 facet normal  9.713194e-01 -2.619554e-05  2.377784e-01
   outer loop
     vertex -2.164165e-01 -1.900000e-01  5.240183e-02
     vertex -2.167619e-01 -2.200000e-01  5.380945e-02
     vertex -2.164031e-01 -2.200000e-01  5.234372e-02
   endloop
 endfacet
 facet normal  9.710636e-01  2.566094e-05  2.388209e-01
   outer loop
     vertex -2.164165e-01 -1.900000e-01  5.240183e-02
     vertex -2.167766e-01 -1.900000e-01  5.386600e-02
     vertex -2.167619e-01 -2.200000e-01  5.380945e-02
   endloop
 endfacet
 facet normal  9.641522e-01 -2.514744e-05  2.653498e-01
   outer loop
     vertex -2.167766e-01  1.900000e-01  5.386600e-02
     vertex -2.171608e-01  2.200000e-01  5.526479e-02
     vertex -2.171767e-01  1.900000e-01  5.531974e-02
   endloop
 endfacet
 facet normal  9.644306e-01  2.568249e-05  2.643362e-01
   outer loop
     vertex -2.167619e-01  2.200000e-01  5.380945e-02
     vertex -2.171608e-01  2.200000e-01  5.526479e-02
     vertex -2.167766e-01  1.900000e-01  5.386600e-02
   endloop
 endfacet
 facet normal  9.774771e-01 -2.670770e-05  2.110417e-01
   outer loop
     vertex -2.160966e-01 -1.900000e-01  5.092834e-02
     vertex -2.164031e-01 -2.200000e-01  5.234372e-02
     vertex -2.160846e-01 -2.200000e-01  5.086869e-02
   endloop
 endfacet
 facet normal  9.772453e-01  2.617355e-05  2.121124e-01
   outer loop
     vertex -2.160966e-01 -1.900000e-01  5.092834e-02
     vertex -2.164165e-01 -1.900000e-01  5.240183e-02
     vertex -2.164031e-01 -2.200000e-01  5.234372e-02
   endloop
 endfacet
 facet normal  9.710636e-01 -2.566094e-05  2.388209e-01
   outer loop
     vertex -2.164165e-01  1.900000e-01  5.240183e-02
     vertex -2.167619e-01  2.200000e-01  5.380945e-02
     vertex -2.167766e-01  1.900000e-01  5.386600e-02
   endloop
 endfacet
 facet normal  9.713194e-01  2.619554e-05  2.377784e-01
   outer loop
     vertex -2.164031e-01  2.200000e-01  5.234372e-02
     vertex -2.167619e-01  2.200000e-01  5.380945e-02
     vertex -2.164165e-01  1.900000e-01  5.240183e-02
   endloop
 endfacet
 facet normal  9.826925e-01  2.668525e-05  1.852445e-01
   outer loop
     vertex -2.158173e-01 -1.900000e-01  4.944664e-02
     vertex -2.160966e-01 -1.900000e-01  5.092834e-02
     vertex -2.160846e-01 -2.200000e-01  5.086869e-02
   endloop
 endfacet
 facet normal  9.828989e-01 -2.721896e-05  1.841461e-01
   outer loop
     vertex -2.158173e-01 -1.900000e-01  4.944664e-02
     vertex -2.160846e-01 -2.200000e-01  5.086869e-02
     vertex -2.158067e-01 -2.200000e-01  4.938548e-02
   endloop
 endfacet
 facet normal  9.772453e-01 -2.617355e-05  2.121124e-01
   outer loop
     vertex -2.160966e-01  1.900000e-01  5.092834e-02
     vertex -2.164031e-01  2.200000e-01  5.234372e-02
     vertex -2.164165e-01  1.900000e-01  5.240183e-02
   endloop
 endfacet
 facet normal  9.774771e-01  2.670770e-05  2.110417e-01
   outer loop
     vertex -2.160846e-01  2.200000e-01  5.086869e-02
     vertex -2.164031e-01  2.200000e-01  5.234372e-02
     vertex -2.160966e-01  1.900000e-01  5.092834e-02
   endloop
 endfacet
 facet normal  9.874011e-01  2.719606e-05  1.582374e-01
   outer loop
     vertex -2.155787e-01 -1.900000e-01  4.795784e-02
     vertex -2.158173e-01 -1.900000e-01  4.944664e-02
     vertex -2.158067e-01 -2.200000e-01  4.938548e-02
   endloop
 endfacet
 facet normal  9.875808e-01 -2.772932e-05  1.571119e-01
   outer loop
     vertex -2.155787e-01 -1.900000e-01  4.795784e-02
     vertex -2.158067e-01 -2.200000e-01  4.938548e-02
     vertex -2.155696e-01 -2.200000e-01  4.789521e-02
   endloop
 endfacet
 facet normal  9.826925e-01 -2.668525e-05  1.852445e-01
   outer loop
     vertex -2.158173e-01  1.900000e-01  4.944664e-02
     vertex -2.160846e-01  2.200000e-01  5.086869e-02
     vertex -2.160966e-01  1.900000e-01  5.092834e-02
   endloop
 endfacet
 facet normal  9.828989e-01  2.721896e-05  1.841461e-01
   outer loop
     vertex -2.158067e-01  2.200000e-01  4.938548e-02
     vertex -2.160846e-01  2.200000e-01  5.086869e-02
     vertex -2.158173e-01  1.900000e-01  4.944664e-02
   endloop
 endfacet
 facet normal  9.913676e-01  2.770598e-05  1.311114e-01
   outer loop
     vertex -2.153811e-01 -1.900000e-01  4.646306e-02
     vertex -2.155787e-01 -1.900000e-01  4.795784e-02
     vertex -2.155696e-01 -2.200000e-01  4.789521e-02
   endloop
 endfacet
 facet normal  9.915193e-01 -2.823878e-05  1.299594e-01
   outer loop
     vertex -2.153811e-01 -1.900000e-01  4.646306e-02
     vertex -2.155696e-01 -2.200000e-01  4.789521e-02
     vertex -2.153735e-01 -2.200000e-01  4.639899e-02
   endloop
 endfacet
 facet normal  9.874011e-01 -2.719606e-05  1.582374e-01
   outer loop
     vertex -2.155787e-01  1.900000e-01  4.795784e-02
     vertex -2.158067e-01  2.200000e-01  4.938548e-02
     vertex -2.158173e-01  1.900000e-01  4.944664e-02
   endloop
 endfacet
 facet normal  9.875808e-01  2.772932e-05  1.571119e-01
   outer loop
     vertex -2.155696e-01  2.200000e-01  4.789521e-02
     vertex -2.158067e-01  2.200000e-01  4.938548e-02
     vertex -2.155787e-01  1.900000e-01  4.795784e-02
   endloop
 endfacet
 facet normal  9.945891e-01  2.821499e-05  1.038868e-01
   outer loop
     vertex -2.152244e-01 -1.900000e-01  4.496342e-02
     vertex -2.153811e-01 -1.900000e-01  4.646306e-02
     vertex -2.153735e-01 -2.200000e-01  4.639899e-02
   endloop
 endfacet
 facet normal  9.947114e-01 -2.874735e-05  1.027091e-01
   outer loop
     vertex -2.152244e-01 -1.900000e-01  4.496342e-02
     vertex -2.153735e-01 -2.200000e-01  4.639899e-02
     vertex -2.152185e-01 -2.200000e-01  4.489795e-02
   endloop
 endfacet
 facet normal  9.913676e-01 -2.770598e-05  1.311114e-01
   outer loop
     vertex -2.153811e-01  1.900000e-01  4.646306e-02
     vertex -2.155696e-01  2.200000e-01  4.789521e-02
     vertex -2.155787e-01  1.900000e-01  4.795784e-02
   endloop
 endfacet
 facet normal  9.915193e-01  2.823878e-05  1.299594e-01
   outer loop
     vertex -2.153735e-01  2.200000e-01  4.639899e-02
     vertex -2.155696e-01  2.200000e-01  4.789521e-02
     vertex -2.153811e-01  1.900000e-01  4.646306e-02
   endloop
 endfacet
 facet normal  9.970631e-01  2.872311e-05  7.658418e-02
   outer loop
     vertex -2.151089e-01 -1.900000e-01  4.346005e-02
     vertex -2.152244e-01 -1.900000e-01  4.496342e-02
     vertex -2.152185e-01 -2.200000e-01  4.489795e-02
   endloop
 endfacet
 facet normal  9.971548e-01 -2.925502e-05  7.538152e-02
   outer loop
     vertex -2.151089e-01 -1.900000e-01  4.346005e-02
     vertex -2.152185e-01 -2.200000e-01  4.489795e-02
     vertex -2.151048e-01 -2.200000e-01  4.339323e-02
   endloop
 endfacet
 facet normal  9.945891e-01 -2.821499e-05  1.038868e-01
   outer loop
     vertex -2.152244e-01  1.900000e-01  4.496342e-02
     vertex -2.153735e-01  2.200000e-01  4.639899e-02
     vertex -2.153811e-01  1.900000e-01  4.646306e-02
   endloop
 endfacet
 facet normal  9.947114e-01  2.874735e-05  1.027091e-01
   outer loop
     vertex -2.152185e-01  2.200000e-01  4.489795e-02
     vertex -2.153735e-01  2.200000e-01  4.639899e-02
     vertex -2.152244e-01  1.900000e-01  4.496342e-02
   endloop
 endfacet
 facet normal  9.987878e-01  2.923032e-05  4.922398e-02
   outer loop
     vertex -2.150347e-01 -1.900000e-01  4.195408e-02
     vertex -2.151089e-01 -1.900000e-01  4.346005e-02
     vertex -2.151048e-01 -2.200000e-01  4.339323e-02
   endloop
 endfacet
 facet normal  9.988475e-01 -2.976178e-05  4.799716e-02
   outer loop
     vertex -2.150347e-01 -1.900000e-01  4.195408e-02
     vertex -2.151048e-01 -2.200000e-01  4.339323e-02
     vertex -2.150323e-01 -2.200000e-01  4.188596e-02
   endloop
 endfacet
 facet normal  9.970631e-01 -2.872311e-05  7.658418e-02
   outer loop
     vertex -2.151089e-01  1.900000e-01  4.346005e-02
     vertex -2.152185e-01  2.200000e-01  4.489795e-02
     vertex -2.152244e-01  1.900000e-01  4.496342e-02
   endloop
 endfacet
 facet normal  9.971548e-01  2.925502e-05  7.538152e-02
   outer loop
     vertex -2.151048e-01  2.200000e-01  4.339323e-02
     vertex -2.152185e-01  2.200000e-01  4.489795e-02
     vertex -2.151089e-01  1.900000e-01  4.346005e-02
   endloop
 endfacet
 facet normal  9.997618e-01  2.973664e-05  2.182679e-02
   outer loop
     vertex -2.150018e-01 -1.900000e-01  4.044664e-02
     vertex -2.150347e-01 -1.900000e-01  4.195408e-02
     vertex -2.150323e-01 -2.200000e-01  4.188596e-02
   endloop
 endfacet
 facet normal  9.997883e-01 -3.026766e-05  2.057667e-02
   outer loop
     vertex -2.150018e-01 -1.900000e-01  4.044664e-02
     vertex -2.150323e-01 -2.200000e-01  4.188596e-02
     vertex -2.150013e-01 -2.200000e-01  4.037726e-02
   endloop
 endfacet
 facet normal  9.987878e-01 -2.923032e-05  4.922398e-02
   outer loop
     vertex -2.150347e-01  1.900000e-01  4.195408e-02
     vertex -2.151048e-01  2.200000e-01  4.339323e-02
     vertex -2.151089e-01  1.900000e-01  4.346005e-02
   endloop
 endfacet
 facet normal  9.988475e-01  2.976178e-05  4.799716e-02
   outer loop
     vertex -2.150323e-01  2.200000e-01  4.188596e-02
     vertex -2.151048e-01  2.200000e-01  4.339323e-02
     vertex -2.150347e-01  1.900000e-01  4.195408e-02
   endloop
 endfacet
 facet normal  9.999844e-01  3.024207e-05 -5.586810e-03
   outer loop
     vertex -2.150102e-01 -1.900000e-01  3.893887e-02
     vertex -2.150018e-01 -1.900000e-01  4.044664e-02
     vertex -2.150013e-01 -2.200000e-01  4.037726e-02
   endloop
 endfacet
 facet normal  9.999765e-01 -3.077263e-05 -6.859319e-03
   outer loop
     vertex -2.150102e-01 -1.900000e-01  3.893887e-02
     vertex -2.150013e-01 -2.200000e-01  4.037726e-02
     vertex -2.150116e-01 -2.200000e-01  3.886828e-02
   endloop
 endfacet
 facet normal  9.997618e-01 -2.973664e-05  2.182679e-02
   outer loop
     vertex -2.150018e-01  1.900000e-01  4.044664e-02
     vertex -2.150323e-01  2.200000e-01  4.188596e-02
     vertex -2.150347e-01  1.900000e-01  4.195408e-02
   endloop
 endfacet
 facet normal  9.997883e-01  3.026766e-05  2.057667e-02
   outer loop
     vertex -2.150013e-01  2.200000e-01  4.037726e-02
     vertex -2.150323e-01  2.200000e-01  4.188596e-02
     vertex -2.150018e-01  1.900000e-01  4.044664e-02
   endloop
 endfacet
 facet normal  9.994119e-01 -3.127671e-05 -3.429014e-02
   outer loop
     vertex -2.150600e-01 -1.900000e-01  3.743189e-02
     vertex -2.150116e-01 -2.200000e-01  3.886828e-02
     vertex -2.150634e-01 -2.200000e-01  3.736016e-02
   endloop
 endfacet
 facet normal  9.994555e-01  3.074659e-05 -3.299621e-02
   outer loop
     vertex -2.150600e-01 -1.900000e-01  3.743189e-02
     vertex -2.150102e-01 -1.900000e-01  3.893887e-02
     vertex -2.150116e-01 -2.200000e-01  3.886828e-02
   endloop
 endfacet
 facet normal  9.999844e-01 -3.024207e-05 -5.586810e-03
   outer loop
     vertex -2.150102e-01  1.900000e-01  3.893887e-02
     vertex -2.150013e-01  2.200000e-01  4.037726e-02
     vertex -2.150018e-01  1.900000e-01  4.044664e-02
   endloop
 endfacet
 facet normal  9.999765e-01  3.077263e-05 -6.859319e-03
   outer loop
     vertex -2.150116e-01  2.200000e-01  3.886828e-02
     vertex -2.150013e-01  2.200000e-01  4.037726e-02
     vertex -2.150102e-01  1.900000e-01  3.893887e-02
   endloop
 endfacet
 facet normal  9.980950e-01 -3.177988e-05 -6.169515e-02
   outer loop
     vertex -2.151510e-01 -1.900000e-01  3.592684e-02
     vertex -2.150634e-01 -2.200000e-01  3.736016e-02
     vertex -2.151565e-01 -2.200000e-01  3.585402e-02
   endloop
 endfacet
 facet normal  9.981754e-01  3.125022e-05 -6.038081e-02
   outer loop
     vertex -2.151510e-01 -1.900000e-01  3.592684e-02
     vertex -2.150600e-01 -1.900000e-01  3.743189e-02
     vertex -2.150634e-01 -2.200000e-01  3.736016e-02
   endloop
 endfacet
 facet normal  9.994555e-01 -3.074659e-05 -3.299621e-02
   outer loop
     vertex -2.150600e-01  1.900000e-01  3.743189e-02
     vertex -2.150116e-01  2.200000e-01  3.886828e-02
     vertex -2.150102e-01  1.900000e-01  3.893887e-02
   endloop
 endfacet
 facet normal  9.994119e-01  3.127671e-05 -3.429014e-02
   outer loop
     vertex -2.150634e-01  2.200000e-01  3.736016e-02
     vertex -2.150116e-01  2.200000e-01  3.886828e-02
     vertex -2.150600e-01  1.900000e-01  3.743189e-02
   endloop
 endfacet
 facet normal  9.960268e-01 -3.228216e-05 -8.905371e-02
   outer loop
     vertex -2.152833e-01 -1.900000e-01  3.442486e-02
     vertex -2.151565e-01 -2.200000e-01  3.585402e-02
     vertex -2.152909e-01 -2.200000e-01  3.435100e-02
   endloop
 endfacet
 facet normal  9.961452e-01  3.175295e-05 -8.772003e-02
   outer loop
     vertex -2.152833e-01 -1.900000e-01  3.442486e-02
     vertex -2.151510e-01 -1.900000e-01  3.592684e-02
     vertex -2.151565e-01 -2.200000e-01  3.585402e-02
   endloop
 endfacet
 facet normal  9.981754e-01 -3.125022e-05 -6.038081e-02
   outer loop
     vertex -2.151510e-01  1.900000e-01  3.592684e-02
     vertex -2.150634e-01  2.200000e-01  3.736016e-02
     vertex -2.150600e-01  1.900000e-01  3.743189e-02
   endloop
 endfacet
 facet normal  9.980950e-01  3.177988e-05 -6.169515e-02
   outer loop
     vertex -2.151565e-01  2.200000e-01  3.585402e-02
     vertex -2.150634e-01  2.200000e-01  3.736016e-02
     vertex -2.151510e-01  1.900000e-01  3.592684e-02
   endloop
 endfacet
 facet normal  9.932088e-01 -3.278355e-05 -1.163452e-01
   outer loop
     vertex -2.154567e-01 -1.900000e-01  3.292706e-02
     vertex -2.152909e-01 -2.200000e-01  3.435100e-02
     vertex -2.154664e-01 -2.200000e-01  3.285223e-02
   endloop
 endfacet
 facet normal  9.933663e-01  3.225478e-05 -1.149933e-01
   outer loop
     vertex -2.154567e-01 -1.900000e-01  3.292706e-02
     vertex -2.152833e-01 -1.900000e-01  3.442486e-02
     vertex -2.152909e-01 -2.200000e-01  3.435100e-02
   endloop
 endfacet
 facet normal  9.961452e-01 -3.175295e-05 -8.772003e-02
   outer loop
     vertex -2.152833e-01  1.900000e-01  3.442486e-02
     vertex -2.151565e-01  2.200000e-01  3.585402e-02
     vertex -2.151510e-01  1.900000e-01  3.592684e-02
   endloop
 endfacet
 facet normal  9.960268e-01  3.228216e-05 -8.905371e-02
   outer loop
     vertex -2.152909e-01  2.200000e-01  3.435100e-02
     vertex -2.151565e-01  2.200000e-01  3.585402e-02
     vertex -2.152833e-01  1.900000e-01  3.442486e-02
   endloop
 endfacet
 facet normal  9.896432e-01 -3.328403e-05 -1.435492e-01
   outer loop
     vertex -2.156711e-01 -1.900000e-01  3.143458e-02
     vertex -2.154664e-01 -2.200000e-01  3.285223e-02
     vertex -2.156831e-01 -2.200000e-01  3.135884e-02
   endloop
 endfacet
 facet normal  9.898408e-01  3.275571e-05 -1.421802e-01
   outer loop
     vertex -2.156711e-01 -1.900000e-01  3.143458e-02
     vertex -2.154567e-01 -1.900000e-01  3.292706e-02
     vertex -2.154664e-01 -2.200000e-01  3.285223e-02
   endloop
 endfacet
 facet normal  9.933663e-01 -3.225478e-05 -1.149933e-01
   outer loop
     vertex -2.154567e-01  1.900000e-01  3.292706e-02
     vertex -2.152909e-01  2.200000e-01  3.435100e-02
     vertex -2.152833e-01  1.900000e-01  3.442486e-02
   endloop
 endfacet
 facet normal  9.932088e-01  3.278355e-05 -1.163452e-01
   outer loop
     vertex -2.154664e-01  2.200000e-01  3.285223e-02
     vertex -2.152909e-01  2.200000e-01  3.435100e-02
     vertex -2.154567e-01  1.900000e-01  3.292706e-02
   endloop
 endfacet
 facet normal  9.855714e-01  3.325575e-05 -1.692602e-01
   outer loop
     vertex -2.159263e-01 -1.900000e-01  2.994854e-02
     vertex -2.156711e-01 -1.900000e-01  3.143458e-02
     vertex -2.156831e-01 -2.200000e-01  3.135884e-02
   endloop
 endfacet
 facet normal  9.853326e-01 -3.378362e-05 -1.706451e-01
   outer loop
     vertex -2.159263e-01 -1.900000e-01  2.994854e-02
     vertex -2.156831e-01 -2.200000e-01  3.135884e-02
     vertex -2.159406e-01 -2.200000e-01  2.987196e-02
   endloop
 endfacet
 facet normal  9.898408e-01 -3.275571e-05 -1.421802e-01
   outer loop
     vertex -2.156711e-01  1.900000e-01  3.143458e-02
     vertex -2.154664e-01  2.200000e-01  3.285223e-02
     vertex -2.154567e-01  1.900000e-01  3.292706e-02
   endloop
 endfacet
 facet normal  9.896432e-01  3.328403e-05 -1.435492e-01
   outer loop
     vertex -2.156831e-01  2.200000e-01  3.135884e-02
     vertex -2.154664e-01  2.200000e-01  3.285223e-02
     vertex -2.156711e-01  1.900000e-01  3.143458e-02
   endloop
 endfacet
 facet normal  9.805613e-01  3.375488e-05 -1.962130e-01
   outer loop
     vertex -2.162221e-01 -1.900000e-01  2.847005e-02
     vertex -2.159263e-01 -1.900000e-01  2.994854e-02
     vertex -2.159406e-01 -2.200000e-01  2.987196e-02
   endloop
 endfacet
 facet normal  9.802802e-01 -3.428230e-05 -1.976125e-01
   outer loop
     vertex -2.162221e-01 -1.900000e-01  2.847005e-02
     vertex -2.159406e-01 -2.200000e-01  2.987196e-02
     vertex -2.162388e-01 -2.200000e-01  2.839271e-02
   endloop
 endfacet
 facet normal  9.855714e-01 -3.325575e-05 -1.692602e-01
   outer loop
     vertex -2.159263e-01  1.900000e-01  2.994854e-02
     vertex -2.156831e-01  2.200000e-01  3.135884e-02
     vertex -2.156711e-01  1.900000e-01  3.143458e-02
   endloop
 endfacet
 facet normal  9.853326e-01  3.378362e-05 -1.706451e-01
   outer loop
     vertex -2.159406e-01  2.200000e-01  2.987196e-02
     vertex -2.156831e-01  2.200000e-01  3.135884e-02
     vertex -2.159263e-01  1.900000e-01  2.994854e-02
   endloop
 endfacet
 facet normal  9.748142e-01  3.425312e-05 -2.230184e-01
   outer loop
     vertex -2.165584e-01 -1.900000e-01  2.700023e-02
     vertex -2.162221e-01 -1.900000e-01  2.847005e-02
     vertex -2.162388e-01 -2.200000e-01  2.839271e-02
   endloop
 endfacet
 facet normal  9.744899e-01 -3.478010e-05 -2.244312e-01
   outer loop
     vertex -2.165584e-01 -1.900000e-01  2.700023e-02
     vertex -2.162388e-01 -2.200000e-01  2.839271e-02
     vertex -2.165774e-01 -2.200000e-01  2.692219e-02
   endloop
 endfacet
 facet normal  9.805613e-01 -3.375488e-05 -1.962130e-01
   outer loop
     vertex -2.162221e-01  1.900000e-01  2.847005e-02
     vertex -2.159406e-01  2.200000e-01  2.987196e-02
     vertex -2.159263e-01  1.900000e-01  2.994854e-02
   endloop
 endfacet
 facet normal  9.802802e-01  3.428230e-05 -1.976125e-01
   outer loop
     vertex -2.162388e-01  2.200000e-01  2.839271e-02
     vertex -2.159406e-01  2.200000e-01  2.987196e-02
     vertex -2.162221e-01  1.900000e-01  2.847005e-02
   endloop
 endfacet
 facet normal  9.683346e-01  3.475047e-05 -2.496561e-01
   outer loop
     vertex -2.169348e-01 -1.900000e-01  2.554018e-02
     vertex -2.165584e-01 -1.900000e-01  2.700023e-02
     vertex -2.165774e-01 -2.200000e-01  2.692219e-02
   endloop
 endfacet
 facet normal  9.679661e-01 -3.527699e-05 -2.510809e-01
   outer loop
     vertex -2.169348e-01 -1.900000e-01  2.554018e-02
     vertex -2.165774e-01 -2.200000e-01  2.692219e-02
     vertex -2.169563e-01 -2.200000e-01  2.546151e-02
   endloop
 endfacet
 facet normal  9.748142e-01 -3.425312e-05 -2.230184e-01
   outer loop
     vertex -2.165584e-01  1.900000e-01  2.700023e-02
     vertex -2.162388e-01  2.200000e-01  2.839271e-02
     vertex -2.162221e-01  1.900000e-01  2.847005e-02
   endloop
 endfacet
 facet normal  9.744899e-01  3.478010e-05 -2.244312e-01
   outer loop
     vertex -2.165774e-01  2.200000e-01  2.692219e-02
     vertex -2.162388e-01  2.200000e-01  2.839271e-02
     vertex -2.165584e-01  1.900000e-01  2.700023e-02
   endloop
 endfacet
 facet normal  9.611271e-01  3.524691e-05 -2.761062e-01
   outer loop
     vertex -2.173511e-01 -1.900000e-01  2.409099e-02
     vertex -2.169348e-01 -1.900000e-01  2.554018e-02
     vertex -2.169563e-01 -2.200000e-01  2.546151e-02
   endloop
 endfacet
 facet normal  9.607136e-01 -3.577298e-05 -2.775416e-01
   outer loop
     vertex -2.173511e-01 -1.900000e-01  2.409099e-02
     vertex -2.169563e-01 -2.200000e-01  2.546151e-02
     vertex -2.173751e-01 -2.200000e-01  2.401178e-02
   endloop
 endfacet
 facet normal  9.683346e-01 -3.475047e-05 -2.496561e-01
   outer loop
     vertex -2.169348e-01  1.900000e-01  2.554018e-02
     vertex -2.165774e-01  2.200000e-01  2.692219e-02
     vertex -2.165584e-01  1.900000e-01  2.700023e-02
   endloop
 endfacet
 facet normal  9.679661e-01  3.527699e-05 -2.510809e-01
   outer loop
     vertex -2.169563e-01  2.200000e-01  2.546151e-02
     vertex -2.165774e-01  2.200000e-01  2.692219e-02
     vertex -2.169348e-01  1.900000e-01  2.554018e-02
   endloop
 endfacet
 facet normal  9.531974e-01  3.574246e-05 -3.023488e-01
   outer loop
     vertex -2.178070e-01 -1.900000e-01  2.265377e-02
     vertex -2.173511e-01 -1.900000e-01  2.409099e-02
     vertex -2.173751e-01 -2.200000e-01  2.401178e-02
   endloop
 endfacet
 facet normal  9.527379e-01 -3.626808e-05 -3.037934e-01
   outer loop
     vertex -2.178070e-01 -1.900000e-01  2.265377e-02
     vertex -2.173751e-01 -2.200000e-01  2.401178e-02
     vertex -2.178336e-01 -2.200000e-01  2.257408e-02
   endloop
 endfacet
 facet normal  9.611271e-01 -3.524691e-05 -2.761062e-01
   outer loop
     vertex -2.173511e-01  1.900000e-01  2.409099e-02
     vertex -2.169563e-01  2.200000e-01  2.546151e-02
     vertex -2.169348e-01  1.900000e-01  2.554018e-02
   endloop
 endfacet
 facet normal  9.607136e-01  3.577298e-05 -2.775416e-01
   outer loop
     vertex -2.173751e-01  2.200000e-01  2.401178e-02
     vertex -2.169563e-01  2.200000e-01  2.546151e-02
     vertex -2.173511e-01  1.900000e-01  2.409099e-02
   endloop
 endfacet
 facet normal  9.445512e-01  3.623710e-05 -3.283641e-01
   outer loop
     vertex -2.183021e-01 -1.900000e-01  2.122957e-02
     vertex -2.178070e-01 -1.900000e-01  2.265377e-02
     vertex -2.178336e-01 -2.200000e-01  2.257408e-02
   endloop
 endfacet
 facet normal  9.440450e-01 -3.676228e-05 -3.298166e-01
   outer loop
     vertex -2.183021e-01 -1.900000e-01  2.122957e-02
     vertex -2.178336e-01 -2.200000e-01  2.257408e-02
     vertex -2.183313e-01 -2.200000e-01  2.114951e-02
   endloop
 endfacet
 facet normal  9.531974e-01 -3.574246e-05 -3.023488e-01
   outer loop
     vertex -2.178070e-01  1.900000e-01  2.265377e-02
     vertex -2.173751e-01  2.200000e-01  2.401178e-02
     vertex -2.173511e-01  1.900000e-01  2.409099e-02
   endloop
 endfacet
 facet normal  9.527379e-01  3.626808e-05 -3.037934e-01
   outer loop
     vertex -2.178336e-01  2.200000e-01  2.257408e-02
     vertex -2.173751e-01  2.200000e-01  2.401178e-02
     vertex -2.178070e-01  1.900000e-01  2.265377e-02
   endloop
 endfacet
 facet normal  9.351952e-01  3.673085e-05 -3.541327e-01
   outer loop
     vertex -2.188361e-01 -1.900000e-01  1.981949e-02
     vertex -2.183021e-01 -1.900000e-01  2.122957e-02
     vertex -2.183313e-01 -2.200000e-01  2.114951e-02
   endloop
 endfacet
 facet normal  9.346415e-01 -3.725558e-05 -3.555914e-01
   outer loop
     vertex -2.188361e-01 -1.900000e-01  1.981949e-02
     vertex -2.183313e-01 -2.200000e-01  2.114951e-02
     vertex -2.188679e-01 -2.200000e-01  1.973912e-02
   endloop
 endfacet
 facet normal  9.445512e-01 -3.623710e-05 -3.283641e-01
   outer loop
     vertex -2.183021e-01  1.900000e-01  2.122957e-02
     vertex -2.178336e-01  2.200000e-01  2.257408e-02
     vertex -2.178070e-01  1.900000e-01  2.265377e-02
   endloop
 endfacet
 facet normal  9.440450e-01  3.676228e-05 -3.298166e-01
   outer loop
     vertex -2.183313e-01  2.200000e-01  2.114951e-02
     vertex -2.178336e-01  2.200000e-01  2.257408e-02
     vertex -2.183021e-01  1.900000e-01  2.122957e-02
   endloop
 endfacet
 facet normal  9.251363e-01  3.722371e-05 -3.796351e-01
   outer loop
     vertex -2.194085e-01 -1.900000e-01  1.842457e-02
     vertex -2.188361e-01 -1.900000e-01  1.981949e-02
     vertex -2.188679e-01 -2.200000e-01  1.973912e-02
   endloop
 endfacet
 facet normal  9.245344e-01 -3.774798e-05 -3.810986e-01
   outer loop
     vertex -2.194085e-01 -1.900000e-01  1.842457e-02
     vertex -2.188679e-01 -2.200000e-01  1.973912e-02
     vertex -2.194429e-01 -2.200000e-01  1.834398e-02
   endloop
 endfacet
 facet normal  9.351952e-01 -3.673085e-05 -3.541327e-01
   outer loop
     vertex -2.188361e-01  1.900000e-01  1.981949e-02
     vertex -2.183313e-01  2.200000e-01  2.114951e-02
     vertex -2.183021e-01  1.900000e-01  2.122957e-02
   endloop
 endfacet
 facet normal  9.346415e-01  3.725558e-05 -3.555914e-01
   outer loop
     vertex -2.188679e-01  2.200000e-01  1.973912e-02
     vertex -2.183313e-01  2.200000e-01  2.114951e-02
     vertex -2.188361e-01  1.900000e-01  1.981949e-02
   endloop
 endfacet
 facet normal  9.137314e-01 -3.823949e-05 -4.063188e-01
   outer loop
     vertex -2.200189e-01 -1.900000e-01  1.704587e-02
     vertex -2.194429e-01 -2.200000e-01  1.834398e-02
     vertex -2.200561e-01 -2.200000e-01  1.696515e-02
   endloop
 endfacet
 facet normal  9.143821e-01  3.771566e-05 -4.048522e-01
   outer loop
     vertex -2.200189e-01 -1.900000e-01  1.704587e-02
     vertex -2.194085e-01 -1.900000e-01  1.842457e-02
     vertex -2.194429e-01 -2.200000e-01  1.834398e-02
   endloop
 endfacet
 facet normal  9.251363e-01 -3.722371e-05 -3.796351e-01
   outer loop
     vertex -2.194085e-01  1.900000e-01  1.842457e-02
     vertex -2.188679e-01  2.200000e-01  1.973912e-02
     vertex -2.188361e-01  1.900000e-01  1.981949e-02
   endloop
 endfacet
 facet normal  9.245344e-01  3.774798e-05 -3.810986e-01
   outer loop
     vertex -2.194429e-01  2.200000e-01  1.834398e-02
     vertex -2.188679e-01  2.200000e-01  1.973912e-02
     vertex -2.194085e-01  1.900000e-01  1.842457e-02
   endloop
 endfacet
 facet normal  9.029407e-01  3.820672e-05 -4.297651e-01
   outer loop
     vertex -2.206669e-01 -1.900000e-01  1.568442e-02
     vertex -2.200189e-01 -1.900000e-01  1.704587e-02
     vertex -2.200561e-01 -2.200000e-01  1.696515e-02
   endloop
 endfacet
 facet normal  9.022405e-01 -3.873010e-05 -4.312333e-01
   outer loop
     vertex -2.206669e-01 -1.900000e-01  1.568442e-02
     vertex -2.200561e-01 -2.200000e-01  1.696515e-02
     vertex -2.207068e-01 -2.200000e-01  1.560366e-02
   endloop
 endfacet
 facet normal  9.143821e-01 -3.771566e-05 -4.048522e-01
   outer loop
     vertex -2.200189e-01  1.900000e-01  1.704587e-02
     vertex -2.194429e-01  2.200000e-01  1.834398e-02
     vertex -2.194085e-01  1.900000e-01  1.842457e-02
   endloop
 endfacet
 facet normal  9.137314e-01  3.823949e-05 -4.063188e-01
   outer loop
     vertex -2.200561e-01  2.200000e-01  1.696515e-02
     vertex -2.194429e-01  2.200000e-01  1.834398e-02
     vertex -2.200189e-01  1.900000e-01  1.704587e-02
   endloop
 endfacet
 facet normal  8.900704e-01 -3.921981e-05 -4.558231e-01
   outer loop
     vertex -2.213520e-01 -1.900000e-01  1.434124e-02
     vertex -2.207068e-01 -2.200000e-01  1.560366e-02
     vertex -2.213947e-01 -2.200000e-01  1.426053e-02
   endloop
 endfacet
 facet normal  8.908207e-01  3.869688e-05 -4.543549e-01
   outer loop
     vertex -2.213520e-01 -1.900000e-01  1.434124e-02
     vertex -2.206669e-01 -1.900000e-01  1.568442e-02
     vertex -2.207068e-01 -2.200000e-01  1.560366e-02
   endloop
 endfacet
 facet normal  9.029407e-01 -3.820672e-05 -4.297651e-01
   outer loop
     vertex -2.206669e-01  1.900000e-01  1.568442e-02
     vertex -2.200561e-01  2.200000e-01  1.696515e-02
     vertex -2.200189e-01  1.900000e-01  1.704587e-02
   endloop
 endfacet
 facet normal  9.022405e-01  3.873010e-05 -4.312333e-01
   outer loop
     vertex -2.207068e-01  2.200000e-01  1.560366e-02
     vertex -2.200561e-01  2.200000e-01  1.696515e-02
     vertex -2.206669e-01  1.900000e-01  1.568442e-02
   endloop
 endfacet
 facet normal  8.780312e-01  3.918614e-05 -4.786033e-01
   outer loop
     vertex -2.220736e-01 -1.900000e-01  1.301734e-02
     vertex -2.213520e-01 -1.900000e-01  1.434124e-02
     vertex -2.213947e-01 -2.200000e-01  1.426053e-02
   endloop
 endfacet
 facet normal  8.772303e-01 -3.970862e-05 -4.800697e-01
   outer loop
     vertex -2.220736e-01 -1.900000e-01  1.301734e-02
     vertex -2.213947e-01 -2.200000e-01  1.426053e-02
     vertex -2.221191e-01 -2.200000e-01  1.293677e-02
   endloop
 endfacet
 facet normal  8.908207e-01 -3.869688e-05 -4.543549e-01
   outer loop
     vertex -2.213520e-01  1.900000e-01  1.434124e-02
     vertex -2.207068e-01  2.200000e-01  1.560366e-02
     vertex -2.206669e-01  1.900000e-01  1.568442e-02
   endloop
 endfacet
 facet normal  8.900704e-01  3.921981e-05 -4.558231e-01
   outer loop
     vertex -2.213947e-01  2.200000e-01  1.426053e-02
     vertex -2.207068e-01  2.200000e-01  1.560366e-02
     vertex -2.213520e-01  1.900000e-01  1.434124e-02
   endloop
 endfacet
 facet normal  8.645819e-01  3.967450e-05 -5.024920e-01
   outer loop
     vertex -2.228313e-01 -1.900000e-01  1.171373e-02
     vertex -2.220736e-01 -1.900000e-01  1.301734e-02
     vertex -2.221191e-01 -2.200000e-01  1.293677e-02
   endloop
 endfacet
 facet normal  8.637299e-01 -4.019653e-05 -5.039550e-01
   outer loop
     vertex -2.228313e-01 -1.900000e-01  1.171373e-02
     vertex -2.221191e-01 -2.200000e-01  1.293677e-02
     vertex -2.228796e-01 -2.200000e-01  1.163339e-02
   endloop
 endfacet
 facet normal  8.780312e-01 -3.918614e-05 -4.786033e-01
   outer loop
     vertex -2.220736e-01  1.900000e-01  1.301734e-02
     vertex -2.213947e-01  2.200000e-01  1.426053e-02
     vertex -2.213520e-01  1.900000e-01  1.434124e-02
   endloop
 endfacet
 facet normal  8.772303e-01  3.970862e-05 -4.800697e-01
   outer loop
     vertex -2.221191e-01  2.200000e-01  1.293677e-02
     vertex -2.213947e-01  2.200000e-01  1.426053e-02
     vertex -2.220736e-01  1.900000e-01  1.301734e-02
   endloop
 endfacet
 facet normal  8.504827e-01  4.016197e-05 -5.260030e-01
   outer loop
     vertex -2.236244e-01 -1.900000e-01  1.043137e-02
     vertex -2.228313e-01 -1.900000e-01  1.171373e-02
     vertex -2.228796e-01 -2.200000e-01  1.163339e-02
   endloop
 endfacet
 facet normal  8.495793e-01 -4.068355e-05 -5.274609e-01
   outer loop
     vertex -2.236244e-01 -1.900000e-01  1.043137e-02
     vertex -2.228796e-01 -2.200000e-01  1.163339e-02
     vertex -2.236755e-01 -2.200000e-01  1.035136e-02
   endloop
 endfacet
 facet normal  8.645819e-01 -3.967450e-05 -5.024920e-01
   outer loop
     vertex -2.228313e-01  1.900000e-01  1.171373e-02
     vertex -2.221191e-01  2.200000e-01  1.293677e-02
     vertex -2.220736e-01  1.900000e-01  1.301734e-02
   endloop
 endfacet
 facet normal  8.637299e-01  4.019653e-05 -5.039550e-01
   outer loop
     vertex -2.228796e-01  2.200000e-01  1.163339e-02
     vertex -2.221191e-01  2.200000e-01  1.293677e-02
     vertex -2.228313e-01  1.900000e-01  1.171373e-02
   endloop
 endfacet
 facet normal  8.357444e-01  4.064853e-05 -5.491187e-01
   outer loop
     vertex -2.244524e-01 -1.900000e-01  9.171241e-03
     vertex -2.236244e-01 -1.900000e-01  1.043137e-02
     vertex -2.236755e-01 -2.200000e-01  1.035136e-02
   endloop
 endfacet
 facet normal  8.347891e-01 -4.116967e-05 -5.505698e-01
   outer loop
     vertex -2.244524e-01 -1.900000e-01  9.171241e-03
     vertex -2.236755e-01 -2.200000e-01  1.035136e-02
     vertex -2.245063e-01 -2.200000e-01  9.091655e-03
   endloop
 endfacet
 facet normal  8.504827e-01 -4.016197e-05 -5.260030e-01
   outer loop
     vertex -2.236244e-01  1.900000e-01  1.043137e-02
     vertex -2.228796e-01  2.200000e-01  1.163339e-02
     vertex -2.228313e-01  1.900000e-01  1.171373e-02
   endloop
 endfacet
 facet normal  8.495793e-01  4.068355e-05 -5.274609e-01
   outer loop
     vertex -2.236755e-01  2.200000e-01  1.035136e-02
     vertex -2.228796e-01  2.200000e-01  1.163339e-02
     vertex -2.236244e-01  1.900000e-01  1.043137e-02
   endloop
 endfacet
 facet normal  8.203779e-01  4.113420e-05 -5.718217e-01
   outer loop
     vertex -2.253146e-01 -1.900000e-01  7.934277e-03
     vertex -2.244524e-01 -1.900000e-01  9.171241e-03
     vertex -2.245063e-01 -2.200000e-01  9.091655e-03
   endloop
 endfacet
 facet normal  8.193706e-01 -4.165489e-05 -5.732642e-01
   outer loop
     vertex -2.253146e-01 -1.900000e-01  7.934277e-03
     vertex -2.245063e-01 -2.200000e-01  9.091655e-03
     vertex -2.253714e-01 -2.200000e-01  7.855213e-03
   endloop
 endfacet
 facet normal  8.357444e-01 -4.064853e-05 -5.491187e-01
   outer loop
     vertex -2.244524e-01  1.900000e-01  9.171241e-03
     vertex -2.236755e-01  2.200000e-01  1.035136e-02
     vertex -2.236244e-01  1.900000e-01  1.043137e-02
   endloop
 endfacet
 facet normal  8.347891e-01  4.116967e-05 -5.505698e-01
   outer loop
     vertex -2.245063e-01  2.200000e-01  9.091655e-03
     vertex -2.236755e-01  2.200000e-01  1.035136e-02
     vertex -2.244524e-01  1.900000e-01  9.171241e-03
   endloop
 endfacet
 facet normal  8.043949e-01  4.161897e-05 -5.940950e-01
   outer loop
     vertex -2.262103e-01 -1.900000e-01  6.721413e-03
     vertex -2.253146e-01 -1.900000e-01  7.934277e-03
     vertex -2.253714e-01 -2.200000e-01  7.855213e-03
   endloop
 endfacet
 facet normal  8.033352e-01 -4.213921e-05 -5.955271e-01
   outer loop
     vertex -2.262103e-01 -1.900000e-01  6.721413e-03
     vertex -2.253714e-01 -2.200000e-01  7.855213e-03
     vertex -2.262701e-01 -2.200000e-01  6.642968e-03
   endloop
 endfacet
 facet normal  8.203779e-01 -4.113420e-05 -5.718217e-01
   outer loop
     vertex -2.253146e-01  1.900000e-01  7.934277e-03
     vertex -2.245063e-01  2.200000e-01  9.091655e-03
     vertex -2.244524e-01  1.900000e-01  9.171241e-03
   endloop
 endfacet
 facet normal  8.193706e-01  4.165489e-05 -5.732642e-01
   outer loop
     vertex -2.253714e-01  2.200000e-01  7.855213e-03
     vertex -2.245063e-01  2.200000e-01  9.091655e-03
     vertex -2.253146e-01  1.900000e-01  7.934277e-03
   endloop
 endfacet
 facet normal  7.878073e-01  4.210285e-05 -6.159218e-01
   outer loop
     vertex -2.271390e-01 -1.900000e-01  5.533559e-03
     vertex -2.262103e-01 -1.900000e-01  6.721413e-03
     vertex -2.262701e-01 -2.200000e-01  6.642968e-03
   endloop
 endfacet
 facet normal  7.866951e-01 -4.262264e-05 -6.173417e-01
   outer loop
     vertex -2.271390e-01 -1.900000e-01  5.533559e-03
     vertex -2.262701e-01 -2.200000e-01  6.642968e-03
     vertex -2.272016e-01 -2.200000e-01  5.455834e-03
   endloop
 endfacet
 facet normal  8.043949e-01 -4.161897e-05 -5.940950e-01
   outer loop
     vertex -2.262103e-01  1.900000e-01  6.721413e-03
     vertex -2.253714e-01  2.200000e-01  7.855213e-03
     vertex -2.253146e-01  1.900000e-01  7.934277e-03
   endloop
 endfacet
 facet normal  8.033352e-01  4.213921e-05 -5.955271e-01
   outer loop
     vertex -2.262701e-01  2.200000e-01  6.642968e-03
     vertex -2.253714e-01  2.200000e-01  7.855213e-03
     vertex -2.262103e-01  1.900000e-01  6.721413e-03
   endloop
 endfacet
 facet normal  7.706277e-01  4.258582e-05 -6.372856e-01
   outer loop
     vertex -2.280999e-01 -1.900000e-01  4.371608e-03
     vertex -2.271390e-01 -1.900000e-01  5.533559e-03
     vertex -2.272016e-01 -2.200000e-01  5.455834e-03
   endloop
 endfacet
 facet normal  7.694628e-01 -4.310516e-05 -6.386916e-01
   outer loop
     vertex -2.280999e-01 -1.900000e-01  4.371608e-03
     vertex -2.272016e-01 -2.200000e-01  5.455834e-03
     vertex -2.281654e-01 -2.200000e-01  4.294703e-03
   endloop
 endfacet
 facet normal  7.878073e-01 -4.210285e-05 -6.159218e-01
   outer loop
     vertex -2.271390e-01  1.900000e-01  5.533559e-03
     vertex -2.262701e-01  2.200000e-01  6.642968e-03
     vertex -2.262103e-01  1.900000e-01  6.721413e-03
   endloop
 endfacet
 facet normal  7.866951e-01  4.262264e-05 -6.173417e-01
   outer loop
     vertex -2.272016e-01  2.200000e-01  5.455834e-03
     vertex -2.262701e-01  2.200000e-01  6.642968e-03
     vertex -2.271390e-01  1.900000e-01  5.533559e-03
   endloop
 endfacet
 facet normal  7.528689e-01  4.306790e-05 -6.581705e-01
   outer loop
     vertex -2.290923e-01 -1.900000e-01  3.236434e-03
     vertex -2.280999e-01 -1.900000e-01  4.371608e-03
     vertex -2.281654e-01 -2.200000e-01  4.294703e-03
   endloop
 endfacet
 facet normal  7.516513e-01 -4.358679e-05 -6.595607e-01
   outer loop
     vertex -2.290923e-01 -1.900000e-01  3.236434e-03
     vertex -2.281654e-01 -2.200000e-01  4.294703e-03
     vertex -2.291607e-01 -2.200000e-01  3.160450e-03
   endloop
 endfacet
 facet normal  7.706277e-01 -4.258582e-05 -6.372856e-01
   outer loop
     vertex -2.280999e-01  1.900000e-01  4.371608e-03
     vertex -2.272016e-01  2.200000e-01  5.455834e-03
     vertex -2.271390e-01  1.900000e-01  5.533559e-03
   endloop
 endfacet
 facet normal  7.694628e-01  4.310516e-05 -6.386916e-01
   outer loop
     vertex -2.281654e-01  2.200000e-01  4.294703e-03
     vertex -2.272016e-01  2.200000e-01  5.455834e-03
     vertex -2.280999e-01  1.900000e-01  4.371608e-03
   endloop
 endfacet
 facet normal  7.345442e-01  4.354908e-05 -6.785608e-01
   outer loop
     vertex -2.301154e-01 -1.900000e-01  2.128890e-03
     vertex -2.290923e-01 -1.900000e-01  3.236434e-03
     vertex -2.291607e-01 -2.200000e-01  3.160450e-03
   endloop
 endfacet
 facet normal  7.332740e-01 -4.406752e-05 -6.799333e-01
   outer loop
     vertex -2.301154e-01 -1.900000e-01  2.128890e-03
     vertex -2.291607e-01 -2.200000e-01  3.160450e-03
     vertex -2.301867e-01 -2.200000e-01  2.053929e-03
   endloop
 endfacet
 facet normal  7.528689e-01 -4.306790e-05 -6.581705e-01
   outer loop
     vertex -2.290923e-01  1.900000e-01  3.236434e-03
     vertex -2.281654e-01  2.200000e-01  4.294703e-03
     vertex -2.280999e-01  1.900000e-01  4.371608e-03
   endloop
 endfacet
 facet normal  7.516513e-01  4.358679e-05 -6.595607e-01
   outer loop
     vertex -2.291607e-01  2.200000e-01  3.160450e-03
     vertex -2.281654e-01  2.200000e-01  4.294703e-03
     vertex -2.290923e-01  1.900000e-01  3.236434e-03
   endloop
 endfacet
 facet normal  7.156676e-01  4.402936e-05 -6.984411e-01
   outer loop
     vertex -2.311685e-01 -1.900000e-01  1.049809e-03
     vertex -2.301154e-01 -1.900000e-01  2.128890e-03
     vertex -2.301867e-01 -2.200000e-01  2.053929e-03
   endloop
 endfacet
 facet normal  7.143447e-01 -4.454736e-05 -6.997940e-01
   outer loop
     vertex -2.311685e-01 -1.900000e-01  1.049809e-03
     vertex -2.301867e-01 -2.200000e-01  2.053929e-03
     vertex -2.312427e-01 -2.200000e-01  9.759725e-04
   endloop
 endfacet
 facet normal  7.345442e-01 -4.354908e-05 -6.785608e-01
   outer loop
     vertex -2.301154e-01  1.900000e-01  2.128890e-03
     vertex -2.291607e-01  2.200000e-01  3.160450e-03
     vertex -2.290923e-01  1.900000e-01  3.236434e-03
   endloop
 endfacet
 facet normal  7.332740e-01  4.406752e-05 -6.799333e-01
   outer loop
     vertex -2.301867e-01  2.200000e-01  2.053929e-03
     vertex -2.291607e-01  2.200000e-01  3.160450e-03
     vertex -2.301154e-01  1.900000e-01  2.128890e-03
   endloop
 endfacet
 facet normal  6.962530e-01  4.450875e-05 -7.177964e-01
   outer loop
     vertex -2.322508e-01 -1.900000e-01  0.000000e+00
     vertex -2.311685e-01 -1.900000e-01  1.049809e-03
     vertex -2.312427e-01 -2.200000e-01  9.759725e-04
   endloop
 endfacet
 facet normal  6.948776e-01 -4.502629e-05 -7.191280e-01
   outer loop
     vertex -2.322508e-01 -1.900000e-01  0.000000e+00
     vertex -2.312427e-01 -2.200000e-01  9.759725e-04
     vertex -2.323279e-01 -2.200000e-01 -7.260799e-05
   endloop
 endfacet
 facet normal  7.156676e-01 -4.402936e-05 -6.984411e-01
   outer loop
     vertex -2.311685e-01  1.900000e-01  1.049809e-03
     vertex -2.301867e-01  2.200000e-01  2.053929e-03
     vertex -2.301154e-01  1.900000e-01  2.128890e-03
   endloop
 endfacet
 facet normal  6.748875e-01  5.182211e-05 -7.379206e-01
   outer loop
     vertex -2.334414e-01 -2.200000e-01 -1.091023e-03
     vertex -2.322508e-01 -1.900000e-01  0.000000e+00
     vertex -2.323279e-01 -2.200000e-01 -7.260799e-05
   endloop
 endfacet
 facet normal  7.143447e-01  4.454736e-05 -6.997940e-01
   outer loop
     vertex -2.312427e-01  2.200000e-01  9.759725e-04
     vertex -2.301867e-01  2.200000e-01  2.053929e-03
     vertex -2.311685e-01  1.900000e-01  1.049809e-03
   endloop
 endfacet
 facet normal  6.962530e-01 -4.450875e-05 -7.177964e-01
   outer loop
     vertex -2.322508e-01  1.900000e-01  0.000000e+00
     vertex -2.312427e-01  2.200000e-01  9.759725e-04
     vertex -2.311685e-01  1.900000e-01  1.049809e-03
   endloop
 endfacet
 facet normal  6.948776e-01  4.502629e-05 -7.191280e-01
   outer loop
     vertex -2.323279e-01  2.200000e-01 -7.260799e-05
     vertex -2.312427e-01  2.200000e-01  9.759725e-04
     vertex -2.322508e-01  1.900000e-01  0.000000e+00
   endloop
 endfacet
 facet normal  6.755976e-01  0.000000e+00 -7.372706e-01
   outer loop
     vertex -2.334414e-01  2.200000e-01 -1.091023e-03
     vertex -2.322508e-01 -1.900000e-01  0.000000e+00
     vertex -2.334414e-01 -2.200000e-01 -1.091023e-03
   endloop
 endfacet
 facet normal  6.755976e-01  0.000000e+00 -7.372706e-01
   outer loop
     vertex -2.334414e-01  2.200000e-01 -1.091023e-03
     vertex -2.322508e-01  1.900000e-01  0.000000e+00
     vertex -2.322508e-01 -1.900000e-01  0.000000e+00
   endloop
 endfacet
 facet normal  6.748875e-01 -5.182211e-05 -7.379206e-01
   outer loop
     vertex -2.334414e-01  2.200000e-01 -1.091023e-03
     vertex -2.323279e-01  2.200000e-01 -7.260799e-05
     vertex -2.322508e-01  1.900000e-01  0.000000e+00
   endloop
 endfacet
 facet normal  6.543893e-01  0.000000e+00 -7.561578e-01
   outer loop
     vertex -2.345825e-01  2.200000e-01 -2.078506e-03
     vertex -2.334414e-01  2.200000e-01 -1.091023e-03
     vertex -2.334414e-01 -2.200000e-01 -1.091023e-03
   endloop
 endfacet
 facet normal  6.543893e-01  0.000000e+00 -7.561578e-01
   outer loop
     vertex -2.345825e-01  2.200000e-01 -2.078506e-03
     vertex -2.334414e-01 -2.200000e-01 -1.091023e-03
     vertex -2.345825e-01 -2.200000e-01 -2.078506e-03
   endloop
 endfacet
 facet normal  6.333986e-01  0.000000e+00 -7.738257e-01
   outer loop
     vertex -2.357502e-01  2.200000e-01 -3.034314e-03
     vertex -2.345825e-01  2.200000e-01 -2.078506e-03
     vertex -2.345825e-01 -2.200000e-01 -2.078506e-03
   endloop
 endfacet
 facet normal  6.333986e-01  0.000000e+00 -7.738257e-01
   outer loop
     vertex -2.357502e-01  2.200000e-01 -3.034314e-03
     vertex -2.345825e-01 -2.200000e-01 -2.078506e-03
     vertex -2.357502e-01 -2.200000e-01 -3.034314e-03
   endloop
 endfacet
 facet normal  6.119310e-01  0.000000e+00 -7.909112e-01
   outer loop
     vertex -2.369437e-01  2.200000e-01 -3.957727e-03
     vertex -2.357502e-01  2.200000e-01 -3.034314e-03
     vertex -2.357502e-01 -2.200000e-01 -3.034314e-03
   endloop
 endfacet
 facet normal  6.119310e-01  0.000000e+00 -7.909112e-01
   outer loop
     vertex -2.369437e-01  2.200000e-01 -3.957727e-03
     vertex -2.357502e-01 -2.200000e-01 -3.034314e-03
     vertex -2.369437e-01 -2.200000e-01 -3.957727e-03
   endloop
 endfacet
 facet normal  5.900028e-01  0.000000e+00 -8.074012e-01
   outer loop
     vertex -2.381621e-01  2.200000e-01 -4.848050e-03
     vertex -2.369437e-01  2.200000e-01 -3.957727e-03
     vertex -2.369437e-01 -2.200000e-01 -3.957727e-03
   endloop
 endfacet
 facet normal  5.900028e-01  0.000000e+00 -8.074012e-01
   outer loop
     vertex -2.381621e-01  2.200000e-01 -4.848050e-03
     vertex -2.369437e-01 -2.200000e-01 -3.957727e-03
     vertex -2.381621e-01 -2.200000e-01 -4.848050e-03
   endloop
 endfacet
 facet normal  5.676304e-01  0.000000e+00 -8.232835e-01
   outer loop
     vertex -2.394044e-01  2.200000e-01 -5.704612e-03
     vertex -2.381621e-01  2.200000e-01 -4.848050e-03
     vertex -2.381621e-01 -2.200000e-01 -4.848050e-03
   endloop
 endfacet
 facet normal  5.676304e-01  0.000000e+00 -8.232835e-01
   outer loop
     vertex -2.394044e-01  2.200000e-01 -5.704612e-03
     vertex -2.381621e-01 -2.200000e-01 -4.848050e-03
     vertex -2.394044e-01 -2.200000e-01 -5.704612e-03
   endloop
 endfacet
 facet normal  5.448308e-01  0.000000e+00 -8.385460e-01
   outer loop
     vertex -2.406698e-01  2.200000e-01 -6.526770e-03
     vertex -2.394044e-01  2.200000e-01 -5.704612e-03
     vertex -2.394044e-01 -2.200000e-01 -5.704612e-03
   endloop
 endfacet
 facet normal  5.448308e-01  0.000000e+00 -8.385460e-01
   outer loop
     vertex -2.406698e-01  2.200000e-01 -6.526770e-03
     vertex -2.394044e-01 -2.200000e-01 -5.704612e-03
     vertex -2.406698e-01 -2.200000e-01 -6.526770e-03
   endloop
 endfacet
 facet normal  5.216210e-01  0.000000e+00 -8.531773e-01
   outer loop
     vertex -2.419573e-01  2.200000e-01 -7.313904e-03
     vertex -2.406698e-01  2.200000e-01 -6.526770e-03
     vertex -2.406698e-01 -2.200000e-01 -6.526770e-03
   endloop
 endfacet
 facet normal  5.216210e-01  0.000000e+00 -8.531773e-01
   outer loop
     vertex -2.419573e-01  2.200000e-01 -7.313904e-03
     vertex -2.406698e-01 -2.200000e-01 -6.526770e-03
     vertex -2.419573e-01 -2.200000e-01 -7.313904e-03
   endloop
 endfacet
 facet normal  4.980186e-01  0.000000e+00 -8.671664e-01
   outer loop
     vertex -2.432658e-01  2.200000e-01 -8.065421e-03
     vertex -2.419573e-01  2.200000e-01 -7.313904e-03
     vertex -2.419573e-01 -2.200000e-01 -7.313904e-03
   endloop
 endfacet
 facet normal  4.980186e-01  0.000000e+00 -8.671664e-01
   outer loop
     vertex -2.432658e-01  2.200000e-01 -8.065421e-03
     vertex -2.419573e-01 -2.200000e-01 -7.313904e-03
     vertex -2.432658e-01 -2.200000e-01 -8.065421e-03
   endloop
 endfacet
 facet normal  4.740412e-01  0.000000e+00 -8.805026e-01
   outer loop
     vertex -2.445945e-01  2.200000e-01 -8.780756e-03
     vertex -2.432658e-01  2.200000e-01 -8.065421e-03
     vertex -2.432658e-01 -2.200000e-01 -8.065421e-03
   endloop
 endfacet
 facet normal  4.740412e-01  0.000000e+00 -8.805026e-01
   outer loop
     vertex -2.445945e-01  2.200000e-01 -8.780756e-03
     vertex -2.432658e-01 -2.200000e-01 -8.065421e-03
     vertex -2.445945e-01 -2.200000e-01 -8.780756e-03
   endloop
 endfacet
 facet normal  4.497071e-01  0.000000e+00 -8.931761e-01
   outer loop
     vertex -2.459423e-01  2.200000e-01 -9.459371e-03
     vertex -2.445945e-01 -2.200000e-01 -8.780756e-03
     vertex -2.459423e-01 -2.200000e-01 -9.459371e-03
   endloop
 endfacet
 facet normal  4.497071e-01  0.000000e+00 -8.931761e-01
   outer loop
     vertex -2.459423e-01  2.200000e-01 -9.459371e-03
     vertex -2.445945e-01  2.200000e-01 -8.780756e-03
     vertex -2.445945e-01 -2.200000e-01 -8.780756e-03
   endloop
 endfacet
 facet normal  4.250344e-01  0.000000e+00 -9.051772e-01
   outer loop
     vertex -2.473083e-01  2.200000e-01 -1.010075e-02
     vertex -2.459423e-01 -2.200000e-01 -9.459371e-03
     vertex -2.473083e-01 -2.200000e-01 -1.010075e-02
   endloop
 endfacet
 facet normal  4.250344e-01  0.000000e+00 -9.051772e-01
   outer loop
     vertex -2.473083e-01  2.200000e-01 -1.010075e-02
     vertex -2.459423e-01  2.200000e-01 -9.459371e-03
     vertex -2.459423e-01 -2.200000e-01 -9.459371e-03
   endloop
 endfacet
 facet normal  4.000417e-01  0.000000e+00 -9.164969e-01
   outer loop
     vertex -2.486913e-01  2.200000e-01 -1.070442e-02
     vertex -2.473083e-01 -2.200000e-01 -1.010075e-02
     vertex -2.486913e-01 -2.200000e-01 -1.070442e-02
   endloop
 endfacet
 facet normal  4.000417e-01  0.000000e+00 -9.164969e-01
   outer loop
     vertex -2.486913e-01  2.200000e-01 -1.070442e-02
     vertex -2.473083e-01  2.200000e-01 -1.010075e-02
     vertex -2.473083e-01 -2.200000e-01 -1.010075e-02
   endloop
 endfacet
 facet normal  3.747479e-01  0.000000e+00 -9.271267e-01
   outer loop
     vertex -2.500903e-01  2.200000e-01 -1.126992e-02
     vertex -2.486913e-01 -2.200000e-01 -1.070442e-02
     vertex -2.500903e-01 -2.200000e-01 -1.126992e-02
   endloop
 endfacet
 facet normal  3.747479e-01  0.000000e+00 -9.271267e-01
   outer loop
     vertex -2.500903e-01  2.200000e-01 -1.126992e-02
     vertex -2.486913e-01  2.200000e-01 -1.070442e-02
     vertex -2.486913e-01 -2.200000e-01 -1.070442e-02
   endloop
 endfacet
 facet normal  3.491720e-01  0.000000e+00 -9.370586e-01
   outer loop
     vertex -2.515044e-01  2.200000e-01 -1.179683e-02
     vertex -2.500903e-01 -2.200000e-01 -1.126992e-02
     vertex -2.515044e-01 -2.200000e-01 -1.179683e-02
   endloop
 endfacet
 facet normal  3.491720e-01  0.000000e+00 -9.370586e-01
   outer loop
     vertex -2.515044e-01  2.200000e-01 -1.179683e-02
     vertex -2.500903e-01  2.200000e-01 -1.126992e-02
     vertex -2.500903e-01 -2.200000e-01 -1.126992e-02
   endloop
 endfacet
 facet normal  3.233333e-01  0.000000e+00 -9.462851e-01
   outer loop
     vertex -2.529323e-01  2.200000e-01 -1.228474e-02
     vertex -2.515044e-01 -2.200000e-01 -1.179683e-02
     vertex -2.529323e-01 -2.200000e-01 -1.228474e-02
   endloop
 endfacet
 facet normal  3.233333e-01  0.000000e+00 -9.462851e-01
   outer loop
     vertex -2.529323e-01  2.200000e-01 -1.228474e-02
     vertex -2.515044e-01  2.200000e-01 -1.179683e-02
     vertex -2.515044e-01 -2.200000e-01 -1.179683e-02
   endloop
 endfacet
 facet normal  2.972512e-01  0.000000e+00 -9.547993e-01
   outer loop
     vertex -2.543731e-01  2.200000e-01 -1.273330e-02
     vertex -2.529323e-01 -2.200000e-01 -1.228474e-02
     vertex -2.543731e-01 -2.200000e-01 -1.273330e-02
   endloop
 endfacet
 facet normal  2.972512e-01  0.000000e+00 -9.547993e-01
   outer loop
     vertex -2.543731e-01  2.200000e-01 -1.273330e-02
     vertex -2.529323e-01  2.200000e-01 -1.228474e-02
     vertex -2.529323e-01 -2.200000e-01 -1.228474e-02
   endloop
 endfacet
 facet normal  2.709453e-01  0.000000e+00 -9.625948e-01
   outer loop
     vertex -2.558257e-01  2.200000e-01 -1.314216e-02
     vertex -2.543731e-01 -2.200000e-01 -1.273330e-02
     vertex -2.558257e-01 -2.200000e-01 -1.314216e-02
   endloop
 endfacet
 facet normal  2.444354e-01  0.000000e+00 -9.696656e-01
   outer loop
     vertex -2.558257e-01  2.200000e-01 -1.314216e-02
     vertex -2.558257e-01 -2.200000e-01 -1.314216e-02
     vertex -2.572889e-01 -2.200000e-01 -1.351102e-02
   endloop
 endfacet
 facet normal  2.709453e-01  0.000000e+00 -9.625948e-01
   outer loop
     vertex -2.558257e-01  2.200000e-01 -1.314216e-02
     vertex -2.543731e-01  2.200000e-01 -1.273330e-02
     vertex -2.543731e-01 -2.200000e-01 -1.273330e-02
   endloop
 endfacet
 facet normal  2.444354e-01  0.000000e+00 -9.696656e-01
   outer loop
     vertex -2.572889e-01  2.200000e-01 -1.351102e-02
     vertex -2.558257e-01  2.200000e-01 -1.314216e-02
     vertex -2.572889e-01 -2.200000e-01 -1.351102e-02
   endloop
 endfacet
 facet normal  2.177416e-01  0.000000e+00 -9.760065e-01
   outer loop
     vertex -2.587617e-01  2.200000e-01 -1.383959e-02
     vertex -2.572889e-01 -2.200000e-01 -1.351102e-02
     vertex -2.587617e-01 -2.200000e-01 -1.383959e-02
   endloop
 endfacet
 facet normal  1.908838e-01  0.000000e+00 -9.816126e-01
   outer loop
     vertex -2.587617e-01  2.200000e-01 -1.383959e-02
     vertex -2.587617e-01 -2.200000e-01 -1.383959e-02
     vertex -2.602430e-01 -2.200000e-01 -1.412764e-02
   endloop
 endfacet
 facet normal  2.177416e-01  0.000000e+00 -9.760065e-01
   outer loop
     vertex -2.587617e-01  2.200000e-01 -1.383959e-02
     vertex -2.572889e-01  2.200000e-01 -1.351102e-02
     vertex -2.572889e-01 -2.200000e-01 -1.351102e-02
   endloop
 endfacet
 facet normal  1.908838e-01  0.000000e+00 -9.816126e-01
   outer loop
     vertex -2.602430e-01  2.200000e-01 -1.412764e-02
     vertex -2.587617e-01  2.200000e-01 -1.383959e-02
     vertex -2.602430e-01 -2.200000e-01 -1.412764e-02
   endloop
 endfacet
 facet normal  1.638824e-01  0.000000e+00 -9.864799e-01
   outer loop
     vertex -2.617316e-01  2.200000e-01 -1.437494e-02
     vertex -2.602430e-01 -2.200000e-01 -1.412764e-02
     vertex -2.617316e-01 -2.200000e-01 -1.437494e-02
   endloop
 endfacet
 facet normal  1.638824e-01  0.000000e+00 -9.864799e-01
   outer loop
     vertex -2.617316e-01  2.200000e-01 -1.437494e-02
     vertex -2.602430e-01  2.200000e-01 -1.412764e-02
     vertex -2.602430e-01 -2.200000e-01 -1.412764e-02
   endloop
 endfacet
 facet normal  1.367575e-01  0.000000e+00 -9.906046e-01
   outer loop
     vertex -2.632265e-01  2.200000e-01 -1.458131e-02
     vertex -2.617316e-01 -2.200000e-01 -1.437494e-02
     vertex -2.632265e-01 -2.200000e-01 -1.458131e-02
   endloop
 endfacet
 facet normal  1.367575e-01  0.000000e+00 -9.906046e-01
   outer loop
     vertex -2.632265e-01  2.200000e-01 -1.458131e-02
     vertex -2.617316e-01  2.200000e-01 -1.437494e-02
     vertex -2.617316e-01 -2.200000e-01 -1.437494e-02
   endloop
 endfacet
 facet normal  1.095298e-01  0.000000e+00 -9.939835e-01
   outer loop
     vertex -2.647264e-01  2.200000e-01 -1.474659e-02
     vertex -2.632265e-01 -2.200000e-01 -1.458131e-02
     vertex -2.647264e-01 -2.200000e-01 -1.474659e-02
   endloop
 endfacet
 facet normal  1.095298e-01  0.000000e+00 -9.939835e-01
   outer loop
     vertex -2.647264e-01  2.200000e-01 -1.474659e-02
     vertex -2.632265e-01  2.200000e-01 -1.458131e-02
     vertex -2.632265e-01 -2.200000e-01 -1.458131e-02
   endloop
 endfacet
 facet normal  8.221955e-02  0.000000e+00 -9.966142e-01
   outer loop
     vertex -2.662303e-01  2.200000e-01 -1.487066e-02
     vertex -2.647264e-01 -2.200000e-01 -1.474659e-02
     vertex -2.662303e-01 -2.200000e-01 -1.487066e-02
   endloop
 endfacet
 facet normal  5.484744e-02  0.000000e+00 -9.984947e-01
   outer loop
     vertex -2.662303e-01  2.200000e-01 -1.487066e-02
     vertex -2.662303e-01 -2.200000e-01 -1.487066e-02
     vertex -2.677370e-01 -2.200000e-01 -1.495343e-02
   endloop
 endfacet
 facet normal  8.221955e-02  0.000000e+00 -9.966142e-01
   outer loop
     vertex -2.662303e-01  2.200000e-01 -1.487066e-02
     vertex -2.647264e-01  2.200000e-01 -1.474659e-02
     vertex -2.647264e-01 -2.200000e-01 -1.474659e-02
   endloop
 endfacet
 facet normal  5.484744e-02  0.000000e+00 -9.984947e-01
   outer loop
     vertex -2.677370e-01  2.200000e-01 -1.495343e-02
     vertex -2.662303e-01  2.200000e-01 -1.487066e-02
     vertex -2.677370e-01 -2.200000e-01 -1.495343e-02
   endloop
 endfacet
 facet normal  2.743405e-02  0.000000e+00 -9.996236e-01
   outer loop
     vertex -2.692455e-01  2.200000e-01 -1.499482e-02
     vertex -2.677370e-01  2.200000e-01 -1.495343e-02
     vertex -2.677370e-01 -2.200000e-01 -1.495343e-02
   endloop
 endfacet
 facet normal  2.743405e-02  0.000000e+00 -9.996236e-01
   outer loop
     vertex -2.692455e-01  2.200000e-01 -1.499482e-02
     vertex -2.677370e-01 -2.200000e-01 -1.495343e-02
     vertex -2.692455e-01 -2.200000e-01 -1.499482e-02
   endloop
 endfacet
 facet normal -4.598295e-15  0.000000e+00 -1.000000e+00
   outer loop
     vertex -2.707545e-01  2.200000e-01 -1.499482e-02
     vertex -2.692455e-01  2.200000e-01 -1.499482e-02
     vertex -2.692455e-01 -2.200000e-01 -1.499482e-02
   endloop
 endfacet
 facet normal -4.598295e-15 -0.000000e+00 -1.000000e+00
   outer loop
     vertex -2.707545e-01  2.200000e-01 -1.499482e-02
     vertex -2.692455e-01 -2.200000e-01 -1.499482e-02
     vertex -2.707545e-01 -2.200000e-01 -1.499482e-02
   endloop
 endfacet
 facet normal -2.743405e-02 -0.000000e+00 -9.996236e-01
   outer loop
     vertex -2.707545e-01  2.200000e-01 -1.499482e-02
     vertex -2.707545e-01 -2.200000e-01 -1.499482e-02
     vertex -2.722630e-01 -2.200000e-01 -1.495343e-02
   endloop
 endfacet
 facet normal -2.743405e-02 -0.000000e+00 -9.996236e-01
   outer loop
     vertex -2.722630e-01  2.200000e-01 -1.495343e-02
     vertex -2.707545e-01  2.200000e-01 -1.499482e-02
     vertex -2.722630e-01 -2.200000e-01 -1.495343e-02
   endloop
 endfacet
 facet normal -5.484744e-02 -0.000000e+00 -9.984947e-01
   outer loop
     vertex -2.737697e-01  2.200000e-01 -1.487066e-02
     vertex -2.722630e-01 -2.200000e-01 -1.495343e-02
     vertex -2.737697e-01 -2.200000e-01 -1.487066e-02
   endloop
 endfacet
 facet normal -5.484744e-02  0.000000e+00 -9.984947e-01
   outer loop
     vertex -2.737697e-01  2.200000e-01 -1.487066e-02
     vertex -2.722630e-01  2.200000e-01 -1.495343e-02
     vertex -2.722630e-01 -2.200000e-01 -1.495343e-02
   endloop
 endfacet
 facet normal -8.221955e-02 -0.000000e+00 -9.966142e-01
   outer loop
     vertex -2.737697e-01  2.200000e-01 -1.487066e-02
     vertex -2.737697e-01 -2.200000e-01 -1.487066e-02
     vertex -2.752736e-01 -2.200000e-01 -1.474659e-02
   endloop
 endfacet
 facet normal -1.095298e-01 -0.000000e+00 -9.939835e-01
   outer loop
     vertex -2.752736e-01  2.200000e-01 -1.474659e-02
     vertex -2.752736e-01 -2.200000e-01 -1.474659e-02
     vertex -2.767735e-01 -2.200000e-01 -1.458131e-02
   endloop
 endfacet
 facet normal -8.221955e-02 -0.000000e+00 -9.966142e-01
   outer loop
     vertex -2.752736e-01  2.200000e-01 -1.474659e-02
     vertex -2.737697e-01  2.200000e-01 -1.487066e-02
     vertex -2.752736e-01 -2.200000e-01 -1.474659e-02
   endloop
 endfacet
 facet normal -1.095298e-01 -0.000000e+00 -9.939835e-01
   outer loop
     vertex -2.767735e-01  2.200000e-01 -1.458131e-02
     vertex -2.752736e-01  2.200000e-01 -1.474659e-02
     vertex -2.767735e-01 -2.200000e-01 -1.458131e-02
   endloop
 endfacet
 facet normal -1.367575e-01 -0.000000e+00 -9.906046e-01
   outer loop
     vertex -2.782684e-01  2.200000e-01 -1.437494e-02
     vertex -2.767735e-01 -2.200000e-01 -1.458131e-02
     vertex -2.782684e-01 -2.200000e-01 -1.437494e-02
   endloop
 endfacet
 facet normal -1.367575e-01  0.000000e+00 -9.906046e-01
   outer loop
     vertex -2.782684e-01  2.200000e-01 -1.437494e-02
     vertex -2.767735e-01  2.200000e-01 -1.458131e-02
     vertex -2.767735e-01 -2.200000e-01 -1.458131e-02
   endloop
 endfacet
 facet normal -1.638824e-01 -0.000000e+00 -9.864799e-01
   outer loop
     vertex -2.797570e-01  2.200000e-01 -1.412764e-02
     vertex -2.782684e-01 -2.200000e-01 -1.437494e-02
     vertex -2.797570e-01 -2.200000e-01 -1.412764e-02
   endloop
 endfacet
 facet normal -1.908838e-01 -0.000000e+00 -9.816126e-01
   outer loop
     vertex -2.797570e-01  2.200000e-01 -1.412764e-02
     vertex -2.797570e-01 -2.200000e-01 -1.412764e-02
     vertex -2.812383e-01 -2.200000e-01 -1.383959e-02
   endloop
 endfacet
 facet normal -1.638824e-01  0.000000e+00 -9.864799e-01
   outer loop
     vertex -2.797570e-01  2.200000e-01 -1.412764e-02
     vertex -2.782684e-01  2.200000e-01 -1.437494e-02
     vertex -2.782684e-01 -2.200000e-01 -1.437494e-02
   endloop
 endfacet
 facet normal -1.908838e-01 -0.000000e+00 -9.816126e-01
   outer loop
     vertex -2.812383e-01  2.200000e-01 -1.383959e-02
     vertex -2.797570e-01  2.200000e-01 -1.412764e-02
     vertex -2.812383e-01 -2.200000e-01 -1.383959e-02
   endloop
 endfacet
 facet normal -2.177416e-01 -0.000000e+00 -9.760065e-01
   outer loop
     vertex -2.827111e-01  2.200000e-01 -1.351102e-02
     vertex -2.812383e-01 -2.200000e-01 -1.383959e-02
     vertex -2.827111e-01 -2.200000e-01 -1.351102e-02
   endloop
 endfacet
 facet normal -2.177416e-01  0.000000e+00 -9.760065e-01
   outer loop
     vertex -2.827111e-01  2.200000e-01 -1.351102e-02
     vertex -2.812383e-01  2.200000e-01 -1.383959e-02
     vertex -2.812383e-01 -2.200000e-01 -1.383959e-02
   endloop
 endfacet
 facet normal -2.444354e-01 -0.000000e+00 -9.696656e-01
   outer loop
     vertex -2.841743e-01  2.200000e-01 -1.314216e-02
     vertex -2.827111e-01 -2.200000e-01 -1.351102e-02
     vertex -2.841743e-01 -2.200000e-01 -1.314216e-02
   endloop
 endfacet
 facet normal -2.444354e-01  0.000000e+00 -9.696656e-01
   outer loop
     vertex -2.841743e-01  2.200000e-01 -1.314216e-02
     vertex -2.827111e-01  2.200000e-01 -1.351102e-02
     vertex -2.827111e-01 -2.200000e-01 -1.351102e-02
   endloop
 endfacet
 facet normal -2.709453e-01 -0.000000e+00 -9.625948e-01
   outer loop
     vertex -2.856269e-01  2.200000e-01 -1.273330e-02
     vertex -2.841743e-01 -2.200000e-01 -1.314216e-02
     vertex -2.856269e-01 -2.200000e-01 -1.273330e-02
   endloop
 endfacet
 facet normal -2.709453e-01  0.000000e+00 -9.625948e-01
   outer loop
     vertex -2.856269e-01  2.200000e-01 -1.273330e-02
     vertex -2.841743e-01  2.200000e-01 -1.314216e-02
     vertex -2.841743e-01 -2.200000e-01 -1.314216e-02
   endloop
 endfacet
 facet normal -2.972512e-01 -0.000000e+00 -9.547993e-01
   outer loop
     vertex -2.870677e-01  2.200000e-01 -1.228474e-02
     vertex -2.856269e-01 -2.200000e-01 -1.273330e-02
     vertex -2.870677e-01 -2.200000e-01 -1.228474e-02
   endloop
 endfacet
 facet normal -2.972512e-01  0.000000e+00 -9.547993e-01
   outer loop
     vertex -2.870677e-01  2.200000e-01 -1.228474e-02
     vertex -2.856269e-01  2.200000e-01 -1.273330e-02
     vertex -2.856269e-01 -2.200000e-01 -1.273330e-02
   endloop
 endfacet
 facet normal -3.233333e-01 -0.000000e+00 -9.462851e-01
   outer loop
     vertex -2.884956e-01  2.200000e-01 -1.179683e-02
     vertex -2.870677e-01 -2.200000e-01 -1.228474e-02
     vertex -2.884956e-01 -2.200000e-01 -1.179683e-02
   endloop
 endfacet
 facet normal -3.233333e-01  0.000000e+00 -9.462851e-01
   outer loop
     vertex -2.884956e-01  2.200000e-01 -1.179683e-02
     vertex -2.870677e-01  2.200000e-01 -1.228474e-02
     vertex -2.870677e-01 -2.200000e-01 -1.228474e-02
   endloop
 endfacet
 facet normal -3.491720e-01 -0.000000e+00 -9.370586e-01
   outer loop
     vertex -2.899097e-01  2.200000e-01 -1.126992e-02
     vertex -2.884956e-01 -2.200000e-01 -1.179683e-02
     vertex -2.899097e-01 -2.200000e-01 -1.126992e-02
   endloop
 endfacet
 facet normal -3.491720e-01  0.000000e+00 -9.370586e-01
   outer loop
     vertex -2.899097e-01  2.200000e-01 -1.126992e-02
     vertex -2.884956e-01  2.200000e-01 -1.179683e-02
     vertex -2.884956e-01 -2.200000e-01 -1.179683e-02
   endloop
 endfacet
 facet normal -3.747479e-01 -0.000000e+00 -9.271267e-01
   outer loop
     vertex -2.913087e-01  2.200000e-01 -1.070442e-02
     vertex -2.899097e-01 -2.200000e-01 -1.126992e-02
     vertex -2.913087e-01 -2.200000e-01 -1.070442e-02
   endloop
 endfacet
 facet normal -4.000417e-01 -0.000000e+00 -9.164969e-01
   outer loop
     vertex -2.913087e-01  2.200000e-01 -1.070442e-02
     vertex -2.913087e-01 -2.200000e-01 -1.070442e-02
     vertex -2.926917e-01 -2.200000e-01 -1.010075e-02
   endloop
 endfacet
 facet normal -3.747479e-01  0.000000e+00 -9.271267e-01
   outer loop
     vertex -2.913087e-01  2.200000e-01 -1.070442e-02
     vertex -2.899097e-01  2.200000e-01 -1.126992e-02
     vertex -2.899097e-01 -2.200000e-01 -1.126992e-02
   endloop
 endfacet
 facet normal -4.000417e-01 -0.000000e+00 -9.164969e-01
   outer loop
     vertex -2.926917e-01  2.200000e-01 -1.010075e-02
     vertex -2.913087e-01  2.200000e-01 -1.070442e-02
     vertex -2.926917e-01 -2.200000e-01 -1.010075e-02
   endloop
 endfacet
 facet normal -4.250344e-01 -0.000000e+00 -9.051772e-01
   outer loop
     vertex -2.940577e-01  2.200000e-01 -9.459371e-03
     vertex -2.926917e-01 -2.200000e-01 -1.010075e-02
     vertex -2.940577e-01 -2.200000e-01 -9.459371e-03
   endloop
 endfacet
 facet normal -4.250344e-01  0.000000e+00 -9.051772e-01
   outer loop
     vertex -2.940577e-01  2.200000e-01 -9.459371e-03
     vertex -2.926917e-01  2.200000e-01 -1.010075e-02
     vertex -2.926917e-01 -2.200000e-01 -1.010075e-02
   endloop
 endfacet
 facet normal -4.497071e-01 -0.000000e+00 -8.931761e-01
   outer loop
     vertex -2.954055e-01  2.200000e-01 -8.780756e-03
     vertex -2.940577e-01 -2.200000e-01 -9.459371e-03
     vertex -2.954055e-01 -2.200000e-01 -8.780756e-03
   endloop
 endfacet
 facet normal -4.497071e-01  0.000000e+00 -8.931761e-01
   outer loop
     vertex -2.954055e-01  2.200000e-01 -8.780756e-03
     vertex -2.940577e-01  2.200000e-01 -9.459371e-03
     vertex -2.940577e-01 -2.200000e-01 -9.459371e-03
   endloop
 endfacet
 facet normal -4.740412e-01 -0.000000e+00 -8.805026e-01
   outer loop
     vertex -2.967342e-01  2.200000e-01 -8.065421e-03
     vertex -2.954055e-01 -2.200000e-01 -8.780756e-03
     vertex -2.967342e-01 -2.200000e-01 -8.065421e-03
   endloop
 endfacet
 facet normal -4.980186e-01 -0.000000e+00 -8.671664e-01
   outer loop
     vertex -2.967342e-01  2.200000e-01 -8.065421e-03
     vertex -2.967342e-01 -2.200000e-01 -8.065421e-03
     vertex -2.980427e-01 -2.200000e-01 -7.313904e-03
   endloop
 endfacet
 facet normal -4.740412e-01  0.000000e+00 -8.805026e-01
   outer loop
     vertex -2.967342e-01  2.200000e-01 -8.065421e-03
     vertex -2.954055e-01  2.200000e-01 -8.780756e-03
     vertex -2.954055e-01 -2.200000e-01 -8.780756e-03
   endloop
 endfacet
 facet normal -4.980186e-01 -0.000000e+00 -8.671664e-01
   outer loop
     vertex -2.980427e-01  2.200000e-01 -7.313904e-03
     vertex -2.967342e-01  2.200000e-01 -8.065421e-03
     vertex -2.980427e-01 -2.200000e-01 -7.313904e-03
   endloop
 endfacet
 facet normal -5.216210e-01 -0.000000e+00 -8.531773e-01
   outer loop
     vertex -2.993302e-01  2.200000e-01 -6.526770e-03
     vertex -2.980427e-01 -2.200000e-01 -7.313904e-03
     vertex -2.993302e-01 -2.200000e-01 -6.526770e-03
   endloop
 endfacet
 facet normal -5.216210e-01  0.000000e+00 -8.531773e-01
   outer loop
     vertex -2.993302e-01  2.200000e-01 -6.526770e-03
     vertex -2.980427e-01  2.200000e-01 -7.313904e-03
     vertex -2.980427e-01 -2.200000e-01 -7.313904e-03
   endloop
 endfacet
 facet normal -5.448308e-01 -0.000000e+00 -8.385460e-01
   outer loop
     vertex -3.005956e-01  2.200000e-01 -5.704612e-03
     vertex -2.993302e-01 -2.200000e-01 -6.526770e-03
     vertex -3.005956e-01 -2.200000e-01 -5.704612e-03
   endloop
 endfacet
 facet normal -5.448308e-01  0.000000e+00 -8.385460e-01
   outer loop
     vertex -3.005956e-01  2.200000e-01 -5.704612e-03
     vertex -2.993302e-01  2.200000e-01 -6.526770e-03
     vertex -2.993302e-01 -2.200000e-01 -6.526770e-03
   endloop
 endfacet
 facet normal -5.676304e-01  0.000000e+00 -8.232835e-01
   outer loop
     vertex -3.018379e-01  2.200000e-01 -4.848050e-03
     vertex -3.005956e-01  2.200000e-01 -5.704612e-03
     vertex -3.005956e-01 -2.200000e-01 -5.704612e-03
   endloop
 endfacet
 facet normal -5.676304e-01 -0.000000e+00 -8.232835e-01
   outer loop
     vertex -3.018379e-01  2.200000e-01 -4.848050e-03
     vertex -3.005956e-01 -2.200000e-01 -5.704612e-03
     vertex -3.018379e-01 -2.200000e-01 -4.848050e-03
   endloop
 endfacet
 facet normal -5.900028e-01  0.000000e+00 -8.074012e-01
   outer loop
     vertex -3.030563e-01  2.200000e-01 -3.957727e-03
     vertex -3.018379e-01  2.200000e-01 -4.848050e-03
     vertex -3.018379e-01 -2.200000e-01 -4.848050e-03
   endloop
 endfacet
 facet normal -5.900028e-01 -0.000000e+00 -8.074012e-01
   outer loop
     vertex -3.030563e-01  2.200000e-01 -3.957727e-03
     vertex -3.018379e-01 -2.200000e-01 -4.848050e-03
     vertex -3.030563e-01 -2.200000e-01 -3.957727e-03
   endloop
 endfacet
 facet normal -6.119310e-01  0.000000e+00 -7.909112e-01
   outer loop
     vertex -3.042498e-01  2.200000e-01 -3.034314e-03
     vertex -3.030563e-01  2.200000e-01 -3.957727e-03
     vertex -3.030563e-01 -2.200000e-01 -3.957727e-03
   endloop
 endfacet
 facet normal -6.119310e-01 -0.000000e+00 -7.909112e-01
   outer loop
     vertex -3.042498e-01  2.200000e-01 -3.034314e-03
     vertex -3.030563e-01 -2.200000e-01 -3.957727e-03
     vertex -3.042498e-01 -2.200000e-01 -3.034314e-03
   endloop
 endfacet
 facet normal -6.333986e-01  0.000000e+00 -7.738257e-01
   outer loop
     vertex -3.054175e-01  2.200000e-01 -2.078506e-03
     vertex -3.042498e-01  2.200000e-01 -3.034314e-03
     vertex -3.042498e-01 -2.200000e-01 -3.034314e-03
   endloop
 endfacet
 facet normal -6.333986e-01 -0.000000e+00 -7.738257e-01
   outer loop
     vertex -3.054175e-01  2.200000e-01 -2.078506e-03
     vertex -3.042498e-01 -2.200000e-01 -3.034314e-03
     vertex -3.054175e-01 -2.200000e-01 -2.078506e-03
   endloop
 endfacet
 facet normal -6.748875e-01  5.182211e-05 -7.379206e-01
   outer loop
     vertex -3.077492e-01 -1.900000e-01  0.000000e+00
     vertex -3.065586e-01 -2.200000e-01 -1.091023e-03
     vertex -3.076721e-01 -2.200000e-01 -7.260799e-05
   endloop
 endfacet
 facet normal -6.948776e-01 -4.502629e-05 -7.191280e-01
   outer loop
     vertex -3.087573e-01 -2.200000e-01  9.759725e-04
     vertex -3.077492e-01 -1.900000e-01  0.000000e+00
     vertex -3.076721e-01 -2.200000e-01 -7.260799e-05
   endloop
 endfacet
 facet normal -6.543893e-01  0.000000e+00 -7.561578e-01
   outer loop
     vertex -3.065586e-01  2.200000e-01 -1.091023e-03
     vertex -3.054175e-01  2.200000e-01 -2.078506e-03
     vertex -3.054175e-01 -2.200000e-01 -2.078506e-03
   endloop
 endfacet
 facet normal -6.543893e-01 -0.000000e+00 -7.561578e-01
   outer loop
     vertex -3.065586e-01  2.200000e-01 -1.091023e-03
     vertex -3.054175e-01 -2.200000e-01 -2.078506e-03
     vertex -3.065586e-01 -2.200000e-01 -1.091023e-03
   endloop
 endfacet
 facet normal -6.962530e-01  4.450875e-05 -7.177964e-01
   outer loop
     vertex -3.088315e-01 -1.900000e-01  1.049809e-03
     vertex -3.077492e-01 -1.900000e-01  0.000000e+00
     vertex -3.087573e-01 -2.200000e-01  9.759725e-04
   endloop
 endfacet
 facet normal -6.755976e-01 -0.000000e+00 -7.372706e-01
   outer loop
     vertex -3.077492e-01  1.900000e-01  0.000000e+00
     vertex -3.065586e-01 -2.200000e-01 -1.091023e-03
     vertex -3.077492e-01 -1.900000e-01  0.000000e+00
   endloop
 endfacet
 facet normal -6.755976e-01  0.000000e+00 -7.372706e-01
   outer loop
     vertex -3.077492e-01  1.900000e-01  0.000000e+00
     vertex -3.065586e-01  2.200000e-01 -1.091023e-03
     vertex -3.065586e-01 -2.200000e-01 -1.091023e-03
   endloop
 endfacet
 facet normal -7.143447e-01 -4.454736e-05 -6.997940e-01
   outer loop
     vertex -3.098133e-01 -2.200000e-01  2.053929e-03
     vertex -3.088315e-01 -1.900000e-01  1.049809e-03
     vertex -3.087573e-01 -2.200000e-01  9.759725e-04
   endloop
 endfacet
 facet normal -6.748875e-01 -5.182211e-05 -7.379206e-01
   outer loop
     vertex -3.076721e-01  2.200000e-01 -7.260799e-05
     vertex -3.065586e-01  2.200000e-01 -1.091023e-03
     vertex -3.077492e-01  1.900000e-01  0.000000e+00
   endloop
 endfacet
 facet normal -7.156676e-01  4.402936e-05 -6.984411e-01
   outer loop
     vertex -3.098846e-01 -1.900000e-01  2.128890e-03
     vertex -3.088315e-01 -1.900000e-01  1.049809e-03
     vertex -3.098133e-01 -2.200000e-01  2.053929e-03
   endloop
 endfacet
 facet normal -7.332740e-01 -4.406752e-05 -6.799333e-01
   outer loop
     vertex -3.108393e-01 -2.200000e-01  3.160450e-03
     vertex -3.098846e-01 -1.900000e-01  2.128890e-03
     vertex -3.098133e-01 -2.200000e-01  2.053929e-03
   endloop
 endfacet
 facet normal -6.962530e-01 -4.450875e-05 -7.177964e-01
   outer loop
     vertex -3.087573e-01  2.200000e-01  9.759725e-04
     vertex -3.077492e-01  1.900000e-01  0.000000e+00
     vertex -3.088315e-01  1.900000e-01  1.049809e-03
   endloop
 endfacet
 facet normal -6.948776e-01  4.502629e-05 -7.191280e-01
   outer loop
     vertex -3.087573e-01  2.200000e-01  9.759725e-04
     vertex -3.076721e-01  2.200000e-01 -7.260799e-05
     vertex -3.077492e-01  1.900000e-01  0.000000e+00
   endloop
 endfacet
 facet normal -7.345442e-01  4.354908e-05 -6.785608e-01
   outer loop
     vertex -3.109077e-01 -1.900000e-01  3.236434e-03
     vertex -3.098846e-01 -1.900000e-01  2.128890e-03
     vertex -3.108393e-01 -2.200000e-01  3.160450e-03
   endloop
 endfacet
 facet normal -7.516513e-01 -4.358679e-05 -6.595607e-01
   outer loop
     vertex -3.118346e-01 -2.200000e-01  4.294703e-03
     vertex -3.109077e-01 -1.900000e-01  3.236434e-03
     vertex -3.108393e-01 -2.200000e-01  3.160450e-03
   endloop
 endfacet
 facet normal -7.156676e-01 -4.402936e-05 -6.984411e-01
   outer loop
     vertex -3.098133e-01  2.200000e-01  2.053929e-03
     vertex -3.088315e-01  1.900000e-01  1.049809e-03
     vertex -3.098846e-01  1.900000e-01  2.128890e-03
   endloop
 endfacet
 facet normal -7.143447e-01  4.454736e-05 -6.997940e-01
   outer loop
     vertex -3.098133e-01  2.200000e-01  2.053929e-03
     vertex -3.087573e-01  2.200000e-01  9.759725e-04
     vertex -3.088315e-01  1.900000e-01  1.049809e-03
   endloop
 endfacet
 facet normal -7.528689e-01  4.306790e-05 -6.581705e-01
   outer loop
     vertex -3.119001e-01 -1.900000e-01  4.371608e-03
     vertex -3.109077e-01 -1.900000e-01  3.236434e-03
     vertex -3.118346e-01 -2.200000e-01  4.294703e-03
   endloop
 endfacet
 facet normal -7.694628e-01 -4.310516e-05 -6.386916e-01
   outer loop
     vertex -3.127984e-01 -2.200000e-01  5.455834e-03
     vertex -3.119001e-01 -1.900000e-01  4.371608e-03
     vertex -3.118346e-01 -2.200000e-01  4.294703e-03
   endloop
 endfacet
 facet normal -7.345442e-01 -4.354908e-05 -6.785608e-01
   outer loop
     vertex -3.108393e-01  2.200000e-01  3.160450e-03
     vertex -3.098846e-01  1.900000e-01  2.128890e-03
     vertex -3.109077e-01  1.900000e-01  3.236434e-03
   endloop
 endfacet
 facet normal -7.332740e-01  4.406752e-05 -6.799333e-01
   outer loop
     vertex -3.108393e-01  2.200000e-01  3.160450e-03
     vertex -3.098133e-01  2.200000e-01  2.053929e-03
     vertex -3.098846e-01  1.900000e-01  2.128890e-03
   endloop
 endfacet
 facet normal -7.706277e-01  4.258582e-05 -6.372856e-01
   outer loop
     vertex -3.128610e-01 -1.900000e-01  5.533559e-03
     vertex -3.119001e-01 -1.900000e-01  4.371608e-03
     vertex -3.127984e-01 -2.200000e-01  5.455834e-03
   endloop
 endfacet
 facet normal -7.866951e-01 -4.262264e-05 -6.173417e-01
   outer loop
     vertex -3.137299e-01 -2.200000e-01  6.642968e-03
     vertex -3.128610e-01 -1.900000e-01  5.533559e-03
     vertex -3.127984e-01 -2.200000e-01  5.455834e-03
   endloop
 endfacet
 facet normal -7.528689e-01 -4.306790e-05 -6.581705e-01
   outer loop
     vertex -3.118346e-01  2.200000e-01  4.294703e-03
     vertex -3.109077e-01  1.900000e-01  3.236434e-03
     vertex -3.119001e-01  1.900000e-01  4.371608e-03
   endloop
 endfacet
 facet normal -7.516513e-01  4.358679e-05 -6.595607e-01
   outer loop
     vertex -3.118346e-01  2.200000e-01  4.294703e-03
     vertex -3.108393e-01  2.200000e-01  3.160450e-03
     vertex -3.109077e-01  1.900000e-01  3.236434e-03
   endloop
 endfacet
 facet normal -7.878073e-01  4.210285e-05 -6.159218e-01
   outer loop
     vertex -3.137897e-01 -1.900000e-01  6.721413e-03
     vertex -3.128610e-01 -1.900000e-01  5.533559e-03
     vertex -3.137299e-01 -2.200000e-01  6.642968e-03
   endloop
 endfacet
 facet normal -8.033352e-01 -4.213921e-05 -5.955271e-01
   outer loop
     vertex -3.146286e-01 -2.200000e-01  7.855213e-03
     vertex -3.137897e-01 -1.900000e-01  6.721413e-03
     vertex -3.137299e-01 -2.200000e-01  6.642968e-03
   endloop
 endfacet
 facet normal -7.706277e-01 -4.258582e-05 -6.372856e-01
   outer loop
     vertex -3.127984e-01  2.200000e-01  5.455834e-03
     vertex -3.119001e-01  1.900000e-01  4.371608e-03
     vertex -3.128610e-01  1.900000e-01  5.533559e-03
   endloop
 endfacet
 facet normal -7.694628e-01  4.310516e-05 -6.386916e-01
   outer loop
     vertex -3.127984e-01  2.200000e-01  5.455834e-03
     vertex -3.118346e-01  2.200000e-01  4.294703e-03
     vertex -3.119001e-01  1.900000e-01  4.371608e-03
   endloop
 endfacet
 facet normal -8.043949e-01  4.161897e-05 -5.940950e-01
   outer loop
     vertex -3.146854e-01 -1.900000e-01  7.934277e-03
     vertex -3.137897e-01 -1.900000e-01  6.721413e-03
     vertex -3.146286e-01 -2.200000e-01  7.855213e-03
   endloop
 endfacet
 facet normal -8.193706e-01 -4.165489e-05 -5.732642e-01
   outer loop
     vertex -3.154937e-01 -2.200000e-01  9.091655e-03
     vertex -3.146854e-01 -1.900000e-01  7.934277e-03
     vertex -3.146286e-01 -2.200000e-01  7.855213e-03
   endloop
 endfacet
 facet normal -7.878073e-01 -4.210285e-05 -6.159218e-01
   outer loop
     vertex -3.137299e-01  2.200000e-01  6.642968e-03
     vertex -3.128610e-01  1.900000e-01  5.533559e-03
     vertex -3.137897e-01  1.900000e-01  6.721413e-03
   endloop
 endfacet
 facet normal -7.866951e-01  4.262264e-05 -6.173417e-01
   outer loop
     vertex -3.137299e-01  2.200000e-01  6.642968e-03
     vertex -3.127984e-01  2.200000e-01  5.455834e-03
     vertex -3.128610e-01  1.900000e-01  5.533559e-03
   endloop
 endfacet
 facet normal -8.203779e-01  4.113420e-05 -5.718217e-01
   outer loop
     vertex -3.155476e-01 -1.900000e-01  9.171241e-03
     vertex -3.146854e-01 -1.900000e-01  7.934277e-03
     vertex -3.154937e-01 -2.200000e-01  9.091655e-03
   endloop
 endfacet
 facet normal -8.347891e-01 -4.116967e-05 -5.505698e-01
   outer loop
     vertex -3.163245e-01 -2.200000e-01  1.035136e-02
     vertex -3.155476e-01 -1.900000e-01  9.171241e-03
     vertex -3.154937e-01 -2.200000e-01  9.091655e-03
   endloop
 endfacet
 facet normal -8.043949e-01 -4.161897e-05 -5.940950e-01
   outer loop
     vertex -3.146286e-01  2.200000e-01  7.855213e-03
     vertex -3.137897e-01  1.900000e-01  6.721413e-03
     vertex -3.146854e-01  1.900000e-01  7.934277e-03
   endloop
 endfacet
 facet normal -8.033352e-01  4.213921e-05 -5.955271e-01
   outer loop
     vertex -3.146286e-01  2.200000e-01  7.855213e-03
     vertex -3.137299e-01  2.200000e-01  6.642968e-03
     vertex -3.137897e-01  1.900000e-01  6.721413e-03
   endloop
 endfacet
 facet normal -8.357444e-01  4.064853e-05 -5.491187e-01
   outer loop
     vertex -3.163756e-01 -1.900000e-01  1.043137e-02
     vertex -3.155476e-01 -1.900000e-01  9.171241e-03
     vertex -3.163245e-01 -2.200000e-01  1.035136e-02
   endloop
 endfacet
 facet normal -8.495793e-01 -4.068355e-05 -5.274609e-01
   outer loop
     vertex -3.171204e-01 -2.200000e-01  1.163339e-02
     vertex -3.163756e-01 -1.900000e-01  1.043137e-02
     vertex -3.163245e-01 -2.200000e-01  1.035136e-02
   endloop
 endfacet
 facet normal -8.203779e-01 -4.113420e-05 -5.718217e-01
   outer loop
     vertex -3.154937e-01  2.200000e-01  9.091655e-03
     vertex -3.146854e-01  1.900000e-01  7.934277e-03
     vertex -3.155476e-01  1.900000e-01  9.171241e-03
   endloop
 endfacet
 facet normal -8.193706e-01  4.165489e-05 -5.732642e-01
   outer loop
     vertex -3.154937e-01  2.200000e-01  9.091655e-03
     vertex -3.146286e-01  2.200000e-01  7.855213e-03
     vertex -3.146854e-01  1.900000e-01  7.934277e-03
   endloop
 endfacet
 facet normal -8.504827e-01  4.016197e-05 -5.260030e-01
   outer loop
     vertex -3.171687e-01 -1.900000e-01  1.171373e-02
     vertex -3.163756e-01 -1.900000e-01  1.043137e-02
     vertex -3.171204e-01 -2.200000e-01  1.163339e-02
   endloop
 endfacet
 facet normal -8.637299e-01 -4.019653e-05 -5.039550e-01
   outer loop
     vertex -3.178809e-01 -2.200000e-01  1.293677e-02
     vertex -3.171687e-01 -1.900000e-01  1.171373e-02
     vertex -3.171204e-01 -2.200000e-01  1.163339e-02
   endloop
 endfacet
 facet normal -8.357444e-01 -4.064853e-05 -5.491187e-01
   outer loop
     vertex -3.163245e-01  2.200000e-01  1.035136e-02
     vertex -3.155476e-01  1.900000e-01  9.171241e-03
     vertex -3.163756e-01  1.900000e-01  1.043137e-02
   endloop
 endfacet
 facet normal -8.347891e-01  4.116967e-05 -5.505698e-01
   outer loop
     vertex -3.163245e-01  2.200000e-01  1.035136e-02
     vertex -3.154937e-01  2.200000e-01  9.091655e-03
     vertex -3.155476e-01  1.900000e-01  9.171241e-03
   endloop
 endfacet
 facet normal -8.645819e-01  3.967450e-05 -5.024920e-01
   outer loop
     vertex -3.179264e-01 -1.900000e-01  1.301734e-02
     vertex -3.171687e-01 -1.900000e-01  1.171373e-02
     vertex -3.178809e-01 -2.200000e-01  1.293677e-02
   endloop
 endfacet
 facet normal -8.772303e-01 -3.970862e-05 -4.800697e-01
   outer loop
     vertex -3.186053e-01 -2.200000e-01  1.426053e-02
     vertex -3.179264e-01 -1.900000e-01  1.301734e-02
     vertex -3.178809e-01 -2.200000e-01  1.293677e-02
   endloop
 endfacet
 facet normal -8.495793e-01  4.068355e-05 -5.274609e-01
   outer loop
     vertex -3.171204e-01  2.200000e-01  1.163339e-02
     vertex -3.163245e-01  2.200000e-01  1.035136e-02
     vertex -3.163756e-01  1.900000e-01  1.043137e-02
   endloop
 endfacet
 facet normal -8.504827e-01 -4.016197e-05 -5.260030e-01
   outer loop
     vertex -3.171204e-01  2.200000e-01  1.163339e-02
     vertex -3.163756e-01  1.900000e-01  1.043137e-02
     vertex -3.171687e-01  1.900000e-01  1.171373e-02
   endloop
 endfacet
 facet normal -8.780312e-01  3.918614e-05 -4.786033e-01
   outer loop
     vertex -3.186480e-01 -1.900000e-01  1.434124e-02
     vertex -3.179264e-01 -1.900000e-01  1.301734e-02
     vertex -3.186053e-01 -2.200000e-01  1.426053e-02
   endloop
 endfacet
 facet normal -8.900704e-01 -3.921981e-05 -4.558231e-01
   outer loop
     vertex -3.192932e-01 -2.200000e-01  1.560366e-02
     vertex -3.186480e-01 -1.900000e-01  1.434124e-02
     vertex -3.186053e-01 -2.200000e-01  1.426053e-02
   endloop
 endfacet
 facet normal -8.637299e-01  4.019653e-05 -5.039550e-01
   outer loop
     vertex -3.178809e-01  2.200000e-01  1.293677e-02
     vertex -3.171204e-01  2.200000e-01  1.163339e-02
     vertex -3.171687e-01  1.900000e-01  1.171373e-02
   endloop
 endfacet
 facet normal -8.645819e-01 -3.967450e-05 -5.024920e-01
   outer loop
     vertex -3.178809e-01  2.200000e-01  1.293677e-02
     vertex -3.171687e-01  1.900000e-01  1.171373e-02
     vertex -3.179264e-01  1.900000e-01  1.301734e-02
   endloop
 endfacet
 facet normal -8.908207e-01  3.869688e-05 -4.543549e-01
   outer loop
     vertex -3.193331e-01 -1.900000e-01  1.568442e-02
     vertex -3.186480e-01 -1.900000e-01  1.434124e-02
     vertex -3.192932e-01 -2.200000e-01  1.560366e-02
   endloop
 endfacet
 facet normal -9.022405e-01 -3.873010e-05 -4.312333e-01
   outer loop
     vertex -3.199439e-01 -2.200000e-01  1.696515e-02
     vertex -3.193331e-01 -1.900000e-01  1.568442e-02
     vertex -3.192932e-01 -2.200000e-01  1.560366e-02
   endloop
 endfacet
 facet normal -8.772303e-01  3.970862e-05 -4.800697e-01
   outer loop
     vertex -3.186053e-01  2.200000e-01  1.426053e-02
     vertex -3.178809e-01  2.200000e-01  1.293677e-02
     vertex -3.179264e-01  1.900000e-01  1.301734e-02
   endloop
 endfacet
 facet normal -8.780312e-01 -3.918614e-05 -4.786033e-01
   outer loop
     vertex -3.186053e-01  2.200000e-01  1.426053e-02
     vertex -3.179264e-01  1.900000e-01  1.301734e-02
     vertex -3.186480e-01  1.900000e-01  1.434124e-02
   endloop
 endfacet
 facet normal -9.029407e-01  3.820672e-05 -4.297651e-01
   outer loop
     vertex -3.199811e-01 -1.900000e-01  1.704587e-02
     vertex -3.193331e-01 -1.900000e-01  1.568442e-02
     vertex -3.199439e-01 -2.200000e-01  1.696515e-02
   endloop
 endfacet
 facet normal -9.137314e-01 -3.823949e-05 -4.063188e-01
   outer loop
     vertex -3.205571e-01 -2.200000e-01  1.834398e-02
     vertex -3.199811e-01 -1.900000e-01  1.704587e-02
     vertex -3.199439e-01 -2.200000e-01  1.696515e-02
   endloop
 endfacet
 facet normal -8.900704e-01  3.921981e-05 -4.558231e-01
   outer loop
     vertex -3.192932e-01  2.200000e-01  1.560366e-02
     vertex -3.186053e-01  2.200000e-01  1.426053e-02
     vertex -3.186480e-01  1.900000e-01  1.434124e-02
   endloop
 endfacet
 facet normal -8.908207e-01 -3.869688e-05 -4.543549e-01
   outer loop
     vertex -3.192932e-01  2.200000e-01  1.560366e-02
     vertex -3.186480e-01  1.900000e-01  1.434124e-02
     vertex -3.193331e-01  1.900000e-01  1.568442e-02
   endloop
 endfacet
 facet normal -9.143821e-01  3.771566e-05 -4.048522e-01
   outer loop
     vertex -3.205915e-01 -1.900000e-01  1.842457e-02
     vertex -3.199811e-01 -1.900000e-01  1.704587e-02
     vertex -3.205571e-01 -2.200000e-01  1.834398e-02
   endloop
 endfacet
 facet normal -9.245344e-01 -3.774798e-05 -3.810986e-01
   outer loop
     vertex -3.211321e-01 -2.200000e-01  1.973912e-02
     vertex -3.205915e-01 -1.900000e-01  1.842457e-02
     vertex -3.205571e-01 -2.200000e-01  1.834398e-02
   endloop
 endfacet
 facet normal -9.029407e-01 -3.820672e-05 -4.297651e-01
   outer loop
     vertex -3.199439e-01  2.200000e-01  1.696515e-02
     vertex -3.193331e-01  1.900000e-01  1.568442e-02
     vertex -3.199811e-01  1.900000e-01  1.704587e-02
   endloop
 endfacet
 facet normal -9.022405e-01  3.873010e-05 -4.312333e-01
   outer loop
     vertex -3.199439e-01  2.200000e-01  1.696515e-02
     vertex -3.192932e-01  2.200000e-01  1.560366e-02
     vertex -3.193331e-01  1.900000e-01  1.568442e-02
   endloop
 endfacet
 facet normal -9.251363e-01  3.722371e-05 -3.796351e-01
   outer loop
     vertex -3.211639e-01 -1.900000e-01  1.981949e-02
     vertex -3.205915e-01 -1.900000e-01  1.842457e-02
     vertex -3.211321e-01 -2.200000e-01  1.973912e-02
   endloop
 endfacet
 facet normal -9.346415e-01 -3.725558e-05 -3.555914e-01
   outer loop
     vertex -3.216687e-01 -2.200000e-01  2.114951e-02
     vertex -3.211639e-01 -1.900000e-01  1.981949e-02
     vertex -3.211321e-01 -2.200000e-01  1.973912e-02
   endloop
 endfacet
 facet normal -9.143821e-01 -3.771566e-05 -4.048522e-01
   outer loop
     vertex -3.205571e-01  2.200000e-01  1.834398e-02
     vertex -3.199811e-01  1.900000e-01  1.704587e-02
     vertex -3.205915e-01  1.900000e-01  1.842457e-02
   endloop
 endfacet
 facet normal -9.137314e-01  3.823949e-05 -4.063188e-01
   outer loop
     vertex -3.205571e-01  2.200000e-01  1.834398e-02
     vertex -3.199439e-01  2.200000e-01  1.696515e-02
     vertex -3.199811e-01  1.900000e-01  1.704587e-02
   endloop
 endfacet
 facet normal -9.351952e-01  3.673085e-05 -3.541327e-01
   outer loop
     vertex -3.216979e-01 -1.900000e-01  2.122957e-02
     vertex -3.211639e-01 -1.900000e-01  1.981949e-02
     vertex -3.216687e-01 -2.200000e-01  2.114951e-02
   endloop
 endfacet
 facet normal -9.440450e-01 -3.676228e-05 -3.298166e-01
   outer loop
     vertex -3.221664e-01 -2.200000e-01  2.257408e-02
     vertex -3.216979e-01 -1.900000e-01  2.122957e-02
     vertex -3.216687e-01 -2.200000e-01  2.114951e-02
   endloop
 endfacet
 facet normal -9.251363e-01 -3.722371e-05 -3.796351e-01
   outer loop
     vertex -3.211321e-01  2.200000e-01  1.973912e-02
     vertex -3.205915e-01  1.900000e-01  1.842457e-02
     vertex -3.211639e-01  1.900000e-01  1.981949e-02
   endloop
 endfacet
 facet normal -9.245344e-01  3.774798e-05 -3.810986e-01
   outer loop
     vertex -3.211321e-01  2.200000e-01  1.973912e-02
     vertex -3.205571e-01  2.200000e-01  1.834398e-02
     vertex -3.205915e-01  1.900000e-01  1.842457e-02
   endloop
 endfacet
 facet normal -9.445512e-01  3.623710e-05 -3.283641e-01
   outer loop
     vertex -3.221930e-01 -1.900000e-01  2.265377e-02
     vertex -3.216979e-01 -1.900000e-01  2.122957e-02
     vertex -3.221664e-01 -2.200000e-01  2.257408e-02
   endloop
 endfacet
 facet normal -9.527379e-01 -3.626808e-05 -3.037934e-01
   outer loop
     vertex -3.226249e-01 -2.200000e-01  2.401178e-02
     vertex -3.221930e-01 -1.900000e-01  2.265377e-02
     vertex -3.221664e-01 -2.200000e-01  2.257408e-02
   endloop
 endfacet
 facet normal -9.351952e-01 -3.673085e-05 -3.541327e-01
   outer loop
     vertex -3.216687e-01  2.200000e-01  2.114951e-02
     vertex -3.211639e-01  1.900000e-01  1.981949e-02
     vertex -3.216979e-01  1.900000e-01  2.122957e-02
   endloop
 endfacet
 facet normal -9.346415e-01  3.725558e-05 -3.555914e-01
   outer loop
     vertex -3.216687e-01  2.200000e-01  2.114951e-02
     vertex -3.211321e-01  2.200000e-01  1.973912e-02
     vertex -3.211639e-01  1.900000e-01  1.981949e-02
   endloop
 endfacet
 facet normal -9.531974e-01  3.574246e-05 -3.023488e-01
   outer loop
     vertex -3.226489e-01 -1.900000e-01  2.409099e-02
     vertex -3.221930e-01 -1.900000e-01  2.265377e-02
     vertex -3.226249e-01 -2.200000e-01  2.401178e-02
   endloop
 endfacet
 facet normal -9.607136e-01 -3.577298e-05 -2.775416e-01
   outer loop
     vertex -3.230437e-01 -2.200000e-01  2.546151e-02
     vertex -3.226489e-01 -1.900000e-01  2.409099e-02
     vertex -3.226249e-01 -2.200000e-01  2.401178e-02
   endloop
 endfacet
 facet normal -9.445512e-01 -3.623710e-05 -3.283641e-01
   outer loop
     vertex -3.221664e-01  2.200000e-01  2.257408e-02
     vertex -3.216979e-01  1.900000e-01  2.122957e-02
     vertex -3.221930e-01  1.900000e-01  2.265377e-02
   endloop
 endfacet
 facet normal -9.440450e-01  3.676228e-05 -3.298166e-01
   outer loop
     vertex -3.221664e-01  2.200000e-01  2.257408e-02
     vertex -3.216687e-01  2.200000e-01  2.114951e-02
     vertex -3.216979e-01  1.900000e-01  2.122957e-02
   endloop
 endfacet
 facet normal -9.611271e-01  3.524691e-05 -2.761062e-01
   outer loop
     vertex -3.230652e-01 -1.900000e-01  2.554018e-02
     vertex -3.226489e-01 -1.900000e-01  2.409099e-02
     vertex -3.230437e-01 -2.200000e-01  2.546151e-02
   endloop
 endfacet
 facet normal -9.679661e-01 -3.527699e-05 -2.510809e-01
   outer loop
     vertex -3.234226e-01 -2.200000e-01  2.692219e-02
     vertex -3.230652e-01 -1.900000e-01  2.554018e-02
     vertex -3.230437e-01 -2.200000e-01  2.546151e-02
   endloop
 endfacet
 facet normal -9.531974e-01 -3.574246e-05 -3.023488e-01
   outer loop
     vertex -3.226249e-01  2.200000e-01  2.401178e-02
     vertex -3.221930e-01  1.900000e-01  2.265377e-02
     vertex -3.226489e-01  1.900000e-01  2.409099e-02
   endloop
 endfacet
 facet normal -9.527379e-01  3.626808e-05 -3.037934e-01
   outer loop
     vertex -3.226249e-01  2.200000e-01  2.401178e-02
     vertex -3.221664e-01  2.200000e-01  2.257408e-02
     vertex -3.221930e-01  1.900000e-01  2.265377e-02
   endloop
 endfacet
 facet normal -9.683346e-01  3.475047e-05 -2.496561e-01
   outer loop
     vertex -3.234416e-01 -1.900000e-01  2.700023e-02
     vertex -3.230652e-01 -1.900000e-01  2.554018e-02
     vertex -3.234226e-01 -2.200000e-01  2.692219e-02
   endloop
 endfacet
 facet normal -9.744899e-01 -3.478010e-05 -2.244312e-01
   outer loop
     vertex -3.237612e-01 -2.200000e-01  2.839271e-02
     vertex -3.234416e-01 -1.900000e-01  2.700023e-02
     vertex -3.234226e-01 -2.200000e-01  2.692219e-02
   endloop
 endfacet
 facet normal -9.611271e-01 -3.524691e-05 -2.761062e-01
   outer loop
     vertex -3.230437e-01  2.200000e-01  2.546151e-02
     vertex -3.226489e-01  1.900000e-01  2.409099e-02
     vertex -3.230652e-01  1.900000e-01  2.554018e-02
   endloop
 endfacet
 facet normal -9.607136e-01  3.577298e-05 -2.775416e-01
   outer loop
     vertex -3.230437e-01  2.200000e-01  2.546151e-02
     vertex -3.226249e-01  2.200000e-01  2.401178e-02
     vertex -3.226489e-01  1.900000e-01  2.409099e-02
   endloop
 endfacet
 facet normal -9.748142e-01  3.425312e-05 -2.230184e-01
   outer loop
     vertex -3.237779e-01 -1.900000e-01  2.847005e-02
     vertex -3.234416e-01 -1.900000e-01  2.700023e-02
     vertex -3.237612e-01 -2.200000e-01  2.839271e-02
   endloop
 endfacet
 facet normal -9.802802e-01 -3.428230e-05 -1.976125e-01
   outer loop
     vertex -3.240594e-01 -2.200000e-01  2.987196e-02
     vertex -3.237779e-01 -1.900000e-01  2.847005e-02
     vertex -3.237612e-01 -2.200000e-01  2.839271e-02
   endloop
 endfacet
 facet normal -9.683346e-01 -3.475047e-05 -2.496561e-01
   outer loop
     vertex -3.234226e-01  2.200000e-01  2.692219e-02
     vertex -3.230652e-01  1.900000e-01  2.554018e-02
     vertex -3.234416e-01  1.900000e-01  2.700023e-02
   endloop
 endfacet
 facet normal -9.679661e-01  3.527699e-05 -2.510809e-01
   outer loop
     vertex -3.234226e-01  2.200000e-01  2.692219e-02
     vertex -3.230437e-01  2.200000e-01  2.546151e-02
     vertex -3.230652e-01  1.900000e-01  2.554018e-02
   endloop
 endfacet
 facet normal -9.805613e-01  3.375488e-05 -1.962130e-01
   outer loop
     vertex -3.240737e-01 -1.900000e-01  2.994854e-02
     vertex -3.237779e-01 -1.900000e-01  2.847005e-02
     vertex -3.240594e-01 -2.200000e-01  2.987196e-02
   endloop
 endfacet
 facet normal -9.853326e-01 -3.378362e-05 -1.706451e-01
   outer loop
     vertex -3.243169e-01 -2.200000e-01  3.135884e-02
     vertex -3.240737e-01 -1.900000e-01  2.994854e-02
     vertex -3.240594e-01 -2.200000e-01  2.987196e-02
   endloop
 endfacet
 facet normal -9.748142e-01 -3.425312e-05 -2.230184e-01
   outer loop
     vertex -3.237612e-01  2.200000e-01  2.839271e-02
     vertex -3.234416e-01  1.900000e-01  2.700023e-02
     vertex -3.237779e-01  1.900000e-01  2.847005e-02
   endloop
 endfacet
 facet normal -9.744899e-01  3.478010e-05 -2.244312e-01
   outer loop
     vertex -3.237612e-01  2.200000e-01  2.839271e-02
     vertex -3.234226e-01  2.200000e-01  2.692219e-02
     vertex -3.234416e-01  1.900000e-01  2.700023e-02
   endloop
 endfacet
 facet normal -9.855714e-01  3.325575e-05 -1.692602e-01
   outer loop
     vertex -3.243289e-01 -1.900000e-01  3.143458e-02
     vertex -3.240737e-01 -1.900000e-01  2.994854e-02
     vertex -3.243169e-01 -2.200000e-01  3.135884e-02
   endloop
 endfacet
 facet normal -9.896432e-01 -3.328403e-05 -1.435492e-01
   outer loop
     vertex -3.245336e-01 -2.200000e-01  3.285223e-02
     vertex -3.243289e-01 -1.900000e-01  3.143458e-02
     vertex -3.243169e-01 -2.200000e-01  3.135884e-02
   endloop
 endfacet
 facet normal -9.805613e-01 -3.375488e-05 -1.962130e-01
   outer loop
     vertex -3.240594e-01  2.200000e-01  2.987196e-02
     vertex -3.237779e-01  1.900000e-01  2.847005e-02
     vertex -3.240737e-01  1.900000e-01  2.994854e-02
   endloop
 endfacet
 facet normal -9.802802e-01  3.428230e-05 -1.976125e-01
   outer loop
     vertex -3.240594e-01  2.200000e-01  2.987196e-02
     vertex -3.237612e-01  2.200000e-01  2.839271e-02
     vertex -3.237779e-01  1.900000e-01  2.847005e-02
   endloop
 endfacet
 facet normal -9.898408e-01  3.275571e-05 -1.421802e-01
   outer loop
     vertex -3.245433e-01 -1.900000e-01  3.292706e-02
     vertex -3.243289e-01 -1.900000e-01  3.143458e-02
     vertex -3.245336e-01 -2.200000e-01  3.285223e-02
   endloop
 endfacet
 facet normal -9.932088e-01 -3.278355e-05 -1.163452e-01
   outer loop
     vertex -3.247091e-01 -2.200000e-01  3.435100e-02
     vertex -3.245433e-01 -1.900000e-01  3.292706e-02
     vertex -3.245336e-01 -2.200000e-01  3.285223e-02
   endloop
 endfacet
 facet normal -9.853326e-01  3.378362e-05 -1.706451e-01
   outer loop
     vertex -3.243169e-01  2.200000e-01  3.135884e-02
     vertex -3.240594e-01  2.200000e-01  2.987196e-02
     vertex -3.240737e-01  1.900000e-01  2.994854e-02
   endloop
 endfacet
 facet normal -9.855714e-01 -3.325575e-05 -1.692602e-01
   outer loop
     vertex -3.243169e-01  2.200000e-01  3.135884e-02
     vertex -3.240737e-01  1.900000e-01  2.994854e-02
     vertex -3.243289e-01  1.900000e-01  3.143458e-02
   endloop
 endfacet
 facet normal -9.933663e-01  3.225478e-05 -1.149933e-01
   outer loop
     vertex -3.247167e-01 -1.900000e-01  3.442486e-02
     vertex -3.245433e-01 -1.900000e-01  3.292706e-02
     vertex -3.247091e-01 -2.200000e-01  3.435100e-02
   endloop
 endfacet
 facet normal -9.960268e-01 -3.228216e-05 -8.905371e-02
   outer loop
     vertex -3.248435e-01 -2.200000e-01  3.585402e-02
     vertex -3.247167e-01 -1.900000e-01  3.442486e-02
     vertex -3.247091e-01 -2.200000e-01  3.435100e-02
   endloop
 endfacet
 facet normal -9.896432e-01  3.328403e-05 -1.435492e-01
   outer loop
     vertex -3.245336e-01  2.200000e-01  3.285223e-02
     vertex -3.243169e-01  2.200000e-01  3.135884e-02
     vertex -3.243289e-01  1.900000e-01  3.143458e-02
   endloop
 endfacet
 facet normal -9.898408e-01 -3.275571e-05 -1.421802e-01
   outer loop
     vertex -3.245336e-01  2.200000e-01  3.285223e-02
     vertex -3.243289e-01  1.900000e-01  3.143458e-02
     vertex -3.245433e-01  1.900000e-01  3.292706e-02
   endloop
 endfacet
 facet normal -9.961452e-01  3.175295e-05 -8.772003e-02
   outer loop
     vertex -3.248490e-01 -1.900000e-01  3.592684e-02
     vertex -3.247167e-01 -1.900000e-01  3.442486e-02
     vertex -3.248435e-01 -2.200000e-01  3.585402e-02
   endloop
 endfacet
 facet normal -9.980950e-01 -3.177988e-05 -6.169515e-02
   outer loop
     vertex -3.249366e-01 -2.200000e-01  3.736016e-02
     vertex -3.248490e-01 -1.900000e-01  3.592684e-02
     vertex -3.248435e-01 -2.200000e-01  3.585402e-02
   endloop
 endfacet
 facet normal -9.932088e-01  3.278355e-05 -1.163452e-01
   outer loop
     vertex -3.247091e-01  2.200000e-01  3.435100e-02
     vertex -3.245336e-01  2.200000e-01  3.285223e-02
     vertex -3.245433e-01  1.900000e-01  3.292706e-02
   endloop
 endfacet
 facet normal -9.933663e-01 -3.225478e-05 -1.149933e-01
   outer loop
     vertex -3.247091e-01  2.200000e-01  3.435100e-02
     vertex -3.245433e-01  1.900000e-01  3.292706e-02
     vertex -3.247167e-01  1.900000e-01  3.442486e-02
   endloop
 endfacet
 facet normal -9.981754e-01  3.125022e-05 -6.038081e-02
   outer loop
     vertex -3.249400e-01 -1.900000e-01  3.743189e-02
     vertex -3.248490e-01 -1.900000e-01  3.592684e-02
     vertex -3.249366e-01 -2.200000e-01  3.736016e-02
   endloop
 endfacet
 facet normal -9.994119e-01 -3.127671e-05 -3.429014e-02
   outer loop
     vertex -3.249884e-01 -2.200000e-01  3.886828e-02
     vertex -3.249400e-01 -1.900000e-01  3.743189e-02
     vertex -3.249366e-01 -2.200000e-01  3.736016e-02
   endloop
 endfacet
 facet normal -9.960268e-01  3.228216e-05 -8.905371e-02
   outer loop
     vertex -3.248435e-01  2.200000e-01  3.585402e-02
     vertex -3.247091e-01  2.200000e-01  3.435100e-02
     vertex -3.247167e-01  1.900000e-01  3.442486e-02
   endloop
 endfacet
 facet normal -9.961452e-01 -3.175295e-05 -8.772003e-02
   outer loop
     vertex -3.248435e-01  2.200000e-01  3.585402e-02
     vertex -3.247167e-01  1.900000e-01  3.442486e-02
     vertex -3.248490e-01  1.900000e-01  3.592684e-02
   endloop
 endfacet
 facet normal -9.994555e-01  3.074659e-05 -3.299621e-02
   outer loop
     vertex -3.249898e-01 -1.900000e-01  3.893887e-02
     vertex -3.249400e-01 -1.900000e-01  3.743189e-02
     vertex -3.249884e-01 -2.200000e-01  3.886828e-02
   endloop
 endfacet
 facet normal -9.999765e-01 -3.077263e-05 -6.859319e-03
   outer loop
     vertex -3.249987e-01 -2.200000e-01  4.037726e-02
     vertex -3.249898e-01 -1.900000e-01  3.893887e-02
     vertex -3.249884e-01 -2.200000e-01  3.886828e-02
   endloop
 endfacet
 facet normal -9.980950e-01  3.177988e-05 -6.169515e-02
   outer loop
     vertex -3.249366e-01  2.200000e-01  3.736016e-02
     vertex -3.248435e-01  2.200000e-01  3.585402e-02
     vertex -3.248490e-01  1.900000e-01  3.592684e-02
   endloop
 endfacet
 facet normal -9.981754e-01 -3.125022e-05 -6.038081e-02
   outer loop
     vertex -3.249366e-01  2.200000e-01  3.736016e-02
     vertex -3.248490e-01  1.900000e-01  3.592684e-02
     vertex -3.249400e-01  1.900000e-01  3.743189e-02
   endloop
 endfacet
 facet normal -9.999844e-01  3.024207e-05 -5.586810e-03
   outer loop
     vertex -3.249982e-01 -1.900000e-01  4.044664e-02
     vertex -3.249898e-01 -1.900000e-01  3.893887e-02
     vertex -3.249987e-01 -2.200000e-01  4.037726e-02
   endloop
 endfacet
 facet normal -9.997883e-01 -3.026766e-05  2.057667e-02
   outer loop
     vertex -3.249677e-01 -2.200000e-01  4.188596e-02
     vertex -3.249982e-01 -1.900000e-01  4.044664e-02
     vertex -3.249987e-01 -2.200000e-01  4.037726e-02
   endloop
 endfacet
 facet normal -9.994555e-01 -3.074659e-05 -3.299621e-02
   outer loop
     vertex -3.249884e-01  2.200000e-01  3.886828e-02
     vertex -3.249400e-01  1.900000e-01  3.743189e-02
     vertex -3.249898e-01  1.900000e-01  3.893887e-02
   endloop
 endfacet
 facet normal -9.994119e-01  3.127671e-05 -3.429014e-02
   outer loop
     vertex -3.249884e-01  2.200000e-01  3.886828e-02
     vertex -3.249366e-01  2.200000e-01  3.736016e-02
     vertex -3.249400e-01  1.900000e-01  3.743189e-02
   endloop
 endfacet
 facet normal -9.997618e-01  2.973664e-05  2.182679e-02
   outer loop
     vertex -3.249653e-01 -1.900000e-01  4.195408e-02
     vertex -3.249982e-01 -1.900000e-01  4.044664e-02
     vertex -3.249677e-01 -2.200000e-01  4.188596e-02
   endloop
 endfacet
 facet normal -9.988475e-01 -2.976178e-05  4.799716e-02
   outer loop
     vertex -3.248952e-01 -2.200000e-01  4.339323e-02
     vertex -3.249653e-01 -1.900000e-01  4.195408e-02
     vertex -3.249677e-01 -2.200000e-01  4.188596e-02
   endloop
 endfacet
 facet normal -9.999844e-01 -3.024207e-05 -5.586810e-03
   outer loop
     vertex -3.249987e-01  2.200000e-01  4.037726e-02
     vertex -3.249898e-01  1.900000e-01  3.893887e-02
     vertex -3.249982e-01  1.900000e-01  4.044664e-02
   endloop
 endfacet
 facet normal -9.999765e-01  3.077263e-05 -6.859319e-03
   outer loop
     vertex -3.249987e-01  2.200000e-01  4.037726e-02
     vertex -3.249884e-01  2.200000e-01  3.886828e-02
     vertex -3.249898e-01  1.900000e-01  3.893887e-02
   endloop
 endfacet
 facet normal -9.987878e-01  2.923032e-05  4.922398e-02
   outer loop
     vertex -3.248911e-01 -1.900000e-01  4.346005e-02
     vertex -3.249653e-01 -1.900000e-01  4.195408e-02
     vertex -3.248952e-01 -2.200000e-01  4.339323e-02
   endloop
 endfacet
 facet normal -9.971548e-01 -2.925502e-05  7.538152e-02
   outer loop
     vertex -3.247815e-01 -2.200000e-01  4.489795e-02
     vertex -3.248911e-01 -1.900000e-01  4.346005e-02
     vertex -3.248952e-01 -2.200000e-01  4.339323e-02
   endloop
 endfacet
 facet normal -9.997618e-01 -2.973664e-05  2.182679e-02
   outer loop
     vertex -3.249677e-01  2.200000e-01  4.188596e-02
     vertex -3.249982e-01  1.900000e-01  4.044664e-02
     vertex -3.249653e-01  1.900000e-01  4.195408e-02
   endloop
 endfacet
 facet normal -9.997883e-01  3.026766e-05  2.057667e-02
   outer loop
     vertex -3.249677e-01  2.200000e-01  4.188596e-02
     vertex -3.249987e-01  2.200000e-01  4.037726e-02
     vertex -3.249982e-01  1.900000e-01  4.044664e-02
   endloop
 endfacet
 facet normal -9.970631e-01  2.872311e-05  7.658418e-02
   outer loop
     vertex -3.247756e-01 -1.900000e-01  4.496342e-02
     vertex -3.248911e-01 -1.900000e-01  4.346005e-02
     vertex -3.247815e-01 -2.200000e-01  4.489795e-02
   endloop
 endfacet
 facet normal -9.947114e-01 -2.874735e-05  1.027091e-01
   outer loop
     vertex -3.246265e-01 -2.200000e-01  4.639899e-02
     vertex -3.247756e-01 -1.900000e-01  4.496342e-02
     vertex -3.247815e-01 -2.200000e-01  4.489795e-02
   endloop
 endfacet
 facet normal -9.987878e-01 -2.923032e-05  4.922398e-02
   outer loop
     vertex -3.248952e-01  2.200000e-01  4.339323e-02
     vertex -3.249653e-01  1.900000e-01  4.195408e-02
     vertex -3.248911e-01  1.900000e-01  4.346005e-02
   endloop
 endfacet
 facet normal -9.988475e-01  2.976178e-05  4.799716e-02
   outer loop
     vertex -3.248952e-01  2.200000e-01  4.339323e-02
     vertex -3.249677e-01  2.200000e-01  4.188596e-02
     vertex -3.249653e-01  1.900000e-01  4.195408e-02
   endloop
 endfacet
 facet normal -9.945891e-01  2.821499e-05  1.038868e-01
   outer loop
     vertex -3.246189e-01 -1.900000e-01  4.646306e-02
     vertex -3.247756e-01 -1.900000e-01  4.496342e-02
     vertex -3.246265e-01 -2.200000e-01  4.639899e-02
   endloop
 endfacet
 facet normal -9.915193e-01 -2.823878e-05  1.299594e-01
   outer loop
     vertex -3.244304e-01 -2.200000e-01  4.789521e-02
     vertex -3.246189e-01 -1.900000e-01  4.646306e-02
     vertex -3.246265e-01 -2.200000e-01  4.639899e-02
   endloop
 endfacet
 facet normal -9.970631e-01 -2.872311e-05  7.658418e-02
   outer loop
     vertex -3.247815e-01  2.200000e-01  4.489795e-02
     vertex -3.248911e-01  1.900000e-01  4.346005e-02
     vertex -3.247756e-01  1.900000e-01  4.496342e-02
   endloop
 endfacet
 facet normal -9.971548e-01  2.925502e-05  7.538152e-02
   outer loop
     vertex -3.247815e-01  2.200000e-01  4.489795e-02
     vertex -3.248952e-01  2.200000e-01  4.339323e-02
     vertex -3.248911e-01  1.900000e-01  4.346005e-02
   endloop
 endfacet
 facet normal -9.913676e-01  2.770598e-05  1.311114e-01
   outer loop
     vertex -3.244213e-01 -1.900000e-01  4.795784e-02
     vertex -3.246189e-01 -1.900000e-01  4.646306e-02
     vertex -3.244304e-01 -2.200000e-01  4.789521e-02
   endloop
 endfacet
 facet normal -9.875808e-01 -2.772932e-05  1.571119e-01
   outer loop
     vertex -3.241933e-01 -2.200000e-01  4.938548e-02
     vertex -3.244213e-01 -1.900000e-01  4.795784e-02
     vertex -3.244304e-01 -2.200000e-01  4.789521e-02
   endloop
 endfacet
 facet normal -9.945891e-01 -2.821499e-05  1.038868e-01
   outer loop
     vertex -3.246265e-01  2.200000e-01  4.639899e-02
     vertex -3.247756e-01  1.900000e-01  4.496342e-02
     vertex -3.246189e-01  1.900000e-01  4.646306e-02
   endloop
 endfacet
 facet normal -9.947114e-01  2.874735e-05  1.027091e-01
   outer loop
     vertex -3.246265e-01  2.200000e-01  4.639899e-02
     vertex -3.247815e-01  2.200000e-01  4.489795e-02
     vertex -3.247756e-01  1.900000e-01  4.496342e-02
   endloop
 endfacet
 facet normal -9.874011e-01  2.719606e-05  1.582374e-01
   outer loop
     vertex -3.241827e-01 -1.900000e-01  4.944664e-02
     vertex -3.244213e-01 -1.900000e-01  4.795784e-02
     vertex -3.241933e-01 -2.200000e-01  4.938548e-02
   endloop
 endfacet
 facet normal -9.828989e-01 -2.721896e-05  1.841461e-01
   outer loop
     vertex -3.239154e-01 -2.200000e-01  5.086869e-02
     vertex -3.241827e-01 -1.900000e-01  4.944664e-02
     vertex -3.241933e-01 -2.200000e-01  4.938548e-02
   endloop
 endfacet
 facet normal -9.913676e-01 -2.770598e-05  1.311114e-01
   outer loop
     vertex -3.244304e-01  2.200000e-01  4.789521e-02
     vertex -3.246189e-01  1.900000e-01  4.646306e-02
     vertex -3.244213e-01  1.900000e-01  4.795784e-02
   endloop
 endfacet
 facet normal -9.915193e-01  2.823878e-05  1.299594e-01
   outer loop
     vertex -3.244304e-01  2.200000e-01  4.789521e-02
     vertex -3.246265e-01  2.200000e-01  4.639899e-02
     vertex -3.246189e-01  1.900000e-01  4.646306e-02
   endloop
 endfacet
 facet normal -9.826925e-01  2.668525e-05  1.852445e-01
   outer loop
     vertex -3.239034e-01 -1.900000e-01  5.092834e-02
     vertex -3.241827e-01 -1.900000e-01  4.944664e-02
     vertex -3.239154e-01 -2.200000e-01  5.086869e-02
   endloop
 endfacet
 facet normal -9.774771e-01 -2.670770e-05  2.110417e-01
   outer loop
     vertex -3.235969e-01 -2.200000e-01  5.234372e-02
     vertex -3.239034e-01 -1.900000e-01  5.092834e-02
     vertex -3.239154e-01 -2.200000e-01  5.086869e-02
   endloop
 endfacet
 facet normal -9.874011e-01 -2.719606e-05  1.582374e-01
   outer loop
     vertex -3.241933e-01  2.200000e-01  4.938548e-02
     vertex -3.244213e-01  1.900000e-01  4.795784e-02
     vertex -3.241827e-01  1.900000e-01  4.944664e-02
   endloop
 endfacet
 facet normal -9.875808e-01  2.772932e-05  1.571119e-01
   outer loop
     vertex -3.241933e-01  2.200000e-01  4.938548e-02
     vertex -3.244304e-01  2.200000e-01  4.789521e-02
     vertex -3.244213e-01  1.900000e-01  4.795784e-02
   endloop
 endfacet
 facet normal -9.772453e-01  2.617355e-05  2.121124e-01
   outer loop
     vertex -3.235835e-01 -1.900000e-01  5.240183e-02
     vertex -3.239034e-01 -1.900000e-01  5.092834e-02
     vertex -3.235969e-01 -2.200000e-01  5.234372e-02
   endloop
 endfacet
 facet normal -9.713194e-01 -2.619554e-05  2.377784e-01
   outer loop
     vertex -3.232381e-01 -2.200000e-01  5.380945e-02
     vertex -3.235835e-01 -1.900000e-01  5.240183e-02
     vertex -3.235969e-01 -2.200000e-01  5.234372e-02
   endloop
 endfacet
 facet normal -9.828989e-01  2.721896e-05  1.841461e-01
   outer loop
     vertex -3.239154e-01  2.200000e-01  5.086869e-02
     vertex -3.241933e-01  2.200000e-01  4.938548e-02
     vertex -3.241827e-01  1.900000e-01  4.944664e-02
   endloop
 endfacet
 facet normal -9.826925e-01 -2.668525e-05  1.852445e-01
   outer loop
     vertex -3.239154e-01  2.200000e-01  5.086869e-02
     vertex -3.241827e-01  1.900000e-01  4.944664e-02
     vertex -3.239034e-01  1.900000e-01  5.092834e-02
   endloop
 endfacet
 facet normal -9.710636e-01  2.566094e-05  2.388209e-01
   outer loop
     vertex -3.232234e-01 -1.900000e-01  5.386600e-02
     vertex -3.235835e-01 -1.900000e-01  5.240183e-02
     vertex -3.232381e-01 -2.200000e-01  5.380945e-02
   endloop
 endfacet
 facet normal -9.644306e-01 -2.568249e-05  2.643362e-01
   outer loop
     vertex -3.228392e-01 -2.200000e-01  5.526479e-02
     vertex -3.232234e-01 -1.900000e-01  5.386600e-02
     vertex -3.232381e-01 -2.200000e-01  5.380945e-02
   endloop
 endfacet
 facet normal -9.774771e-01  2.670770e-05  2.110417e-01
   outer loop
     vertex -3.235969e-01  2.200000e-01  5.234372e-02
     vertex -3.239154e-01  2.200000e-01  5.086869e-02
     vertex -3.239034e-01  1.900000e-01  5.092834e-02
   endloop
 endfacet
 facet normal -9.772453e-01 -2.617355e-05  2.121124e-01
   outer loop
     vertex -3.235969e-01  2.200000e-01  5.234372e-02
     vertex -3.239034e-01  1.900000e-01  5.092834e-02
     vertex -3.235835e-01  1.900000e-01  5.240183e-02
   endloop
 endfacet
 facet normal -9.641522e-01  2.514744e-05  2.653498e-01
   outer loop
     vertex -3.228233e-01 -1.900000e-01  5.531974e-02
     vertex -3.232234e-01 -1.900000e-01  5.386600e-02
     vertex -3.228392e-01 -2.200000e-01  5.526479e-02
   endloop
 endfacet
 facet normal -9.568158e-01 -2.516854e-05  2.906949e-01
   outer loop
     vertex -3.224006e-01 -2.200000e-01  5.670864e-02
     vertex -3.228233e-01 -1.900000e-01  5.531974e-02
     vertex -3.228392e-01 -2.200000e-01  5.526479e-02
   endloop
 endfacet
 facet normal -9.713194e-01  2.619554e-05  2.377784e-01
   outer loop
     vertex -3.232381e-01  2.200000e-01  5.380945e-02
     vertex -3.235969e-01  2.200000e-01  5.234372e-02
     vertex -3.235835e-01  1.900000e-01  5.240183e-02
   endloop
 endfacet
 facet normal -9.710636e-01 -2.566094e-05  2.388209e-01
   outer loop
     vertex -3.232381e-01  2.200000e-01  5.380945e-02
     vertex -3.235835e-01  1.900000e-01  5.240183e-02
     vertex -3.232234e-01  1.900000e-01  5.386600e-02
   endloop
 endfacet
 facet normal -9.565161e-01  2.463304e-05  2.916794e-01
   outer loop
     vertex -3.223835e-01 -1.900000e-01  5.676198e-02
     vertex -3.228233e-01 -1.900000e-01  5.531974e-02
     vertex -3.224006e-01 -2.200000e-01  5.670864e-02
   endloop
 endfacet
 facet normal -9.484807e-01 -2.465369e-05  3.168348e-01
   outer loop
     vertex -3.219225e-01 -2.200000e-01  5.813991e-02
     vertex -3.223835e-01 -1.900000e-01  5.676198e-02
     vertex -3.224006e-01 -2.200000e-01  5.670864e-02
   endloop
 endfacet
 facet normal -9.644306e-01  2.568249e-05  2.643362e-01
   outer loop
     vertex -3.228392e-01  2.200000e-01  5.526479e-02
     vertex -3.232381e-01  2.200000e-01  5.380945e-02
     vertex -3.232234e-01  1.900000e-01  5.386600e-02
   endloop
 endfacet
 facet normal -9.641522e-01 -2.514744e-05  2.653498e-01
   outer loop
     vertex -3.228392e-01  2.200000e-01  5.526479e-02
     vertex -3.232234e-01  1.900000e-01  5.386600e-02
     vertex -3.228233e-01  1.900000e-01  5.531974e-02
   endloop
 endfacet
 facet normal -9.481612e-01  2.411774e-05  3.177897e-01
   outer loop
     vertex -3.219044e-01 -1.900000e-01  5.819161e-02
     vertex -3.223835e-01 -1.900000e-01  5.676198e-02
     vertex -3.219225e-01 -2.200000e-01  5.813991e-02
   endloop
 endfacet
 facet normal -9.394317e-01 -2.413794e-05  3.427362e-01
   outer loop
     vertex -3.214053e-01 -2.200000e-01  5.955753e-02
     vertex -3.219044e-01 -1.900000e-01  5.819161e-02
     vertex -3.219225e-01 -2.200000e-01  5.813991e-02
   endloop
 endfacet
 facet normal -9.568158e-01  2.516854e-05  2.906949e-01
   outer loop
     vertex -3.224006e-01  2.200000e-01  5.670864e-02
     vertex -3.228392e-01  2.200000e-01  5.526479e-02
     vertex -3.228233e-01  1.900000e-01  5.531974e-02
   endloop
 endfacet
 facet normal -9.565161e-01 -2.463304e-05  2.916794e-01
   outer loop
     vertex -3.224006e-01  2.200000e-01  5.670864e-02
     vertex -3.228233e-01  1.900000e-01  5.531974e-02
     vertex -3.223835e-01  1.900000e-01  5.676198e-02
   endloop
 endfacet
 facet normal -9.390937e-01  2.360154e-05  3.436612e-01
   outer loop
     vertex -3.213862e-01 -1.900000e-01  5.960757e-02
     vertex -3.219044e-01 -1.900000e-01  5.819161e-02
     vertex -3.214053e-01 -2.200000e-01  5.955753e-02
   endloop
 endfacet
 facet normal -9.296754e-01 -2.362129e-05  3.683796e-01
   outer loop
     vertex -3.208494e-01 -2.200000e-01  6.096042e-02
     vertex -3.213862e-01 -1.900000e-01  5.960757e-02
     vertex -3.214053e-01 -2.200000e-01  5.955753e-02
   endloop
 endfacet
 facet normal -9.484807e-01  2.465369e-05  3.168348e-01
   outer loop
     vertex -3.219225e-01  2.200000e-01  5.813991e-02
     vertex -3.224006e-01  2.200000e-01  5.670864e-02
     vertex -3.223835e-01  1.900000e-01  5.676198e-02
   endloop
 endfacet
 facet normal -9.481612e-01 -2.411774e-05  3.177897e-01
   outer loop
     vertex -3.219225e-01  2.200000e-01  5.813991e-02
     vertex -3.223835e-01  1.900000e-01  5.676198e-02
     vertex -3.219044e-01  1.900000e-01  5.819161e-02
   endloop
 endfacet
 facet normal -9.293204e-01  2.308445e-05  3.692745e-01
   outer loop
     vertex -3.208294e-01 -1.900000e-01  6.100880e-02
     vertex -3.213862e-01 -1.900000e-01  5.960757e-02
     vertex -3.208494e-01 -2.200000e-01  6.096042e-02
   endloop
 endfacet
 facet normal -9.192194e-01 -2.310375e-05  3.937458e-01
   outer loop
     vertex -3.202552e-01 -2.200000e-01  6.234754e-02
     vertex -3.208294e-01 -1.900000e-01  6.100880e-02
     vertex -3.208494e-01 -2.200000e-01  6.096042e-02
   endloop
 endfacet
 facet normal -9.390937e-01 -2.360154e-05  3.436612e-01
   outer loop
     vertex -3.214053e-01  2.200000e-01  5.955753e-02
     vertex -3.219044e-01  1.900000e-01  5.819161e-02
     vertex -3.213862e-01  1.900000e-01  5.960757e-02
   endloop
 endfacet
 facet normal -9.394317e-01  2.413794e-05  3.427362e-01
   outer loop
     vertex -3.214053e-01  2.200000e-01  5.955753e-02
     vertex -3.219225e-01  2.200000e-01  5.813991e-02
     vertex -3.219044e-01  1.900000e-01  5.819161e-02
   endloop
 endfacet
 facet normal -9.188486e-01  2.256645e-05  3.946102e-01
   outer loop
     vertex -3.202344e-01 -1.900000e-01  6.239424e-02
     vertex -3.208294e-01 -1.900000e-01  6.100880e-02
     vertex -3.202552e-01 -2.200000e-01  6.234754e-02
   endloop
 endfacet
 facet normal -9.080714e-01 -2.258531e-05  4.188155e-01
   outer loop
     vertex -3.196232e-01 -2.200000e-01  6.371783e-02
     vertex -3.202344e-01 -1.900000e-01  6.239424e-02
     vertex -3.202552e-01 -2.200000e-01  6.234754e-02
   endloop
 endfacet
 facet normal -9.293204e-01 -2.308445e-05  3.692745e-01
   outer loop
     vertex -3.208494e-01  2.200000e-01  6.096042e-02
     vertex -3.213862e-01  1.900000e-01  5.960757e-02
     vertex -3.208294e-01  1.900000e-01  6.100880e-02
   endloop
 endfacet
 facet normal -9.296754e-01  2.362129e-05  3.683796e-01
   outer loop
     vertex -3.208494e-01  2.200000e-01  6.096042e-02
     vertex -3.214053e-01  2.200000e-01  5.955753e-02
     vertex -3.213862e-01  1.900000e-01  5.960757e-02
   endloop
 endfacet
 facet normal -9.076863e-01  2.204756e-05  4.196493e-01
   outer loop
     vertex -3.196017e-01 -1.900000e-01  6.376285e-02
     vertex -3.202344e-01 -1.900000e-01  6.239424e-02
     vertex -3.196232e-01 -2.200000e-01  6.371783e-02
   endloop
 endfacet
 facet normal -8.962398e-01 -2.206597e-05  4.435699e-01
   outer loop
     vertex -3.189539e-01 -2.200000e-01  6.507027e-02
     vertex -3.196017e-01 -1.900000e-01  6.376285e-02
     vertex -3.196232e-01 -2.200000e-01  6.371783e-02
   endloop
 endfacet
 facet normal -9.188486e-01 -2.256645e-05  3.946102e-01
   outer loop
     vertex -3.202552e-01  2.200000e-01  6.234754e-02
     vertex -3.208294e-01  1.900000e-01  6.100880e-02
     vertex -3.202344e-01  1.900000e-01  6.239424e-02
   endloop
 endfacet
 facet normal -9.192194e-01  2.310375e-05  3.937458e-01
   outer loop
     vertex -3.202552e-01  2.200000e-01  6.234754e-02
     vertex -3.208494e-01  2.200000e-01  6.096042e-02
     vertex -3.208294e-01  1.900000e-01  6.100880e-02
   endloop
 endfacet
 facet normal -8.958418e-01  2.152777e-05  4.443730e-01
   outer loop
     vertex -3.189317e-01 -1.900000e-01  6.511359e-02
     vertex -3.196017e-01 -1.900000e-01  6.376285e-02
     vertex -3.189539e-01 -2.200000e-01  6.507027e-02
   endloop
 endfacet
 facet normal -8.837335e-01 -2.154573e-05  4.679904e-01
   outer loop
     vertex -3.182477e-01 -2.200000e-01  6.640384e-02
     vertex -3.189317e-01 -1.900000e-01  6.511359e-02
     vertex -3.189539e-01 -2.200000e-01  6.507027e-02
   endloop
 endfacet
 facet normal -9.076863e-01 -2.204756e-05  4.196493e-01
   outer loop
     vertex -3.196232e-01  2.200000e-01  6.371783e-02
     vertex -3.202344e-01  1.900000e-01  6.239424e-02
     vertex -3.196017e-01  1.900000e-01  6.376285e-02
   endloop
 endfacet
 facet normal -9.080714e-01  2.258531e-05  4.188155e-01
   outer loop
     vertex -3.196232e-01  2.200000e-01  6.371783e-02
     vertex -3.202552e-01  2.200000e-01  6.234754e-02
     vertex -3.202344e-01  1.900000e-01  6.239424e-02
   endloop
 endfacet
 facet normal -8.833241e-01  2.100709e-05  4.687628e-01
   outer loop
     vertex -3.182249e-01 -1.900000e-01  6.644547e-02
     vertex -3.189317e-01 -1.900000e-01  6.511359e-02
     vertex -3.182477e-01 -2.200000e-01  6.640384e-02
   endloop
 endfacet
 facet normal -8.705620e-01 -2.102460e-05  4.920587e-01
   outer loop
     vertex -3.175051e-01 -2.200000e-01  6.771753e-02
     vertex -3.182249e-01 -1.900000e-01  6.644547e-02
     vertex -3.182477e-01 -2.200000e-01  6.640384e-02
   endloop
 endfacet
 facet normal -8.958418e-01 -2.152777e-05  4.443730e-01
   outer loop
     vertex -3.189539e-01  2.200000e-01  6.507027e-02
     vertex -3.196017e-01  1.900000e-01  6.376285e-02
     vertex -3.189317e-01  1.900000e-01  6.511359e-02
   endloop
 endfacet
 facet normal -8.962398e-01  2.206597e-05  4.435699e-01
   outer loop
     vertex -3.189539e-01  2.200000e-01  6.507027e-02
     vertex -3.196232e-01  2.200000e-01  6.371783e-02
     vertex -3.196017e-01  1.900000e-01  6.376285e-02
   endloop
 endfacet
 facet normal -8.701425e-01  2.048550e-05  4.928003e-01
   outer loop
     vertex -3.174818e-01 -1.900000e-01  6.775747e-02
     vertex -3.182249e-01 -1.900000e-01  6.644547e-02
     vertex -3.175051e-01 -2.200000e-01  6.771753e-02
   endloop
 endfacet
 facet normal -8.567352e-01 -2.050256e-05  5.157565e-01
   outer loop
     vertex -3.167269e-01 -2.200000e-01  6.901035e-02
     vertex -3.174818e-01 -1.900000e-01  6.775747e-02
     vertex -3.175051e-01 -2.200000e-01  6.771753e-02
   endloop
 endfacet
 facet normal -8.837335e-01  2.154573e-05  4.679904e-01
   outer loop
     vertex -3.182477e-01  2.200000e-01  6.640384e-02
     vertex -3.189539e-01  2.200000e-01  6.507027e-02
     vertex -3.189317e-01  1.900000e-01  6.511359e-02
   endloop
 endfacet
 facet normal -8.833241e-01 -2.100709e-05  4.687628e-01
   outer loop
     vertex -3.182477e-01  2.200000e-01  6.640384e-02
     vertex -3.189317e-01  1.900000e-01  6.511359e-02
     vertex -3.182249e-01  1.900000e-01  6.644547e-02
   endloop
 endfacet
 facet normal -8.563069e-01  1.996302e-05  5.164674e-01
   outer loop
     vertex -3.167031e-01 -1.900000e-01  6.904860e-02
     vertex -3.174818e-01 -1.900000e-01  6.775747e-02
     vertex -3.167269e-01 -2.200000e-01  6.901035e-02
   endloop
 endfacet
 facet normal -8.422635e-01 -1.997963e-05  5.390661e-01
   outer loop
     vertex -3.159134e-01 -2.200000e-01  7.028134e-02
     vertex -3.167031e-01 -1.900000e-01  6.904860e-02
     vertex -3.167269e-01 -2.200000e-01  6.901035e-02
   endloop
 endfacet
 facet normal -8.705620e-01  2.102460e-05  4.920587e-01
   outer loop
     vertex -3.175051e-01  2.200000e-01  6.771753e-02
     vertex -3.182477e-01  2.200000e-01  6.640384e-02
     vertex -3.182249e-01  1.900000e-01  6.644547e-02
   endloop
 endfacet
 facet normal -8.701425e-01 -2.048550e-05  4.928003e-01
   outer loop
     vertex -3.175051e-01  2.200000e-01  6.771753e-02
     vertex -3.182249e-01  1.900000e-01  6.644547e-02
     vertex -3.174818e-01  1.900000e-01  6.775747e-02
   endloop
 endfacet
 facet normal -8.418277e-01  1.943964e-05  5.397463e-01
   outer loop
     vertex -3.158893e-01 -1.900000e-01  7.031791e-02
     vertex -3.167031e-01 -1.900000e-01  6.904860e-02
     vertex -3.159134e-01 -2.200000e-01  7.028134e-02
   endloop
 endfacet
 facet normal -8.271577e-01 -1.945580e-05  5.619699e-01
   outer loop
     vertex -3.150654e-01 -2.200000e-01  7.152953e-02
     vertex -3.158893e-01 -1.900000e-01  7.031791e-02
     vertex -3.159134e-01 -2.200000e-01  7.028134e-02
   endloop
 endfacet
 facet normal -8.567352e-01  2.050256e-05  5.157565e-01
   outer loop
     vertex -3.167269e-01  2.200000e-01  6.901035e-02
     vertex -3.175051e-01  2.200000e-01  6.771753e-02
     vertex -3.174818e-01  1.900000e-01  6.775747e-02
   endloop
 endfacet
 facet normal -8.563069e-01 -1.996302e-05  5.164674e-01
   outer loop
     vertex -3.167269e-01  2.200000e-01  6.901035e-02
     vertex -3.174818e-01  1.900000e-01  6.775747e-02
     vertex -3.167031e-01  1.900000e-01  6.904860e-02
   endloop
 endfacet
 facet normal -8.267159e-01  1.891537e-05  5.626196e-01
   outer loop
     vertex -3.150409e-01 -1.900000e-01  7.156443e-02
     vertex -3.158893e-01 -1.900000e-01  7.031791e-02
     vertex -3.150654e-01 -2.200000e-01  7.152953e-02
   endloop
 endfacet
 facet normal -8.114292e-01 -1.893108e-05  5.844507e-01
   outer loop
     vertex -3.141834e-01 -2.200000e-01  7.275399e-02
     vertex -3.150409e-01 -1.900000e-01  7.156443e-02
     vertex -3.150654e-01 -2.200000e-01  7.152953e-02
   endloop
 endfacet
 facet normal -8.422635e-01  1.997963e-05  5.390661e-01
   outer loop
     vertex -3.159134e-01  2.200000e-01  7.028134e-02
     vertex -3.167269e-01  2.200000e-01  6.901035e-02
     vertex -3.167031e-01  1.900000e-01  6.904860e-02
   endloop
 endfacet
 facet normal -8.418277e-01 -1.943964e-05  5.397463e-01
   outer loop
     vertex -3.159134e-01  2.200000e-01  7.028134e-02
     vertex -3.167031e-01  1.900000e-01  6.904860e-02
     vertex -3.158893e-01  1.900000e-01  7.031791e-02
   endloop
 endfacet
 facet normal -8.109828e-01  1.839019e-05  5.850700e-01
   outer loop
     vertex -3.141588e-01 -1.900000e-01  7.278723e-02
     vertex -3.150409e-01 -1.900000e-01  7.156443e-02
     vertex -3.141834e-01 -2.200000e-01  7.275399e-02
   endloop
 endfacet
 facet normal -7.950900e-01 -1.840545e-05  6.064915e-01
   outer loop
     vertex -3.132682e-01 -2.200000e-01  7.395379e-02
     vertex -3.141588e-01 -1.900000e-01  7.278723e-02
     vertex -3.141834e-01 -2.200000e-01  7.275399e-02
   endloop
 endfacet
 facet normal -8.271577e-01  1.945580e-05  5.619699e-01
   outer loop
     vertex -3.150654e-01  2.200000e-01  7.152953e-02
     vertex -3.159134e-01  2.200000e-01  7.028134e-02
     vertex -3.158893e-01  1.900000e-01  7.031791e-02
   endloop
 endfacet
 facet normal -8.267159e-01 -1.891537e-05  5.626196e-01
   outer loop
     vertex -3.150654e-01  2.200000e-01  7.152953e-02
     vertex -3.158893e-01  1.900000e-01  7.031791e-02
     vertex -3.150409e-01  1.900000e-01  7.156443e-02
   endloop
 endfacet
 facet normal -7.946401e-01  1.786412e-05  6.070808e-01
   outer loop
     vertex -3.132434e-01 -1.900000e-01  7.398538e-02
     vertex -3.141588e-01 -1.900000e-01  7.278723e-02
     vertex -3.132682e-01 -2.200000e-01  7.395379e-02
   endloop
 endfacet
 facet normal -7.781522e-01 -1.787893e-05  6.280757e-01
   outer loop
     vertex -3.123205e-01 -2.200000e-01  7.512804e-02
     vertex -3.132434e-01 -1.900000e-01  7.398538e-02
     vertex -3.132682e-01 -2.200000e-01  7.395379e-02
   endloop
 endfacet
 facet normal -8.114292e-01  1.893108e-05  5.844507e-01
   outer loop
     vertex -3.141834e-01  2.200000e-01  7.275399e-02
     vertex -3.150654e-01  2.200000e-01  7.152953e-02
     vertex -3.150409e-01  1.900000e-01  7.156443e-02
   endloop
 endfacet
 facet normal -8.109828e-01 -1.839019e-05  5.850700e-01
   outer loop
     vertex -3.141834e-01  2.200000e-01  7.275399e-02
     vertex -3.150409e-01  1.900000e-01  7.156443e-02
     vertex -3.141588e-01  1.900000e-01  7.278723e-02
   endloop
 endfacet
 facet normal -7.777003e-01  1.733715e-05  6.286353e-01
   outer loop
     vertex -3.122956e-01 -1.900000e-01  7.515800e-02
     vertex -3.132434e-01 -1.900000e-01  7.398538e-02
     vertex -3.123205e-01 -2.200000e-01  7.512804e-02
   endloop
 endfacet
 facet normal -7.606287e-01 -1.735151e-05  6.491872e-01
   outer loop
     vertex -3.113408e-01 -2.200000e-01  7.627584e-02
     vertex -3.122956e-01 -1.900000e-01  7.515800e-02
     vertex -3.123205e-01 -2.200000e-01  7.512804e-02
   endloop
 endfacet
 facet normal -7.950900e-01  1.840545e-05  6.064915e-01
   outer loop
     vertex -3.132682e-01  2.200000e-01  7.395379e-02
     vertex -3.141834e-01  2.200000e-01  7.275399e-02
     vertex -3.141588e-01  1.900000e-01  7.278723e-02
   endloop
 endfacet
 facet normal -7.946401e-01 -1.786412e-05  6.070808e-01
   outer loop
     vertex -3.132682e-01  2.200000e-01  7.395379e-02
     vertex -3.141588e-01  1.900000e-01  7.278723e-02
     vertex -3.132434e-01  1.900000e-01  7.398538e-02
   endloop
 endfacet
 facet normal -7.601759e-01  1.680928e-05  6.497173e-01
   outer loop
     vertex -3.113159e-01 -1.900000e-01  7.630419e-02
     vertex -3.122956e-01 -1.900000e-01  7.515800e-02
     vertex -3.113408e-01 -2.200000e-01  7.627584e-02
   endloop
 endfacet
 facet normal -7.425325e-01 -1.682319e-05  6.698100e-01
   outer loop
     vertex -3.103301e-01 -2.200000e-01  7.739633e-02
     vertex -3.113159e-01 -1.900000e-01  7.630419e-02
     vertex -3.113408e-01 -2.200000e-01  7.627584e-02
   endloop
 endfacet
 facet normal -7.781522e-01  1.787893e-05  6.280757e-01
   outer loop
     vertex -3.123205e-01  2.200000e-01  7.512804e-02
     vertex -3.132682e-01  2.200000e-01  7.395379e-02
     vertex -3.132434e-01  1.900000e-01  7.398538e-02
   endloop
 endfacet
 facet normal -7.777003e-01 -1.733715e-05  6.286353e-01
   outer loop
     vertex -3.123205e-01  2.200000e-01  7.512804e-02
     vertex -3.132434e-01  1.900000e-01  7.398538e-02
     vertex -3.122956e-01  1.900000e-01  7.515800e-02
   endloop
 endfacet
 facet normal -7.420803e-01  1.628051e-05  6.703110e-01
   outer loop
     vertex -3.103052e-01 -1.900000e-01  7.742310e-02
     vertex -3.113159e-01 -1.900000e-01  7.630419e-02
     vertex -3.103301e-01 -2.200000e-01  7.739633e-02
   endloop
 endfacet
 facet normal -7.238775e-01 -1.629398e-05  6.899286e-01
   outer loop
     vertex -3.092890e-01 -2.200000e-01  7.848867e-02
     vertex -3.103052e-01 -1.900000e-01  7.742310e-02
     vertex -3.103301e-01 -2.200000e-01  7.739633e-02
   endloop
 endfacet
 facet normal -7.606287e-01  1.735151e-05  6.491872e-01
   outer loop
     vertex -3.113408e-01  2.200000e-01  7.627584e-02
     vertex -3.123205e-01  2.200000e-01  7.512804e-02
     vertex -3.122956e-01  1.900000e-01  7.515800e-02
   endloop
 endfacet
 facet normal -7.601759e-01 -1.680928e-05  6.497173e-01
   outer loop
     vertex -3.113408e-01  2.200000e-01  7.627584e-02
     vertex -3.122956e-01  1.900000e-01  7.515800e-02
     vertex -3.113159e-01  1.900000e-01  7.630419e-02
   endloop
 endfacet
 facet normal -7.234269e-01  1.575084e-05  6.904010e-01
   outer loop
     vertex -3.092642e-01 -1.900000e-01  7.851388e-02
     vertex -3.103052e-01 -1.900000e-01  7.742310e-02
     vertex -3.092890e-01 -2.200000e-01  7.848867e-02
   endloop
 endfacet
 facet normal -7.046775e-01 -1.576386e-05  7.095278e-01
   outer loop
     vertex -3.082183e-01 -2.200000e-01  7.955204e-02
     vertex -3.092642e-01 -1.900000e-01  7.851388e-02
     vertex -3.092890e-01 -2.200000e-01  7.848867e-02
   endloop
 endfacet
 facet normal -7.420803e-01 -1.628051e-05  6.703110e-01
   outer loop
     vertex -3.103301e-01  2.200000e-01  7.739633e-02
     vertex -3.113159e-01  1.900000e-01  7.630419e-02
     vertex -3.103052e-01  1.900000e-01  7.742310e-02
   endloop
 endfacet
 facet normal -7.425325e-01  1.682319e-05  6.698100e-01
   outer loop
     vertex -3.103301e-01  2.200000e-01  7.739633e-02
     vertex -3.113408e-01  2.200000e-01  7.627584e-02
     vertex -3.113159e-01  1.900000e-01  7.630419e-02
   endloop
 endfacet
 facet normal -7.042298e-01  1.522028e-05  7.099721e-01
   outer loop
     vertex -3.081938e-01 -1.900000e-01  7.957571e-02
     vertex -3.092642e-01 -1.900000e-01  7.851388e-02
     vertex -3.082183e-01 -2.200000e-01  7.955204e-02
   endloop
 endfacet
 facet normal -6.849470e-01 -1.523285e-05  7.285929e-01
   outer loop
     vertex -3.071188e-01 -2.200000e-01  8.058563e-02
     vertex -3.081938e-01 -1.900000e-01  7.957571e-02
     vertex -3.082183e-01 -2.200000e-01  7.955204e-02
   endloop
 endfacet
 facet normal -7.234269e-01 -1.575084e-05  6.904010e-01
   outer loop
     vertex -3.092890e-01  2.200000e-01  7.848867e-02
     vertex -3.103052e-01  1.900000e-01  7.742310e-02
     vertex -3.092642e-01  1.900000e-01  7.851388e-02
   endloop
 endfacet
 facet normal -7.238775e-01  1.629398e-05  6.899286e-01
   outer loop
     vertex -3.092890e-01  2.200000e-01  7.848867e-02
     vertex -3.103301e-01  2.200000e-01  7.739633e-02
     vertex -3.103052e-01  1.900000e-01  7.742310e-02
   endloop
 endfacet
 facet normal -6.845035e-01  1.468882e-05  7.290096e-01
   outer loop
     vertex -3.070946e-01 -1.900000e-01  8.060781e-02
     vertex -3.081938e-01 -1.900000e-01  7.957571e-02
     vertex -3.071188e-01 -2.200000e-01  8.058563e-02
   endloop
 endfacet
 facet normal -6.647010e-01 -1.470094e-05  7.471095e-01
   outer loop
     vertex -3.059914e-01 -2.200000e-01  8.158868e-02
     vertex -3.070946e-01 -1.900000e-01  8.060781e-02
     vertex -3.071188e-01 -2.200000e-01  8.058563e-02
   endloop
 endfacet
 facet normal -7.042298e-01 -1.522028e-05  7.099721e-01
   outer loop
     vertex -3.082183e-01  2.200000e-01  7.955204e-02
     vertex -3.092642e-01  1.900000e-01  7.851388e-02
     vertex -3.081938e-01  1.900000e-01  7.957571e-02
   endloop
 endfacet
 facet normal -7.046775e-01  1.576386e-05  7.095278e-01
   outer loop
     vertex -3.082183e-01  2.200000e-01  7.955204e-02
     vertex -3.092890e-01  2.200000e-01  7.848867e-02
     vertex -3.092642e-01  1.900000e-01  7.851388e-02
   endloop
 endfacet
 facet normal -6.642627e-01  1.415646e-05  7.474992e-01
   outer loop
     vertex -3.059675e-01 -1.900000e-01  8.160938e-02
     vertex -3.070946e-01 -1.900000e-01  8.060781e-02
     vertex -3.059914e-01 -2.200000e-01  8.158868e-02
   endloop
 endfacet
 facet normal -6.439545e-01 -1.416814e-05  7.650637e-01
   outer loop
     vertex -3.048369e-01 -2.200000e-01  8.256042e-02
     vertex -3.059675e-01 -1.900000e-01  8.160938e-02
     vertex -3.059914e-01 -2.200000e-01  8.158868e-02
   endloop
 endfacet
 facet normal -6.849470e-01  1.523285e-05  7.285929e-01
   outer loop
     vertex -3.071188e-01  2.200000e-01  8.058563e-02
     vertex -3.082183e-01  2.200000e-01  7.955204e-02
     vertex -3.081938e-01  1.900000e-01  7.957571e-02
   endloop
 endfacet
 facet normal -6.845035e-01 -1.468882e-05  7.290096e-01
   outer loop
     vertex -3.071188e-01  2.200000e-01  8.058563e-02
     vertex -3.081938e-01  1.900000e-01  7.957571e-02
     vertex -3.070946e-01  1.900000e-01  8.060781e-02
   endloop
 endfacet
 facet normal -6.435227e-01  1.362321e-05  7.654270e-01
   outer loop
     vertex -3.048134e-01 -1.900000e-01  8.257968e-02
     vertex -3.059675e-01 -1.900000e-01  8.160938e-02
     vertex -3.048369e-01 -2.200000e-01  8.256042e-02
   endloop
 endfacet
 facet normal -6.227234e-01 -1.363443e-05  7.824421e-01
   outer loop
     vertex -3.036562e-01 -2.200000e-01  8.350011e-02
     vertex -3.048134e-01 -1.900000e-01  8.257968e-02
     vertex -3.048369e-01 -2.200000e-01  8.256042e-02
   endloop
 endfacet
 facet normal -6.647010e-01  1.470094e-05  7.471095e-01
   outer loop
     vertex -3.059914e-01  2.200000e-01  8.158868e-02
     vertex -3.071188e-01  2.200000e-01  8.058563e-02
     vertex -3.070946e-01  1.900000e-01  8.060781e-02
   endloop
 endfacet
 facet normal -6.642627e-01 -1.415646e-05  7.474992e-01
   outer loop
     vertex -3.059914e-01  2.200000e-01  8.158868e-02
     vertex -3.070946e-01  1.900000e-01  8.060781e-02
     vertex -3.059675e-01  1.900000e-01  8.160938e-02
   endloop
 endfacet
 facet normal -6.222990e-01  1.308905e-05  7.827796e-01
   outer loop
     vertex -3.036331e-01 -1.900000e-01  8.351798e-02
     vertex -3.048134e-01 -1.900000e-01  8.257968e-02
     vertex -3.036562e-01 -2.200000e-01  8.350011e-02
   endloop
 endfacet
 facet normal -6.010234e-01 -1.309983e-05  7.992314e-01
   outer loop
     vertex -3.024502e-01 -2.200000e-01  8.440707e-02
     vertex -3.036331e-01 -1.900000e-01  8.351798e-02
     vertex -3.036562e-01 -2.200000e-01  8.350011e-02
   endloop
 endfacet
 facet normal -6.439545e-01  1.416814e-05  7.650637e-01
   outer loop
     vertex -3.048369e-01  2.200000e-01  8.256042e-02
     vertex -3.059914e-01  2.200000e-01  8.158868e-02
     vertex -3.059675e-01  1.900000e-01  8.160938e-02
   endloop
 endfacet
 facet normal -6.435227e-01 -1.362321e-05  7.654270e-01
   outer loop
     vertex -3.048369e-01  2.200000e-01  8.256042e-02
     vertex -3.059675e-01  1.900000e-01  8.160938e-02
     vertex -3.048134e-01  1.900000e-01  8.257968e-02
   endloop
 endfacet
 facet normal -6.006077e-01  1.255400e-05  7.995439e-01
   outer loop
     vertex -3.024275e-01 -1.900000e-01  8.442358e-02
     vertex -3.036331e-01 -1.900000e-01  8.351798e-02
     vertex -3.024502e-01 -2.200000e-01  8.440707e-02
   endloop
 endfacet
 facet normal -5.788711e-01 -1.256433e-05  8.154191e-01
   outer loop
     vertex -3.012197e-01 -2.200000e-01  8.528059e-02
     vertex -3.024275e-01 -1.900000e-01  8.442358e-02
     vertex -3.024502e-01 -2.200000e-01  8.440707e-02
   endloop
 endfacet
 facet normal -6.227234e-01  1.363443e-05  7.824421e-01
   outer loop
     vertex -3.036562e-01  2.200000e-01  8.350011e-02
     vertex -3.048369e-01  2.200000e-01  8.256042e-02
     vertex -3.048134e-01  1.900000e-01  8.257968e-02
   endloop
 endfacet
 facet normal -6.222990e-01 -1.308905e-05  7.827796e-01
   outer loop
     vertex -3.036562e-01  2.200000e-01  8.350011e-02
     vertex -3.048134e-01  1.900000e-01  8.257968e-02
     vertex -3.036331e-01  1.900000e-01  8.351798e-02
   endloop
 endfacet
 facet normal -5.784650e-01  1.201805e-05  8.157072e-01
   outer loop
     vertex -3.011976e-01 -1.900000e-01  8.529579e-02
     vertex -3.024275e-01 -1.900000e-01  8.442358e-02
     vertex -3.012197e-01 -2.200000e-01  8.528059e-02
   endloop
 endfacet
 facet normal -5.562829e-01 -1.202793e-05  8.309929e-01
   outer loop
     vertex -2.999657e-01 -2.200000e-01  8.612003e-02
     vertex -3.011976e-01 -1.900000e-01  8.529579e-02
     vertex -3.012197e-01 -2.200000e-01  8.528059e-02
   endloop
 endfacet
 facet normal -6.010234e-01  1.309983e-05  7.992314e-01
   outer loop
     vertex -3.024502e-01  2.200000e-01  8.440707e-02
     vertex -3.036562e-01  2.200000e-01  8.350011e-02
     vertex -3.036331e-01  1.900000e-01  8.351798e-02
   endloop
 endfacet
 facet normal -6.006077e-01 -1.255400e-05  7.995439e-01
   outer loop
     vertex -3.024502e-01  2.200000e-01  8.440707e-02
     vertex -3.036331e-01  1.900000e-01  8.351798e-02
     vertex -3.024275e-01  1.900000e-01  8.442358e-02
   endloop
 endfacet
 facet normal -5.558875e-01  1.148120e-05  8.312575e-01
   outer loop
     vertex -2.999443e-01 -1.900000e-01  8.613395e-02
     vertex -3.011976e-01 -1.900000e-01  8.529579e-02
     vertex -2.999657e-01 -2.200000e-01  8.612003e-02
   endloop
 endfacet
 facet normal -5.332761e-01 -1.149063e-05  8.459413e-01
   outer loop
     vertex -2.986892e-01 -2.200000e-01  8.692475e-02
     vertex -2.999443e-01 -1.900000e-01  8.613395e-02
     vertex -2.999657e-01 -2.200000e-01  8.612003e-02
   endloop
 endfacet
 facet normal -5.788711e-01  1.256433e-05  8.154191e-01
   outer loop
     vertex -3.012197e-01  2.200000e-01  8.528059e-02
     vertex -3.024502e-01  2.200000e-01  8.440707e-02
     vertex -3.024275e-01  1.900000e-01  8.442358e-02
   endloop
 endfacet
 facet normal -5.784650e-01 -1.201805e-05  8.157072e-01
   outer loop
     vertex -3.012197e-01  2.200000e-01  8.528059e-02
     vertex -3.024275e-01  1.900000e-01  8.442358e-02
     vertex -3.011976e-01  1.900000e-01  8.529579e-02
   endloop
 endfacet
 facet normal -5.328922e-01  1.094346e-05  8.461831e-01
   outer loop
     vertex -2.986684e-01 -1.900000e-01  8.693745e-02
     vertex -2.999443e-01 -1.900000e-01  8.613395e-02
     vertex -2.986892e-01 -2.200000e-01  8.692475e-02
   endloop
 endfacet
 facet normal -5.098678e-01 -1.095244e-05  8.602528e-01
   outer loop
     vertex -2.973910e-01 -2.200000e-01  8.769415e-02
     vertex -2.986684e-01 -1.900000e-01  8.693745e-02
     vertex -2.986892e-01 -2.200000e-01  8.692475e-02
   endloop
 endfacet
 facet normal -5.562829e-01  1.202793e-05  8.309929e-01
   outer loop
     vertex -2.999657e-01  2.200000e-01  8.612003e-02
     vertex -3.012197e-01  2.200000e-01  8.528059e-02
     vertex -3.011976e-01  1.900000e-01  8.529579e-02
   endloop
 endfacet
 facet normal -5.558875e-01 -1.148120e-05  8.312575e-01
   outer loop
     vertex -2.999657e-01  2.200000e-01  8.612003e-02
     vertex -3.011976e-01  1.900000e-01  8.529579e-02
     vertex -2.999443e-01  1.900000e-01  8.613395e-02
   endloop
 endfacet
 facet normal -5.094965e-01  1.040481e-05  8.604727e-01
   outer loop
     vertex -2.973710e-01 -1.900000e-01  8.770566e-02
     vertex -2.986684e-01 -1.900000e-01  8.693745e-02
     vertex -2.973910e-01 -2.200000e-01  8.769415e-02
   endloop
 endfacet
 facet normal -4.860756e-01 -1.041334e-05  8.739167e-01
   outer loop
     vertex -2.960723e-01 -2.200000e-01  8.842765e-02
     vertex -2.973710e-01 -1.900000e-01  8.770566e-02
     vertex -2.973910e-01 -2.200000e-01  8.769415e-02
   endloop
 endfacet
 facet normal -5.332761e-01  1.149063e-05  8.459413e-01
   outer loop
     vertex -2.986892e-01  2.200000e-01  8.692475e-02
     vertex -2.999657e-01  2.200000e-01  8.612003e-02
     vertex -2.999443e-01  1.900000e-01  8.613395e-02
   endloop
 endfacet
 facet normal -5.328922e-01 -1.094346e-05  8.461831e-01
   outer loop
     vertex -2.986892e-01  2.200000e-01  8.692475e-02
     vertex -2.999443e-01  1.900000e-01  8.613395e-02
     vertex -2.986684e-01  1.900000e-01  8.693745e-02
   endloop
 endfacet
 facet normal -4.857178e-01  9.865274e-06  8.741157e-01
   outer loop
     vertex -2.960530e-01 -1.900000e-01  8.843803e-02
     vertex -2.973710e-01 -1.900000e-01  8.770566e-02
     vertex -2.960723e-01 -2.200000e-01  8.842765e-02
   endloop
 endfacet
 facet normal -4.619176e-01 -9.873354e-06  8.869228e-01
   outer loop
     vertex -2.947339e-01 -2.200000e-01  8.912469e-02
     vertex -2.960530e-01 -1.900000e-01  8.843803e-02
     vertex -2.960723e-01 -2.200000e-01  8.842765e-02
   endloop
 endfacet
 facet normal -5.098678e-01  1.095244e-05  8.602528e-01
   outer loop
     vertex -2.973910e-01  2.200000e-01  8.769415e-02
     vertex -2.986892e-01  2.200000e-01  8.692475e-02
     vertex -2.986684e-01  1.900000e-01  8.693745e-02
   endloop
 endfacet
 facet normal -5.094965e-01 -1.040481e-05  8.604727e-01
   outer loop
     vertex -2.973910e-01  2.200000e-01  8.769415e-02
     vertex -2.986684e-01  1.900000e-01  8.693745e-02
     vertex -2.973710e-01  1.900000e-01  8.770566e-02
   endloop
 endfacet
 facet normal -4.615741e-01  9.324835e-06  8.871017e-01
   outer loop
     vertex -2.947154e-01 -1.900000e-01  8.913399e-02
     vertex -2.960530e-01 -1.900000e-01  8.843803e-02
     vertex -2.947339e-01 -2.200000e-01  8.912469e-02
   endloop
 endfacet
 facet normal -4.374119e-01 -9.332466e-06  8.992613e-01
   outer loop
     vertex -2.933769e-01 -2.200000e-01  8.978475e-02
     vertex -2.947154e-01 -1.900000e-01  8.913399e-02
     vertex -2.947339e-01 -2.200000e-01  8.912469e-02
   endloop
 endfacet
 facet normal -4.860756e-01  1.041334e-05  8.739167e-01
   outer loop
     vertex -2.960723e-01  2.200000e-01  8.842765e-02
     vertex -2.973910e-01  2.200000e-01  8.769415e-02
     vertex -2.973710e-01  1.900000e-01  8.770566e-02
   endloop
 endfacet
 facet normal -4.857178e-01 -9.865274e-06  8.741157e-01
   outer loop
     vertex -2.960723e-01  2.200000e-01  8.842765e-02
     vertex -2.973710e-01  1.900000e-01  8.770566e-02
     vertex -2.960530e-01  1.900000e-01  8.843803e-02
   endloop
 endfacet
 facet normal -4.370835e-01  8.783498e-06  8.994209e-01
   outer loop
     vertex -2.933593e-01 -1.900000e-01  8.979302e-02
     vertex -2.947154e-01 -1.900000e-01  8.913399e-02
     vertex -2.933769e-01 -2.200000e-01  8.978475e-02
   endloop
 endfacet
 facet normal -4.125769e-01 -8.790681e-06  9.109228e-01
   outer loop
     vertex -2.920023e-01 -2.200000e-01  9.040733e-02
     vertex -2.933593e-01 -1.900000e-01  8.979302e-02
     vertex -2.933769e-01 -2.200000e-01  8.978475e-02
   endloop
 endfacet
 facet normal -4.619176e-01  9.873354e-06  8.869228e-01
   outer loop
     vertex -2.947339e-01  2.200000e-01  8.912469e-02
     vertex -2.960723e-01  2.200000e-01  8.842765e-02
     vertex -2.960530e-01  1.900000e-01  8.843803e-02
   endloop
 endfacet
 facet normal -4.615741e-01 -9.324835e-06  8.871017e-01
   outer loop
     vertex -2.947339e-01  2.200000e-01  8.912469e-02
     vertex -2.960530e-01  1.900000e-01  8.843803e-02
     vertex -2.947154e-01  1.900000e-01  8.913399e-02
   endloop
 endfacet
 facet normal -4.122644e-01  8.241263e-06  9.110643e-01
   outer loop
     vertex -2.919856e-01 -1.900000e-01  9.041463e-02
     vertex -2.933593e-01 -1.900000e-01  8.979302e-02
     vertex -2.920023e-01 -2.200000e-01  9.040733e-02
   endloop
 endfacet
 facet normal -3.874313e-01 -8.247997e-06  9.218986e-01
   outer loop
     vertex -2.906111e-01 -2.200000e-01  9.099197e-02
     vertex -2.919856e-01 -1.900000e-01  9.041463e-02
     vertex -2.920023e-01 -2.200000e-01  9.040733e-02
   endloop
 endfacet
 facet normal -4.370835e-01 -8.783498e-06  8.994209e-01
   outer loop
     vertex -2.933769e-01  2.200000e-01  8.978475e-02
     vertex -2.947154e-01  1.900000e-01  8.913399e-02
     vertex -2.933593e-01  1.900000e-01  8.979302e-02
   endloop
 endfacet
 facet normal -4.374119e-01  9.332466e-06  8.992613e-01
   outer loop
     vertex -2.933769e-01  2.200000e-01  8.978475e-02
     vertex -2.947339e-01  2.200000e-01  8.912469e-02
     vertex -2.947154e-01  1.900000e-01  8.913399e-02
   endloop
 endfacet
 facet normal -3.871354e-01  7.698130e-06  9.220229e-01
   outer loop
     vertex -2.905953e-01 -1.900000e-01  9.099835e-02
     vertex -2.919856e-01 -1.900000e-01  9.041463e-02
     vertex -2.906111e-01 -2.200000e-01  9.099197e-02
   endloop
 endfacet
 facet normal -3.619940e-01 -7.704415e-06  9.321804e-01
   outer loop
     vertex -2.892045e-01 -2.200000e-01  9.153823e-02
     vertex -2.905953e-01 -1.900000e-01  9.099835e-02
     vertex -2.906111e-01 -2.200000e-01  9.099197e-02
   endloop
 endfacet
 facet normal -4.122644e-01 -8.241263e-06  9.110643e-01
   outer loop
     vertex -2.920023e-01  2.200000e-01  9.040733e-02
     vertex -2.933593e-01  1.900000e-01  8.979302e-02
     vertex -2.919856e-01  1.900000e-01  9.041463e-02
   endloop
 endfacet
 facet normal -4.125769e-01  8.790681e-06  9.109228e-01
   outer loop
     vertex -2.920023e-01  2.200000e-01  9.040733e-02
     vertex -2.933769e-01  2.200000e-01  8.978475e-02
     vertex -2.933593e-01  1.900000e-01  8.979302e-02
   endloop
 endfacet
 facet normal -3.617155e-01  7.154100e-06  9.322885e-01
   outer loop
     vertex -2.891896e-01 -1.900000e-01  9.154375e-02
     vertex -2.905953e-01 -1.900000e-01  9.099835e-02
     vertex -2.892045e-01 -2.200000e-01  9.153823e-02
   endloop
 endfacet
 facet normal -3.362843e-01 -7.159936e-06  9.417605e-01
   outer loop
     vertex -2.877833e-01 -2.200000e-01  9.204568e-02
     vertex -2.891896e-01 -1.900000e-01  9.154375e-02
     vertex -2.892045e-01 -2.200000e-01  9.153823e-02
   endloop
 endfacet
 facet normal -3.874313e-01  8.247997e-06  9.218986e-01
   outer loop
     vertex -2.906111e-01  2.200000e-01  9.099197e-02
     vertex -2.920023e-01  2.200000e-01  9.040733e-02
     vertex -2.919856e-01  1.900000e-01  9.041463e-02
   endloop
 endfacet
 facet normal -3.871354e-01 -7.698130e-06  9.220229e-01
   outer loop
     vertex -2.906111e-01  2.200000e-01  9.099197e-02
     vertex -2.919856e-01  1.900000e-01  9.041463e-02
     vertex -2.905953e-01  1.900000e-01  9.099835e-02
   endloop
 endfacet
 facet normal -3.360238e-01  6.609172e-06  9.418535e-01
   outer loop
     vertex -2.877695e-01 -1.900000e-01  9.205040e-02
     vertex -2.891896e-01 -1.900000e-01  9.154375e-02
     vertex -2.877833e-01 -2.200000e-01  9.204568e-02
   endloop
 endfacet
 facet normal -3.103214e-01 -6.614559e-06  9.506317e-01
   outer loop
     vertex -2.863488e-01 -2.200000e-01  9.251396e-02
     vertex -2.877695e-01 -1.900000e-01  9.205040e-02
     vertex -2.877833e-01 -2.200000e-01  9.204568e-02
   endloop
 endfacet
 facet normal -3.617155e-01 -7.154100e-06  9.322885e-01
   outer loop
     vertex -2.892045e-01  2.200000e-01  9.153823e-02
     vertex -2.905953e-01  1.900000e-01  9.099835e-02
     vertex -2.891896e-01  1.900000e-01  9.154375e-02
   endloop
 endfacet
 facet normal -3.619940e-01  7.704415e-06  9.321804e-01
   outer loop
     vertex -2.892045e-01  2.200000e-01  9.153823e-02
     vertex -2.906111e-01  2.200000e-01  9.099197e-02
     vertex -2.905953e-01  1.900000e-01  9.099835e-02
   endloop
 endfacet
 facet normal -3.100795e-01  6.063346e-06  9.507106e-01
   outer loop
     vertex -2.863360e-01 -1.900000e-01  9.251794e-02
     vertex -2.877695e-01 -1.900000e-01  9.205040e-02
     vertex -2.863488e-01 -2.200000e-01  9.251396e-02
   endloop
 endfacet
 facet normal -2.841250e-01 -6.068284e-06  9.587873e-01
   outer loop
     vertex -2.849020e-01 -2.200000e-01  9.294271e-02
     vertex -2.863360e-01 -1.900000e-01  9.251794e-02
     vertex -2.863488e-01 -2.200000e-01  9.251396e-02
   endloop
 endfacet
 facet normal -3.362843e-01  7.159936e-06  9.417605e-01
   outer loop
     vertex -2.877833e-01  2.200000e-01  9.204568e-02
     vertex -2.892045e-01  2.200000e-01  9.153823e-02
     vertex -2.891896e-01  1.900000e-01  9.154375e-02
   endloop
 endfacet
 facet normal -3.360238e-01 -6.609172e-06  9.418535e-01
   outer loop
     vertex -2.877833e-01  2.200000e-01  9.204568e-02
     vertex -2.891896e-01  1.900000e-01  9.154375e-02
     vertex -2.877695e-01  1.900000e-01  9.205040e-02
   endloop
 endfacet
 facet normal -2.839022e-01  5.516622e-06  9.588533e-01
   outer loop
     vertex -2.848903e-01 -1.900000e-01  9.294601e-02
     vertex -2.863360e-01 -1.900000e-01  9.251794e-02
     vertex -2.849020e-01 -2.200000e-01  9.294271e-02
   endloop
 endfacet
 facet normal -2.577146e-01 -5.521111e-06  9.662211e-01
   outer loop
     vertex -2.834439e-01 -2.200000e-01  9.333161e-02
     vertex -2.848903e-01 -1.900000e-01  9.294601e-02
     vertex -2.849020e-01 -2.200000e-01  9.294271e-02
   endloop
 endfacet
 facet normal -3.103214e-01  6.614559e-06  9.506317e-01
   outer loop
     vertex -2.863488e-01  2.200000e-01  9.251396e-02
     vertex -2.877833e-01  2.200000e-01  9.204568e-02
     vertex -2.877695e-01  1.900000e-01  9.205040e-02
   endloop
 endfacet
 facet normal -3.100795e-01 -6.063346e-06  9.507106e-01
   outer loop
     vertex -2.863488e-01  2.200000e-01  9.251396e-02
     vertex -2.877695e-01  1.900000e-01  9.205040e-02
     vertex -2.863360e-01  1.900000e-01  9.251794e-02
   endloop
 endfacet
 facet normal -2.575115e-01  4.969000e-06  9.662752e-01
   outer loop
     vertex -2.834333e-01 -1.900000e-01  9.333428e-02
     vertex -2.848903e-01 -1.900000e-01  9.294601e-02
     vertex -2.834439e-01 -2.200000e-01  9.333161e-02
   endloop
 endfacet
 facet normal -2.311102e-01 -4.973040e-06  9.729276e-01
   outer loop
     vertex -2.819758e-01 -2.200000e-01  9.368036e-02
     vertex -2.834333e-01 -1.900000e-01  9.333428e-02
     vertex -2.834439e-01 -2.200000e-01  9.333161e-02
   endloop
 endfacet
 facet normal -2.841250e-01  6.068284e-06  9.587873e-01
   outer loop
     vertex -2.849020e-01  2.200000e-01  9.294271e-02
     vertex -2.863488e-01  2.200000e-01  9.251396e-02
     vertex -2.863360e-01  1.900000e-01  9.251794e-02
   endloop
 endfacet
 facet normal -2.839022e-01 -5.516622e-06  9.588533e-01
   outer loop
     vertex -2.849020e-01  2.200000e-01  9.294271e-02
     vertex -2.863360e-01  1.900000e-01  9.251794e-02
     vertex -2.848903e-01  1.900000e-01  9.294601e-02
   endloop
 endfacet
 facet normal -2.309272e-01  4.420480e-06  9.729710e-01
   outer loop
     vertex -2.819663e-01 -1.900000e-01  9.368247e-02
     vertex -2.834333e-01 -1.900000e-01  9.333428e-02
     vertex -2.819758e-01 -2.200000e-01  9.368036e-02
   endloop
 endfacet
 facet normal -2.043319e-01 -4.424072e-06  9.789017e-01
   outer loop
     vertex -2.804986e-01 -2.200000e-01  9.398870e-02
     vertex -2.819663e-01 -1.900000e-01  9.368247e-02
     vertex -2.819758e-01 -2.200000e-01  9.368036e-02
   endloop
 endfacet
 facet normal -2.577146e-01  5.521111e-06  9.662211e-01
   outer loop
     vertex -2.834439e-01  2.200000e-01  9.333161e-02
     vertex -2.849020e-01  2.200000e-01  9.294271e-02
     vertex -2.848903e-01  1.900000e-01  9.294601e-02
   endloop
 endfacet
 facet normal -2.575115e-01 -4.969000e-06  9.662752e-01
   outer loop
     vertex -2.834439e-01  2.200000e-01  9.333161e-02
     vertex -2.848903e-01  1.900000e-01  9.294601e-02
     vertex -2.834333e-01  1.900000e-01  9.333428e-02
   endloop
 endfacet
 facet normal -2.041694e-01  3.871063e-06  9.789356e-01
   outer loop
     vertex -2.804902e-01 -1.900000e-01  9.399032e-02
     vertex -2.819663e-01 -1.900000e-01  9.368247e-02
     vertex -2.804986e-01 -2.200000e-01  9.398870e-02
   endloop
 endfacet
 facet normal -1.773998e-01 -3.874205e-06  9.841389e-01
   outer loop
     vertex -2.790135e-01 -2.200000e-01  9.425639e-02
     vertex -2.804902e-01 -1.900000e-01  9.399032e-02
     vertex -2.804986e-01 -2.200000e-01  9.398870e-02
   endloop
 endfacet
 facet normal -2.311102e-01  4.973040e-06  9.729276e-01
   outer loop
     vertex -2.819758e-01  2.200000e-01  9.368036e-02
     vertex -2.834439e-01  2.200000e-01  9.333161e-02
     vertex -2.834333e-01  1.900000e-01  9.333428e-02
   endloop
 endfacet
 facet normal -2.309272e-01 -4.420480e-06  9.729710e-01
   outer loop
     vertex -2.819758e-01  2.200000e-01  9.368036e-02
     vertex -2.834333e-01  1.900000e-01  9.333428e-02
     vertex -2.819663e-01  1.900000e-01  9.368247e-02
   endloop
 endfacet
 facet normal -1.772582e-01  3.320747e-06  9.841644e-01
   outer loop
     vertex -2.790063e-01 -1.900000e-01  9.425759e-02
     vertex -2.804902e-01 -1.900000e-01  9.399032e-02
     vertex -2.790135e-01 -2.200000e-01  9.425639e-02
   endloop
 endfacet
 facet normal -1.503341e-01 -3.323441e-06  9.886353e-01
   outer loop
     vertex -2.775217e-01 -2.200000e-01  9.448325e-02
     vertex -2.790063e-01 -1.900000e-01  9.425759e-02
     vertex -2.790135e-01 -2.200000e-01  9.425639e-02
   endloop
 endfacet
 facet normal -2.043319e-01  4.424072e-06  9.789017e-01
   outer loop
     vertex -2.804986e-01  2.200000e-01  9.398870e-02
     vertex -2.819758e-01  2.200000e-01  9.368036e-02
     vertex -2.819663e-01  1.900000e-01  9.368247e-02
   endloop
 endfacet
 facet normal -2.041694e-01 -3.871063e-06  9.789356e-01
   outer loop
     vertex -2.804986e-01  2.200000e-01  9.398870e-02
     vertex -2.819663e-01  1.900000e-01  9.368247e-02
     vertex -2.804902e-01  1.900000e-01  9.399032e-02
   endloop
 endfacet
 facet normal -1.502138e-01  2.769534e-06  9.886535e-01
   outer loop
     vertex -2.775156e-01 -1.900000e-01  9.448408e-02
     vertex -2.790063e-01 -1.900000e-01  9.425759e-02
     vertex -2.775217e-01 -2.200000e-01  9.448325e-02
   endloop
 endfacet
 facet normal -1.231552e-01 -2.771779e-06  9.923874e-01
   outer loop
     vertex -2.760241e-01 -2.200000e-01  9.466909e-02
     vertex -2.775156e-01 -1.900000e-01  9.448408e-02
     vertex -2.775217e-01 -2.200000e-01  9.448325e-02
   endloop
 endfacet
 facet normal -1.773998e-01  3.874205e-06  9.841389e-01
   outer loop
     vertex -2.790135e-01  2.200000e-01  9.425639e-02
     vertex -2.804986e-01  2.200000e-01  9.398870e-02
     vertex -2.804902e-01  1.900000e-01  9.399032e-02
   endloop
 endfacet
 facet normal -1.772582e-01 -3.320747e-06  9.841644e-01
   outer loop
     vertex -2.790135e-01  2.200000e-01  9.425639e-02
     vertex -2.804902e-01  1.900000e-01  9.399032e-02
     vertex -2.790063e-01  1.900000e-01  9.425759e-02
   endloop
 endfacet
 facet normal -1.230564e-01  2.217423e-06  9.923997e-01
   outer loop
     vertex -2.760193e-01 -1.900000e-01  9.466963e-02
     vertex -2.775156e-01 -1.900000e-01  9.448408e-02
     vertex -2.760241e-01 -2.200000e-01  9.466909e-02
   endloop
 endfacet
 facet normal -9.588368e-02 -2.219219e-06  9.953925e-01
   outer loop
     vertex -2.745221e-01 -2.200000e-01  9.481378e-02
     vertex -2.760193e-01 -1.900000e-01  9.466963e-02
     vertex -2.760241e-01 -2.200000e-01  9.466909e-02
   endloop
 endfacet
 facet normal -1.503341e-01  3.323441e-06  9.886353e-01
   outer loop
     vertex -2.775217e-01  2.200000e-01  9.448325e-02
     vertex -2.790135e-01  2.200000e-01  9.425639e-02
     vertex -2.790063e-01  1.900000e-01  9.425759e-02
   endloop
 endfacet
 facet normal -1.502138e-01 -2.769534e-06  9.886535e-01
   outer loop
     vertex -2.775217e-01  2.200000e-01  9.448325e-02
     vertex -2.790063e-01  1.900000e-01  9.425759e-02
     vertex -2.775156e-01  1.900000e-01  9.448408e-02
   endloop
 endfacet
 facet normal -9.580658e-02  1.664414e-06  9.954000e-01
   outer loop
     vertex -2.745184e-01 -1.900000e-01  9.481408e-02
     vertex -2.760193e-01 -1.900000e-01  9.466963e-02
     vertex -2.745221e-01 -2.200000e-01  9.481378e-02
   endloop
 endfacet
 facet normal -6.853995e-02 -1.665761e-06  9.976484e-01
   outer loop
     vertex -2.730166e-01 -2.200000e-01  9.491721e-02
     vertex -2.745184e-01 -1.900000e-01  9.481408e-02
     vertex -2.745221e-01 -2.200000e-01  9.481378e-02
   endloop
 endfacet
 facet normal -1.230564e-01 -2.217423e-06  9.923997e-01
   outer loop
     vertex -2.760241e-01  2.200000e-01  9.466909e-02
     vertex -2.775156e-01  1.900000e-01  9.448408e-02
     vertex -2.760193e-01  1.900000e-01  9.466963e-02
   endloop
 endfacet
 facet normal -1.231552e-01  2.771779e-06  9.923874e-01
   outer loop
     vertex -2.760241e-01  2.200000e-01  9.466909e-02
     vertex -2.775217e-01  2.200000e-01  9.448325e-02
     vertex -2.775156e-01  1.900000e-01  9.448408e-02
   endloop
 endfacet
 facet normal -6.848475e-02  1.110507e-06  9.976522e-01
   outer loop
     vertex -2.730142e-01 -1.900000e-01  9.491734e-02
     vertex -2.745184e-01 -1.900000e-01  9.481408e-02
     vertex -2.730166e-01 -2.200000e-01  9.491721e-02
   endloop
 endfacet
 facet normal -4.114462e-02 -1.111405e-06  9.991532e-01
   outer loop
     vertex -2.715089e-01 -2.200000e-01  9.497930e-02
     vertex -2.730142e-01 -1.900000e-01  9.491734e-02
     vertex -2.730166e-01 -2.200000e-01  9.491721e-02
   endloop
 endfacet
 facet normal -9.580658e-02 -1.664414e-06  9.954000e-01
   outer loop
     vertex -2.745221e-01  2.200000e-01  9.481378e-02
     vertex -2.760193e-01  1.900000e-01  9.466963e-02
     vertex -2.745184e-01  1.900000e-01  9.481408e-02
   endloop
 endfacet
 facet normal -9.588368e-02  2.219219e-06  9.953925e-01
   outer loop
     vertex -2.745221e-01  2.200000e-01  9.481378e-02
     vertex -2.760241e-01  2.200000e-01  9.466909e-02
     vertex -2.760193e-01  1.900000e-01  9.466963e-02
   endloop
 endfacet
 facet normal -4.111145e-02  5.557025e-07  9.991546e-01
   outer loop
     vertex -2.715077e-01 -1.900000e-01  9.497933e-02
     vertex -2.730142e-01 -1.900000e-01  9.491734e-02
     vertex -2.715089e-01 -2.200000e-01  9.497930e-02
   endloop
 endfacet
 facet normal -1.371831e-02 -5.561514e-07  9.999059e-01
   outer loop
     vertex -2.700000e-01 -2.200000e-01  9.500000e-02
     vertex -2.715077e-01 -1.900000e-01  9.497933e-02
     vertex -2.715089e-01 -2.200000e-01  9.497930e-02
   endloop
 endfacet
 facet normal -6.848475e-02 -1.110507e-06  9.976522e-01
   outer loop
     vertex -2.730166e-01  2.200000e-01  9.491721e-02
     vertex -2.745184e-01  1.900000e-01  9.481408e-02
     vertex -2.730142e-01  1.900000e-01  9.491734e-02
   endloop
 endfacet
 facet normal -6.853995e-02  1.665761e-06  9.976484e-01
   outer loop
     vertex -2.730166e-01  2.200000e-01  9.491721e-02
     vertex -2.745221e-01  2.200000e-01  9.481378e-02
     vertex -2.745184e-01  1.900000e-01  9.481408e-02
   endloop
 endfacet
 facet normal -1.370725e-02  0.000000e+00  9.999061e-01
   outer loop
     vertex -2.700000e-01 -1.900000e-01  9.500000e-02
     vertex -2.715077e-01 -1.900000e-01  9.497933e-02
     vertex -2.700000e-01 -2.200000e-01  9.500000e-02
   endloop
 endfacet
 facet normal -4.114462e-02  1.111405e-06  9.991532e-01
   outer loop
     vertex -2.715089e-01  2.200000e-01  9.497930e-02
     vertex -2.730166e-01  2.200000e-01  9.491721e-02
     vertex -2.730142e-01  1.900000e-01  9.491734e-02
   endloop
 endfacet
 facet normal -4.111145e-02 -5.557025e-07  9.991546e-01
   outer loop
     vertex -2.715089e-01  2.200000e-01  9.497930e-02
     vertex -2.730142e-01  1.900000e-01  9.491734e-02
     vertex -2.715077e-01  1.900000e-01  9.497933e-02
   endloop
 endfacet
 facet normal -1.370725e-02  0.000000e+00  9.999061e-01
   outer loop
     vertex -2.700000e-01  2.200000e-01  9.500000e-02
     vertex -2.715077e-01  1.900000e-01  9.497933e-02
     vertex -2.700000e-01  1.900000e-01  9.500000e-02
   endloop
 endfacet
 facet normal -1.371831e-02  5.561514e-07  9.999059e-01
   outer loop
     vertex -2.700000e-01  2.200000e-01  9.500000e-02
     vertex -2.715089e-01  2.200000e-01  9.497930e-02
     vertex -2.715077e-01  1.900000e-01  9.497933e-02
   endloop
 endfacet
 facet normal -0.000000e+00  0.000000e+00 -1.000000e+00
   outer loop
     vertex  2.322508e-01  1.900000e-01  0.000000e+00
     vertex -2.322508e-01 -1.900000e-01  0.000000e+00
     vertex -2.322508e-01  1.900000e-01  0.000000e+00
   endloop
 endfacet
 facet normal  0.000000e+00 -0.000000e+00 -1.000000e+00
   outer loop
     vertex  2.322508e-01  1.900000e-01  0.000000e+00
     vertex  2.322508e-01 -1.900000e-01  0.000000e+00
     vertex -2.322508e-01 -1.900000e-01  0.000000e+00
   endloop
 endfacet
 facet normal  1.370725e-02  0.000000e+00  9.999061e-01
   outer loop
     vertex  2.715077e-01 -1.900000e-01  9.497933e-02
     vertex  2.700000e-01 -1.900000e-01  9.500000e-02
     vertex  2.700000e-01 -2.200000e-01  9.500000e-02
   endloop
 endfacet
 facet normal  1.371831e-02 -5.561514e-07  9.999059e-01
   outer loop
     vertex  2.715077e-01 -1.900000e-01  9.497933e-02
     vertex  2.700000e-01 -2.200000e-01  9.500000e-02
     vertex  2.715089e-01 -2.200000e-01  9.497930e-02
   endloop
 endfacet
 facet normal  4.114462e-02 -1.111405e-06  9.991532e-01
   outer loop
     vertex  2.730142e-01 -1.900000e-01  9.491734e-02
     vertex  2.715089e-01 -2.200000e-01  9.497930e-02
     vertex  2.730166e-01 -2.200000e-01  9.491721e-02
   endloop
 endfacet
 facet normal  4.111145e-02  5.557025e-07  9.991546e-01
   outer loop
     vertex  2.730142e-01 -1.900000e-01  9.491734e-02
     vertex  2.715077e-01 -1.900000e-01  9.497933e-02
     vertex  2.715089e-01 -2.200000e-01  9.497930e-02
   endloop
 endfacet
 facet normal  1.370725e-02  0.000000e+00  9.999061e-01
   outer loop
     vertex  2.715077e-01  1.900000e-01  9.497933e-02
     vertex  2.700000e-01  2.200000e-01  9.500000e-02
     vertex  2.700000e-01  1.900000e-01  9.500000e-02
   endloop
 endfacet
 facet normal  1.371831e-02  5.561514e-07  9.999059e-01
   outer loop
     vertex  2.715089e-01  2.200000e-01  9.497930e-02
     vertex  2.700000e-01  2.200000e-01  9.500000e-02
     vertex  2.715077e-01  1.900000e-01  9.497933e-02
   endloop
 endfacet
 facet normal  6.853995e-02 -1.665761e-06  9.976484e-01
   outer loop
     vertex  2.745184e-01 -1.900000e-01  9.481408e-02
     vertex  2.730166e-01 -2.200000e-01  9.491721e-02
     vertex  2.745221e-01 -2.200000e-01  9.481378e-02
   endloop
 endfacet
 facet normal  6.848475e-02  1.110507e-06  9.976522e-01
   outer loop
     vertex  2.745184e-01 -1.900000e-01  9.481408e-02
     vertex  2.730142e-01 -1.900000e-01  9.491734e-02
     vertex  2.730166e-01 -2.200000e-01  9.491721e-02
   endloop
 endfacet
 facet normal  4.111145e-02 -5.557025e-07  9.991546e-01
   outer loop
     vertex  2.730142e-01  1.900000e-01  9.491734e-02
     vertex  2.715089e-01  2.200000e-01  9.497930e-02
     vertex  2.715077e-01  1.900000e-01  9.497933e-02
   endloop
 endfacet
 facet normal  4.114462e-02  1.111405e-06  9.991532e-01
   outer loop
     vertex  2.730166e-01  2.200000e-01  9.491721e-02
     vertex  2.715089e-01  2.200000e-01  9.497930e-02
     vertex  2.730142e-01  1.900000e-01  9.491734e-02
   endloop
 endfacet
 facet normal  9.588368e-02 -2.219219e-06  9.953925e-01
   outer loop
     vertex  2.760193e-01 -1.900000e-01  9.466963e-02
     vertex  2.745221e-01 -2.200000e-01  9.481378e-02
     vertex  2.760241e-01 -2.200000e-01  9.466909e-02
   endloop
 endfacet
 facet normal  9.580658e-02  1.664414e-06  9.954000e-01
   outer loop
     vertex  2.760193e-01 -1.900000e-01  9.466963e-02
     vertex  2.745184e-01 -1.900000e-01  9.481408e-02
     vertex  2.745221e-01 -2.200000e-01  9.481378e-02
   endloop
 endfacet
 facet normal  6.848475e-02 -1.110507e-06  9.976522e-01
   outer loop
     vertex  2.745184e-01  1.900000e-01  9.481408e-02
     vertex  2.730166e-01  2.200000e-01  9.491721e-02
     vertex  2.730142e-01  1.900000e-01  9.491734e-02
   endloop
 endfacet
 facet normal  6.853995e-02  1.665761e-06  9.976484e-01
   outer loop
     vertex  2.745221e-01  2.200000e-01  9.481378e-02
     vertex  2.730166e-01  2.200000e-01  9.491721e-02
     vertex  2.745184e-01  1.900000e-01  9.481408e-02
   endloop
 endfacet
 facet normal  1.231552e-01 -2.771779e-06  9.923874e-01
   outer loop
     vertex  2.775156e-01 -1.900000e-01  9.448408e-02
     vertex  2.760241e-01 -2.200000e-01  9.466909e-02
     vertex  2.775217e-01 -2.200000e-01  9.448325e-02
   endloop
 endfacet
 facet normal  1.230564e-01  2.217423e-06  9.923997e-01
   outer loop
     vertex  2.775156e-01 -1.900000e-01  9.448408e-02
     vertex  2.760193e-01 -1.900000e-01  9.466963e-02
     vertex  2.760241e-01 -2.200000e-01  9.466909e-02
   endloop
 endfacet
 facet normal  9.580658e-02 -1.664414e-06  9.954000e-01
   outer loop
     vertex  2.760193e-01  1.900000e-01  9.466963e-02
     vertex  2.745221e-01  2.200000e-01  9.481378e-02
     vertex  2.745184e-01  1.900000e-01  9.481408e-02
   endloop
 endfacet
 facet normal  9.588368e-02  2.219219e-06  9.953925e-01
   outer loop
     vertex  2.760241e-01  2.200000e-01  9.466909e-02
     vertex  2.745221e-01  2.200000e-01  9.481378e-02
     vertex  2.760193e-01  1.900000e-01  9.466963e-02
   endloop
 endfacet
 facet normal  1.503341e-01 -3.323441e-06  9.886353e-01
   outer loop
     vertex  2.790063e-01 -1.900000e-01  9.425759e-02
     vertex  2.775217e-01 -2.200000e-01  9.448325e-02
     vertex  2.790135e-01 -2.200000e-01  9.425639e-02
   endloop
 endfacet
 facet normal  1.502138e-01  2.769534e-06  9.886535e-01
   outer loop
     vertex  2.790063e-01 -1.900000e-01  9.425759e-02
     vertex  2.775156e-01 -1.900000e-01  9.448408e-02
     vertex  2.775217e-01 -2.200000e-01  9.448325e-02
   endloop
 endfacet
 facet normal  1.230564e-01 -2.217423e-06  9.923997e-01
   outer loop
     vertex  2.775156e-01  1.900000e-01  9.448408e-02
     vertex  2.760241e-01  2.200000e-01  9.466909e-02
     vertex  2.760193e-01  1.900000e-01  9.466963e-02
   endloop
 endfacet
 facet normal  1.231552e-01  2.771779e-06  9.923874e-01
   outer loop
     vertex  2.775217e-01  2.200000e-01  9.448325e-02
     vertex  2.760241e-01  2.200000e-01  9.466909e-02
     vertex  2.775156e-01  1.900000e-01  9.448408e-02
   endloop
 endfacet
 facet normal  1.773998e-01 -3.874205e-06  9.841389e-01
   outer loop
     vertex  2.804902e-01 -1.900000e-01  9.399032e-02
     vertex  2.790135e-01 -2.200000e-01  9.425639e-02
     vertex  2.804986e-01 -2.200000e-01  9.398870e-02
   endloop
 endfacet
 facet normal  1.772582e-01  3.320747e-06  9.841644e-01
   outer loop
     vertex  2.804902e-01 -1.900000e-01  9.399032e-02
     vertex  2.790063e-01 -1.900000e-01  9.425759e-02
     vertex  2.790135e-01 -2.200000e-01  9.425639e-02
   endloop
 endfacet
 facet normal  1.502138e-01 -2.769534e-06  9.886535e-01
   outer loop
     vertex  2.790063e-01  1.900000e-01  9.425759e-02
     vertex  2.775217e-01  2.200000e-01  9.448325e-02
     vertex  2.775156e-01  1.900000e-01  9.448408e-02
   endloop
 endfacet
 facet normal  1.503341e-01  3.323441e-06  9.886353e-01
   outer loop
     vertex  2.790135e-01  2.200000e-01  9.425639e-02
     vertex  2.775217e-01  2.200000e-01  9.448325e-02
     vertex  2.790063e-01  1.900000e-01  9.425759e-02
   endloop
 endfacet
 facet normal  2.043319e-01 -4.424072e-06  9.789017e-01
   outer loop
     vertex  2.819663e-01 -1.900000e-01  9.368247e-02
     vertex  2.804986e-01 -2.200000e-01  9.398870e-02
     vertex  2.819758e-01 -2.200000e-01  9.368036e-02
   endloop
 endfacet
 facet normal  2.041694e-01  3.871063e-06  9.789356e-01
   outer loop
     vertex  2.819663e-01 -1.900000e-01  9.368247e-02
     vertex  2.804902e-01 -1.900000e-01  9.399032e-02
     vertex  2.804986e-01 -2.200000e-01  9.398870e-02
   endloop
 endfacet
 facet normal  1.772582e-01 -3.320747e-06  9.841644e-01
   outer loop
     vertex  2.804902e-01  1.900000e-01  9.399032e-02
     vertex  2.790135e-01  2.200000e-01  9.425639e-02
     vertex  2.790063e-01  1.900000e-01  9.425759e-02
   endloop
 endfacet
 facet normal  1.773998e-01  3.874205e-06  9.841389e-01
   outer loop
     vertex  2.804986e-01  2.200000e-01  9.398870e-02
     vertex  2.790135e-01  2.200000e-01  9.425639e-02
     vertex  2.804902e-01  1.900000e-01  9.399032e-02
   endloop
 endfacet
 facet normal  2.311102e-01 -4.973040e-06  9.729276e-01
   outer loop
     vertex  2.834333e-01 -1.900000e-01  9.333428e-02
     vertex  2.819758e-01 -2.200000e-01  9.368036e-02
     vertex  2.834439e-01 -2.200000e-01  9.333161e-02
   endloop
 endfacet
 facet normal  2.309272e-01  4.420480e-06  9.729710e-01
   outer loop
     vertex  2.834333e-01 -1.900000e-01  9.333428e-02
     vertex  2.819663e-01 -1.900000e-01  9.368247e-02
     vertex  2.819758e-01 -2.200000e-01  9.368036e-02
   endloop
 endfacet
 facet normal  2.041694e-01 -3.871063e-06  9.789356e-01
   outer loop
     vertex  2.819663e-01  1.900000e-01  9.368247e-02
     vertex  2.804986e-01  2.200000e-01  9.398870e-02
     vertex  2.804902e-01  1.900000e-01  9.399032e-02
   endloop
 endfacet
 facet normal  2.043319e-01  4.424072e-06  9.789017e-01
   outer loop
     vertex  2.819758e-01  2.200000e-01  9.368036e-02
     vertex  2.804986e-01  2.200000e-01  9.398870e-02
     vertex  2.819663e-01  1.900000e-01  9.368247e-02
   endloop
 endfacet
 facet normal  2.577146e-01 -5.521111e-06  9.662211e-01
   outer loop
     vertex  2.848903e-01 -1.900000e-01  9.294601e-02
     vertex  2.834439e-01 -2.200000e-01  9.333161e-02
     vertex  2.849020e-01 -2.200000e-01  9.294271e-02
   endloop
 endfacet
 facet normal  2.575115e-01  4.969000e-06  9.662752e-01
   outer loop
     vertex  2.848903e-01 -1.900000e-01  9.294601e-02
     vertex  2.834333e-01 -1.900000e-01  9.333428e-02
     vertex  2.834439e-01 -2.200000e-01  9.333161e-02
   endloop
 endfacet
 facet normal  2.309272e-01 -4.420480e-06  9.729710e-01
   outer loop
     vertex  2.834333e-01  1.900000e-01  9.333428e-02
     vertex  2.819758e-01  2.200000e-01  9.368036e-02
     vertex  2.819663e-01  1.900000e-01  9.368247e-02
   endloop
 endfacet
 facet normal  2.311102e-01  4.973040e-06  9.729276e-01
   outer loop
     vertex  2.834439e-01  2.200000e-01  9.333161e-02
     vertex  2.819758e-01  2.200000e-01  9.368036e-02
     vertex  2.834333e-01  1.900000e-01  9.333428e-02
   endloop
 endfacet
 facet normal  2.841250e-01 -6.068284e-06  9.587873e-01
   outer loop
     vertex  2.863360e-01 -1.900000e-01  9.251794e-02
     vertex  2.849020e-01 -2.200000e-01  9.294271e-02
     vertex  2.863488e-01 -2.200000e-01  9.251396e-02
   endloop
 endfacet
 facet normal  2.839022e-01  5.516622e-06  9.588533e-01
   outer loop
     vertex  2.863360e-01 -1.900000e-01  9.251794e-02
     vertex  2.848903e-01 -1.900000e-01  9.294601e-02
     vertex  2.849020e-01 -2.200000e-01  9.294271e-02
   endloop
 endfacet
 facet normal  2.575115e-01 -4.969000e-06  9.662752e-01
   outer loop
     vertex  2.848903e-01  1.900000e-01  9.294601e-02
     vertex  2.834439e-01  2.200000e-01  9.333161e-02
     vertex  2.834333e-01  1.900000e-01  9.333428e-02
   endloop
 endfacet
 facet normal  2.577146e-01  5.521111e-06  9.662211e-01
   outer loop
     vertex  2.849020e-01  2.200000e-01  9.294271e-02
     vertex  2.834439e-01  2.200000e-01  9.333161e-02
     vertex  2.848903e-01  1.900000e-01  9.294601e-02
   endloop
 endfacet
 facet normal  3.103214e-01 -6.614559e-06  9.506317e-01
   outer loop
     vertex  2.877695e-01 -1.900000e-01  9.205040e-02
     vertex  2.863488e-01 -2.200000e-01  9.251396e-02
     vertex  2.877833e-01 -2.200000e-01  9.204568e-02
   endloop
 endfacet
 facet normal  3.100795e-01  6.063346e-06  9.507106e-01
   outer loop
     vertex  2.877695e-01 -1.900000e-01  9.205040e-02
     vertex  2.863360e-01 -1.900000e-01  9.251794e-02
     vertex  2.863488e-01 -2.200000e-01  9.251396e-02
   endloop
 endfacet
 facet normal  2.839022e-01 -5.516622e-06  9.588533e-01
   outer loop
     vertex  2.863360e-01  1.900000e-01  9.251794e-02
     vertex  2.849020e-01  2.200000e-01  9.294271e-02
     vertex  2.848903e-01  1.900000e-01  9.294601e-02
   endloop
 endfacet
 facet normal  2.841250e-01  6.068284e-06  9.587873e-01
   outer loop
     vertex  2.863488e-01  2.200000e-01  9.251396e-02
     vertex  2.849020e-01  2.200000e-01  9.294271e-02
     vertex  2.863360e-01  1.900000e-01  9.251794e-02
   endloop
 endfacet
 facet normal  3.360238e-01  6.609172e-06  9.418535e-01
   outer loop
     vertex  2.891896e-01 -1.900000e-01  9.154375e-02
     vertex  2.877695e-01 -1.900000e-01  9.205040e-02
     vertex  2.877833e-01 -2.200000e-01  9.204568e-02
   endloop
 endfacet
 facet normal  3.362843e-01 -7.159936e-06  9.417605e-01
   outer loop
     vertex  2.891896e-01 -1.900000e-01  9.154375e-02
     vertex  2.877833e-01 -2.200000e-01  9.204568e-02
     vertex  2.892045e-01 -2.200000e-01  9.153823e-02
   endloop
 endfacet
 facet normal  3.100795e-01 -6.063346e-06  9.507106e-01
   outer loop
     vertex  2.877695e-01  1.900000e-01  9.205040e-02
     vertex  2.863488e-01  2.200000e-01  9.251396e-02
     vertex  2.863360e-01  1.900000e-01  9.251794e-02
   endloop
 endfacet
 facet normal  3.103214e-01  6.614559e-06  9.506317e-01
   outer loop
     vertex  2.877833e-01  2.200000e-01  9.204568e-02
     vertex  2.863488e-01  2.200000e-01  9.251396e-02
     vertex  2.877695e-01  1.900000e-01  9.205040e-02
   endloop
 endfacet
 facet normal  3.617155e-01  7.154100e-06  9.322885e-01
   outer loop
     vertex  2.905953e-01 -1.900000e-01  9.099835e-02
     vertex  2.891896e-01 -1.900000e-01  9.154375e-02
     vertex  2.892045e-01 -2.200000e-01  9.153823e-02
   endloop
 endfacet
 facet normal  3.619940e-01 -7.704415e-06  9.321804e-01
   outer loop
     vertex  2.905953e-01 -1.900000e-01  9.099835e-02
     vertex  2.892045e-01 -2.200000e-01  9.153823e-02
     vertex  2.906111e-01 -2.200000e-01  9.099197e-02
   endloop
 endfacet
 facet normal  3.360238e-01 -6.609172e-06  9.418535e-01
   outer loop
     vertex  2.891896e-01  1.900000e-01  9.154375e-02
     vertex  2.877833e-01  2.200000e-01  9.204568e-02
     vertex  2.877695e-01  1.900000e-01  9.205040e-02
   endloop
 endfacet
 facet normal  3.362843e-01  7.159936e-06  9.417605e-01
   outer loop
     vertex  2.892045e-01  2.200000e-01  9.153823e-02
     vertex  2.877833e-01  2.200000e-01  9.204568e-02
     vertex  2.891896e-01  1.900000e-01  9.154375e-02
   endloop
 endfacet
 facet normal  3.874313e-01 -8.247997e-06  9.218986e-01
   outer loop
     vertex  2.919856e-01 -1.900000e-01  9.041463e-02
     vertex  2.906111e-01 -2.200000e-01  9.099197e-02
     vertex  2.920023e-01 -2.200000e-01  9.040733e-02
   endloop
 endfacet
 facet normal  3.871354e-01  7.698130e-06  9.220229e-01
   outer loop
     vertex  2.919856e-01 -1.900000e-01  9.041463e-02
     vertex  2.905953e-01 -1.900000e-01  9.099835e-02
     vertex  2.906111e-01 -2.200000e-01  9.099197e-02
   endloop
 endfacet
 facet normal  3.617155e-01 -7.154100e-06  9.322885e-01
   outer loop
     vertex  2.905953e-01  1.900000e-01  9.099835e-02
     vertex  2.892045e-01  2.200000e-01  9.153823e-02
     vertex  2.891896e-01  1.900000e-01  9.154375e-02
   endloop
 endfacet
 facet normal  3.619940e-01  7.704415e-06  9.321804e-01
   outer loop
     vertex  2.906111e-01  2.200000e-01  9.099197e-02
     vertex  2.892045e-01  2.200000e-01  9.153823e-02
     vertex  2.905953e-01  1.900000e-01  9.099835e-02
   endloop
 endfacet
 facet normal  4.125769e-01 -8.790681e-06  9.109228e-01
   outer loop
     vertex  2.933593e-01 -1.900000e-01  8.979302e-02
     vertex  2.920023e-01 -2.200000e-01  9.040733e-02
     vertex  2.933769e-01 -2.200000e-01  8.978475e-02
   endloop
 endfacet
 facet normal  4.122644e-01  8.241263e-06  9.110643e-01
   outer loop
     vertex  2.933593e-01 -1.900000e-01  8.979302e-02
     vertex  2.919856e-01 -1.900000e-01  9.041463e-02
     vertex  2.920023e-01 -2.200000e-01  9.040733e-02
   endloop
 endfacet
 facet normal  3.871354e-01 -7.698130e-06  9.220229e-01
   outer loop
     vertex  2.919856e-01  1.900000e-01  9.041463e-02
     vertex  2.906111e-01  2.200000e-01  9.099197e-02
     vertex  2.905953e-01  1.900000e-01  9.099835e-02
   endloop
 endfacet
 facet normal  3.874313e-01  8.247997e-06  9.218986e-01
   outer loop
     vertex  2.920023e-01  2.200000e-01  9.040733e-02
     vertex  2.906111e-01  2.200000e-01  9.099197e-02
     vertex  2.919856e-01  1.900000e-01  9.041463e-02
   endloop
 endfacet
 facet normal  4.374119e-01 -9.332466e-06  8.992613e-01
   outer loop
     vertex  2.947154e-01 -1.900000e-01  8.913399e-02
     vertex  2.933769e-01 -2.200000e-01  8.978475e-02
     vertex  2.947339e-01 -2.200000e-01  8.912469e-02
   endloop
 endfacet
 facet normal  4.370835e-01  8.783498e-06  8.994209e-01
   outer loop
     vertex  2.947154e-01 -1.900000e-01  8.913399e-02
     vertex  2.933593e-01 -1.900000e-01  8.979302e-02
     vertex  2.933769e-01 -2.200000e-01  8.978475e-02
   endloop
 endfacet
 facet normal  4.122644e-01 -8.241263e-06  9.110643e-01
   outer loop
     vertex  2.933593e-01  1.900000e-01  8.979302e-02
     vertex  2.920023e-01  2.200000e-01  9.040733e-02
     vertex  2.919856e-01  1.900000e-01  9.041463e-02
   endloop
 endfacet
 facet normal  4.125769e-01  8.790681e-06  9.109228e-01
   outer loop
     vertex  2.933769e-01  2.200000e-01  8.978475e-02
     vertex  2.920023e-01  2.200000e-01  9.040733e-02
     vertex  2.933593e-01  1.900000e-01  8.979302e-02
   endloop
 endfacet
 facet normal  4.619176e-01 -9.873354e-06  8.869228e-01
   outer loop
     vertex  2.960530e-01 -1.900000e-01  8.843803e-02
     vertex  2.947339e-01 -2.200000e-01  8.912469e-02
     vertex  2.960723e-01 -2.200000e-01  8.842765e-02
   endloop
 endfacet
 facet normal  4.615741e-01  9.324835e-06  8.871017e-01
   outer loop
     vertex  2.960530e-01 -1.900000e-01  8.843803e-02
     vertex  2.947154e-01 -1.900000e-01  8.913399e-02
     vertex  2.947339e-01 -2.200000e-01  8.912469e-02
   endloop
 endfacet
 facet normal  4.370835e-01 -8.783498e-06  8.994209e-01
   outer loop
     vertex  2.947154e-01  1.900000e-01  8.913399e-02
     vertex  2.933769e-01  2.200000e-01  8.978475e-02
     vertex  2.933593e-01  1.900000e-01  8.979302e-02
   endloop
 endfacet
 facet normal  4.374119e-01  9.332466e-06  8.992613e-01
   outer loop
     vertex  2.947339e-01  2.200000e-01  8.912469e-02
     vertex  2.933769e-01  2.200000e-01  8.978475e-02
     vertex  2.947154e-01  1.900000e-01  8.913399e-02
   endloop
 endfacet
 facet normal  4.860756e-01 -1.041334e-05  8.739167e-01
   outer loop
     vertex  2.973710e-01 -1.900000e-01  8.770566e-02
     vertex  2.960723e-01 -2.200000e-01  8.842765e-02
     vertex  2.973910e-01 -2.200000e-01  8.769415e-02
   endloop
 endfacet
 facet normal  4.857178e-01  9.865274e-06  8.741157e-01
   outer loop
     vertex  2.973710e-01 -1.900000e-01  8.770566e-02
     vertex  2.960530e-01 -1.900000e-01  8.843803e-02
     vertex  2.960723e-01 -2.200000e-01  8.842765e-02
   endloop
 endfacet
 facet normal  4.615741e-01 -9.324835e-06  8.871017e-01
   outer loop
     vertex  2.960530e-01  1.900000e-01  8.843803e-02
     vertex  2.947339e-01  2.200000e-01  8.912469e-02
     vertex  2.947154e-01  1.900000e-01  8.913399e-02
   endloop
 endfacet
 facet normal  4.619176e-01  9.873354e-06  8.869228e-01
   outer loop
     vertex  2.960723e-01  2.200000e-01  8.842765e-02
     vertex  2.947339e-01  2.200000e-01  8.912469e-02
     vertex  2.960530e-01  1.900000e-01  8.843803e-02
   endloop
 endfacet
 facet normal  5.098678e-01 -1.095244e-05  8.602528e-01
   outer loop
     vertex  2.986684e-01 -1.900000e-01  8.693745e-02
     vertex  2.973910e-01 -2.200000e-01  8.769415e-02
     vertex  2.986892e-01 -2.200000e-01  8.692475e-02
   endloop
 endfacet
 facet normal  5.094965e-01  1.040481e-05  8.604727e-01
   outer loop
     vertex  2.986684e-01 -1.900000e-01  8.693745e-02
     vertex  2.973710e-01 -1.900000e-01  8.770566e-02
     vertex  2.973910e-01 -2.200000e-01  8.769415e-02
   endloop
 endfacet
 facet normal  4.857178e-01 -9.865274e-06  8.741157e-01
   outer loop
     vertex  2.973710e-01  1.900000e-01  8.770566e-02
     vertex  2.960723e-01  2.200000e-01  8.842765e-02
     vertex  2.960530e-01  1.900000e-01  8.843803e-02
   endloop
 endfacet
 facet normal  4.860756e-01  1.041334e-05  8.739167e-01
   outer loop
     vertex  2.973910e-01  2.200000e-01  8.769415e-02
     vertex  2.960723e-01  2.200000e-01  8.842765e-02
     vertex  2.973710e-01  1.900000e-01  8.770566e-02
   endloop
 endfacet
 facet normal  5.332761e-01 -1.149063e-05  8.459413e-01
   outer loop
     vertex  2.999443e-01 -1.900000e-01  8.613395e-02
     vertex  2.986892e-01 -2.200000e-01  8.692475e-02
     vertex  2.999657e-01 -2.200000e-01  8.612003e-02
   endloop
 endfacet
 facet normal  5.328922e-01  1.094346e-05  8.461831e-01
   outer loop
     vertex  2.999443e-01 -1.900000e-01  8.613395e-02
     vertex  2.986684e-01 -1.900000e-01  8.693745e-02
     vertex  2.986892e-01 -2.200000e-01  8.692475e-02
   endloop
 endfacet
 facet normal  5.094965e-01 -1.040481e-05  8.604727e-01
   outer loop
     vertex  2.986684e-01  1.900000e-01  8.693745e-02
     vertex  2.973910e-01  2.200000e-01  8.769415e-02
     vertex  2.973710e-01  1.900000e-01  8.770566e-02
   endloop
 endfacet
 facet normal  5.098678e-01  1.095244e-05  8.602528e-01
   outer loop
     vertex  2.986892e-01  2.200000e-01  8.692475e-02
     vertex  2.973910e-01  2.200000e-01  8.769415e-02
     vertex  2.986684e-01  1.900000e-01  8.693745e-02
   endloop
 endfacet
 facet normal  5.562829e-01 -1.202793e-05  8.309929e-01
   outer loop
     vertex  3.011976e-01 -1.900000e-01  8.529579e-02
     vertex  2.999657e-01 -2.200000e-01  8.612003e-02
     vertex  3.012197e-01 -2.200000e-01  8.528059e-02
   endloop
 endfacet
 facet normal  5.558875e-01  1.148120e-05  8.312575e-01
   outer loop
     vertex  3.011976e-01 -1.900000e-01  8.529579e-02
     vertex  2.999443e-01 -1.900000e-01  8.613395e-02
     vertex  2.999657e-01 -2.200000e-01  8.612003e-02
   endloop
 endfacet
 facet normal  5.328922e-01 -1.094346e-05  8.461831e-01
   outer loop
     vertex  2.999443e-01  1.900000e-01  8.613395e-02
     vertex  2.986892e-01  2.200000e-01  8.692475e-02
     vertex  2.986684e-01  1.900000e-01  8.693745e-02
   endloop
 endfacet
 facet normal  5.332761e-01  1.149063e-05  8.459413e-01
   outer loop
     vertex  2.999657e-01  2.200000e-01  8.612003e-02
     vertex  2.986892e-01  2.200000e-01  8.692475e-02
     vertex  2.999443e-01  1.900000e-01  8.613395e-02
   endloop
 endfacet
 facet normal  5.788711e-01 -1.256433e-05  8.154191e-01
   outer loop
     vertex  3.024275e-01 -1.900000e-01  8.442358e-02
     vertex  3.012197e-01 -2.200000e-01  8.528059e-02
     vertex  3.024502e-01 -2.200000e-01  8.440707e-02
   endloop
 endfacet
 facet normal  5.784650e-01  1.201805e-05  8.157072e-01
   outer loop
     vertex  3.024275e-01 -1.900000e-01  8.442358e-02
     vertex  3.011976e-01 -1.900000e-01  8.529579e-02
     vertex  3.012197e-01 -2.200000e-01  8.528059e-02
   endloop
 endfacet
 facet normal  5.558875e-01 -1.148120e-05  8.312575e-01
   outer loop
     vertex  3.011976e-01  1.900000e-01  8.529579e-02
     vertex  2.999657e-01  2.200000e-01  8.612003e-02
     vertex  2.999443e-01  1.900000e-01  8.613395e-02
   endloop
 endfacet
 facet normal  5.562829e-01  1.202793e-05  8.309929e-01
   outer loop
     vertex  3.012197e-01  2.200000e-01  8.528059e-02
     vertex  2.999657e-01  2.200000e-01  8.612003e-02
     vertex  3.011976e-01  1.900000e-01  8.529579e-02
   endloop
 endfacet
 facet normal  6.010234e-01 -1.309983e-05  7.992314e-01
   outer loop
     vertex  3.036331e-01 -1.900000e-01  8.351798e-02
     vertex  3.024502e-01 -2.200000e-01  8.440707e-02
     vertex  3.036562e-01 -2.200000e-01  8.350011e-02
   endloop
 endfacet
 facet normal  6.006077e-01  1.255400e-05  7.995439e-01
   outer loop
     vertex  3.036331e-01 -1.900000e-01  8.351798e-02
     vertex  3.024275e-01 -1.900000e-01  8.442358e-02
     vertex  3.024502e-01 -2.200000e-01  8.440707e-02
   endloop
 endfacet
 facet normal  5.784650e-01 -1.201805e-05  8.157072e-01
   outer loop
     vertex  3.024275e-01  1.900000e-01  8.442358e-02
     vertex  3.012197e-01  2.200000e-01  8.528059e-02
     vertex  3.011976e-01  1.900000e-01  8.529579e-02
   endloop
 endfacet
 facet normal  5.788711e-01  1.256433e-05  8.154191e-01
   outer loop
     vertex  3.024502e-01  2.200000e-01  8.440707e-02
     vertex  3.012197e-01  2.200000e-01  8.528059e-02
     vertex  3.024275e-01  1.900000e-01  8.442358e-02
   endloop
 endfacet
 facet normal  6.227234e-01 -1.363443e-05  7.824421e-01
   outer loop
     vertex  3.048134e-01 -1.900000e-01  8.257968e-02
     vertex  3.036562e-01 -2.200000e-01  8.350011e-02
     vertex  3.048369e-01 -2.200000e-01  8.256042e-02
   endloop
 endfacet
 facet normal  6.222990e-01  1.308905e-05  7.827796e-01
   outer loop
     vertex  3.048134e-01 -1.900000e-01  8.257968e-02
     vertex  3.036331e-01 -1.900000e-01  8.351798e-02
     vertex  3.036562e-01 -2.200000e-01  8.350011e-02
   endloop
 endfacet
 facet normal  6.006077e-01 -1.255400e-05  7.995439e-01
   outer loop
     vertex  3.036331e-01  1.900000e-01  8.351798e-02
     vertex  3.024502e-01  2.200000e-01  8.440707e-02
     vertex  3.024275e-01  1.900000e-01  8.442358e-02
   endloop
 endfacet
 facet normal  6.010234e-01  1.309983e-05  7.992314e-01
   outer loop
     vertex  3.036562e-01  2.200000e-01  8.350011e-02
     vertex  3.024502e-01  2.200000e-01  8.440707e-02
     vertex  3.036331e-01  1.900000e-01  8.351798e-02
   endloop
 endfacet
 facet normal  6.435227e-01  1.362321e-05  7.654270e-01
   outer loop
     vertex  3.059675e-01 -1.900000e-01  8.160938e-02
     vertex  3.048134e-01 -1.900000e-01  8.257968e-02
     vertex  3.048369e-01 -2.200000e-01  8.256042e-02
   endloop
 endfacet
 facet normal  6.439545e-01 -1.416814e-05  7.650637e-01
   outer loop
     vertex  3.059675e-01 -1.900000e-01  8.160938e-02
     vertex  3.048369e-01 -2.200000e-01  8.256042e-02
     vertex  3.059914e-01 -2.200000e-01  8.158868e-02
   endloop
 endfacet
 facet normal  6.222990e-01 -1.308905e-05  7.827796e-01
   outer loop
     vertex  3.048134e-01  1.900000e-01  8.257968e-02
     vertex  3.036562e-01  2.200000e-01  8.350011e-02
     vertex  3.036331e-01  1.900000e-01  8.351798e-02
   endloop
 endfacet
 facet normal  6.227234e-01  1.363443e-05  7.824421e-01
   outer loop
     vertex  3.048369e-01  2.200000e-01  8.256042e-02
     vertex  3.036562e-01  2.200000e-01  8.350011e-02
     vertex  3.048134e-01  1.900000e-01  8.257968e-02
   endloop
 endfacet
 facet normal  6.642627e-01  1.415646e-05  7.474992e-01
   outer loop
     vertex  3.070946e-01 -1.900000e-01  8.060781e-02
     vertex  3.059675e-01 -1.900000e-01  8.160938e-02
     vertex  3.059914e-01 -2.200000e-01  8.158868e-02
   endloop
 endfacet
 facet normal  6.647010e-01 -1.470094e-05  7.471095e-01
   outer loop
     vertex  3.070946e-01 -1.900000e-01  8.060781e-02
     vertex  3.059914e-01 -2.200000e-01  8.158868e-02
     vertex  3.071188e-01 -2.200000e-01  8.058563e-02
   endloop
 endfacet
 facet normal  6.435227e-01 -1.362321e-05  7.654270e-01
   outer loop
     vertex  3.059675e-01  1.900000e-01  8.160938e-02
     vertex  3.048369e-01  2.200000e-01  8.256042e-02
     vertex  3.048134e-01  1.900000e-01  8.257968e-02
   endloop
 endfacet
 facet normal  6.439545e-01  1.416814e-05  7.650637e-01
   outer loop
     vertex  3.059914e-01  2.200000e-01  8.158868e-02
     vertex  3.048369e-01  2.200000e-01  8.256042e-02
     vertex  3.059675e-01  1.900000e-01  8.160938e-02
   endloop
 endfacet
 facet normal  6.845035e-01  1.468882e-05  7.290096e-01
   outer loop
     vertex  3.081938e-01 -1.900000e-01  7.957571e-02
     vertex  3.070946e-01 -1.900000e-01  8.060781e-02
     vertex  3.071188e-01 -2.200000e-01  8.058563e-02
   endloop
 endfacet
 facet normal  6.849470e-01 -1.523285e-05  7.285929e-01
   outer loop
     vertex  3.081938e-01 -1.900000e-01  7.957571e-02
     vertex  3.071188e-01 -2.200000e-01  8.058563e-02
     vertex  3.082183e-01 -2.200000e-01  7.955204e-02
   endloop
 endfacet
 facet normal  6.642627e-01 -1.415646e-05  7.474992e-01
   outer loop
     vertex  3.070946e-01  1.900000e-01  8.060781e-02
     vertex  3.059914e-01  2.200000e-01  8.158868e-02
     vertex  3.059675e-01  1.900000e-01  8.160938e-02
   endloop
 endfacet
 facet normal  6.647010e-01  1.470094e-05  7.471095e-01
   outer loop
     vertex  3.071188e-01  2.200000e-01  8.058563e-02
     vertex  3.059914e-01  2.200000e-01  8.158868e-02
     vertex  3.070946e-01  1.900000e-01  8.060781e-02
   endloop
 endfacet
 facet normal  7.042298e-01  1.522028e-05  7.099721e-01
   outer loop
     vertex  3.092642e-01 -1.900000e-01  7.851388e-02
     vertex  3.081938e-01 -1.900000e-01  7.957571e-02
     vertex  3.082183e-01 -2.200000e-01  7.955204e-02
   endloop
 endfacet
 facet normal  7.046775e-01 -1.576386e-05  7.095278e-01
   outer loop
     vertex  3.092642e-01 -1.900000e-01  7.851388e-02
     vertex  3.082183e-01 -2.200000e-01  7.955204e-02
     vertex  3.092890e-01 -2.200000e-01  7.848867e-02
   endloop
 endfacet
 facet normal  6.845035e-01 -1.468882e-05  7.290096e-01
   outer loop
     vertex  3.081938e-01  1.900000e-01  7.957571e-02
     vertex  3.071188e-01  2.200000e-01  8.058563e-02
     vertex  3.070946e-01  1.900000e-01  8.060781e-02
   endloop
 endfacet
 facet normal  6.849470e-01  1.523285e-05  7.285929e-01
   outer loop
     vertex  3.082183e-01  2.200000e-01  7.955204e-02
     vertex  3.071188e-01  2.200000e-01  8.058563e-02
     vertex  3.081938e-01  1.900000e-01  7.957571e-02
   endloop
 endfacet
 facet normal  7.234269e-01  1.575084e-05  6.904010e-01
   outer loop
     vertex  3.103052e-01 -1.900000e-01  7.742310e-02
     vertex  3.092642e-01 -1.900000e-01  7.851388e-02
     vertex  3.092890e-01 -2.200000e-01  7.848867e-02
   endloop
 endfacet
 facet normal  7.238775e-01 -1.629398e-05  6.899286e-01
   outer loop
     vertex  3.103052e-01 -1.900000e-01  7.742310e-02
     vertex  3.092890e-01 -2.200000e-01  7.848867e-02
     vertex  3.103301e-01 -2.200000e-01  7.739633e-02
   endloop
 endfacet
 facet normal  7.042298e-01 -1.522028e-05  7.099721e-01
   outer loop
     vertex  3.092642e-01  1.900000e-01  7.851388e-02
     vertex  3.082183e-01  2.200000e-01  7.955204e-02
     vertex  3.081938e-01  1.900000e-01  7.957571e-02
   endloop
 endfacet
 facet normal  7.046775e-01  1.576386e-05  7.095278e-01
   outer loop
     vertex  3.092890e-01  2.200000e-01  7.848867e-02
     vertex  3.082183e-01  2.200000e-01  7.955204e-02
     vertex  3.092642e-01  1.900000e-01  7.851388e-02
   endloop
 endfacet
 facet normal  7.420803e-01  1.628051e-05  6.703110e-01
   outer loop
     vertex  3.113159e-01 -1.900000e-01  7.630419e-02
     vertex  3.103052e-01 -1.900000e-01  7.742310e-02
     vertex  3.103301e-01 -2.200000e-01  7.739633e-02
   endloop
 endfacet
 facet normal  7.425325e-01 -1.682319e-05  6.698100e-01
   outer loop
     vertex  3.113159e-01 -1.900000e-01  7.630419e-02
     vertex  3.103301e-01 -2.200000e-01  7.739633e-02
     vertex  3.113408e-01 -2.200000e-01  7.627584e-02
   endloop
 endfacet
 facet normal  7.234269e-01 -1.575084e-05  6.904010e-01
   outer loop
     vertex  3.103052e-01  1.900000e-01  7.742310e-02
     vertex  3.092890e-01  2.200000e-01  7.848867e-02
     vertex  3.092642e-01  1.900000e-01  7.851388e-02
   endloop
 endfacet
 facet normal  7.238775e-01  1.629398e-05  6.899286e-01
   outer loop
     vertex  3.103301e-01  2.200000e-01  7.739633e-02
     vertex  3.092890e-01  2.200000e-01  7.848867e-02
     vertex  3.103052e-01  1.900000e-01  7.742310e-02
   endloop
 endfacet
 facet normal  7.606287e-01 -1.735151e-05  6.491872e-01
   outer loop
     vertex  3.122956e-01 -1.900000e-01  7.515800e-02
     vertex  3.113408e-01 -2.200000e-01  7.627584e-02
     vertex  3.123205e-01 -2.200000e-01  7.512804e-02
   endloop
 endfacet
 facet normal  7.601759e-01  1.680928e-05  6.497173e-01
   outer loop
     vertex  3.122956e-01 -1.900000e-01  7.515800e-02
     vertex  3.113159e-01 -1.900000e-01  7.630419e-02
     vertex  3.113408e-01 -2.200000e-01  7.627584e-02
   endloop
 endfacet
 facet normal  7.420803e-01 -1.628051e-05  6.703110e-01
   outer loop
     vertex  3.113159e-01  1.900000e-01  7.630419e-02
     vertex  3.103301e-01  2.200000e-01  7.739633e-02
     vertex  3.103052e-01  1.900000e-01  7.742310e-02
   endloop
 endfacet
 facet normal  7.425325e-01  1.682319e-05  6.698100e-01
   outer loop
     vertex  3.113408e-01  2.200000e-01  7.627584e-02
     vertex  3.103301e-01  2.200000e-01  7.739633e-02
     vertex  3.113159e-01  1.900000e-01  7.630419e-02
   endloop
 endfacet
 facet normal  7.781522e-01 -1.787893e-05  6.280757e-01
   outer loop
     vertex  3.132434e-01 -1.900000e-01  7.398538e-02
     vertex  3.123205e-01 -2.200000e-01  7.512804e-02
     vertex  3.132682e-01 -2.200000e-01  7.395379e-02
   endloop
 endfacet
 facet normal  7.777003e-01  1.733715e-05  6.286353e-01
   outer loop
     vertex  3.132434e-01 -1.900000e-01  7.398538e-02
     vertex  3.122956e-01 -1.900000e-01  7.515800e-02
     vertex  3.123205e-01 -2.200000e-01  7.512804e-02
   endloop
 endfacet
 facet normal  7.601759e-01 -1.680928e-05  6.497173e-01
   outer loop
     vertex  3.122956e-01  1.900000e-01  7.515800e-02
     vertex  3.113408e-01  2.200000e-01  7.627584e-02
     vertex  3.113159e-01  1.900000e-01  7.630419e-02
   endloop
 endfacet
 facet normal  7.606287e-01  1.735151e-05  6.491872e-01
   outer loop
     vertex  3.123205e-01  2.200000e-01  7.512804e-02
     vertex  3.113408e-01  2.200000e-01  7.627584e-02
     vertex  3.122956e-01  1.900000e-01  7.515800e-02
   endloop
 endfacet
 facet normal  7.950900e-01 -1.840545e-05  6.064915e-01
   outer loop
     vertex  3.141588e-01 -1.900000e-01  7.278723e-02
     vertex  3.132682e-01 -2.200000e-01  7.395379e-02
     vertex  3.141834e-01 -2.200000e-01  7.275399e-02
   endloop
 endfacet
 facet normal  7.946401e-01  1.786412e-05  6.070808e-01
   outer loop
     vertex  3.141588e-01 -1.900000e-01  7.278723e-02
     vertex  3.132434e-01 -1.900000e-01  7.398538e-02
     vertex  3.132682e-01 -2.200000e-01  7.395379e-02
   endloop
 endfacet
 facet normal  7.777003e-01 -1.733715e-05  6.286353e-01
   outer loop
     vertex  3.132434e-01  1.900000e-01  7.398538e-02
     vertex  3.123205e-01  2.200000e-01  7.512804e-02
     vertex  3.122956e-01  1.900000e-01  7.515800e-02
   endloop
 endfacet
 facet normal  7.781522e-01  1.787893e-05  6.280757e-01
   outer loop
     vertex  3.132682e-01  2.200000e-01  7.395379e-02
     vertex  3.123205e-01  2.200000e-01  7.512804e-02
     vertex  3.132434e-01  1.900000e-01  7.398538e-02
   endloop
 endfacet
 facet normal  8.114292e-01 -1.893108e-05  5.844507e-01
   outer loop
     vertex  3.150409e-01 -1.900000e-01  7.156443e-02
     vertex  3.141834e-01 -2.200000e-01  7.275399e-02
     vertex  3.150654e-01 -2.200000e-01  7.152953e-02
   endloop
 endfacet
 facet normal  8.109828e-01  1.839019e-05  5.850700e-01
   outer loop
     vertex  3.150409e-01 -1.900000e-01  7.156443e-02
     vertex  3.141588e-01 -1.900000e-01  7.278723e-02
     vertex  3.141834e-01 -2.200000e-01  7.275399e-02
   endloop
 endfacet
 facet normal  7.946401e-01 -1.786412e-05  6.070808e-01
   outer loop
     vertex  3.141588e-01  1.900000e-01  7.278723e-02
     vertex  3.132682e-01  2.200000e-01  7.395379e-02
     vertex  3.132434e-01  1.900000e-01  7.398538e-02
   endloop
 endfacet
 facet normal  7.950900e-01  1.840545e-05  6.064915e-01
   outer loop
     vertex  3.141834e-01  2.200000e-01  7.275399e-02
     vertex  3.132682e-01  2.200000e-01  7.395379e-02
     vertex  3.141588e-01  1.900000e-01  7.278723e-02
   endloop
 endfacet
 facet normal  8.271577e-01 -1.945580e-05  5.619699e-01
   outer loop
     vertex  3.158893e-01 -1.900000e-01  7.031791e-02
     vertex  3.150654e-01 -2.200000e-01  7.152953e-02
     vertex  3.159134e-01 -2.200000e-01  7.028134e-02
   endloop
 endfacet
 facet normal  8.267159e-01  1.891537e-05  5.626196e-01
   outer loop
     vertex  3.158893e-01 -1.900000e-01  7.031791e-02
     vertex  3.150409e-01 -1.900000e-01  7.156443e-02
     vertex  3.150654e-01 -2.200000e-01  7.152953e-02
   endloop
 endfacet
 facet normal  8.109828e-01 -1.839019e-05  5.850700e-01
   outer loop
     vertex  3.150409e-01  1.900000e-01  7.156443e-02
     vertex  3.141834e-01  2.200000e-01  7.275399e-02
     vertex  3.141588e-01  1.900000e-01  7.278723e-02
   endloop
 endfacet
 facet normal  8.114292e-01  1.893108e-05  5.844507e-01
   outer loop
     vertex  3.150654e-01  2.200000e-01  7.152953e-02
     vertex  3.141834e-01  2.200000e-01  7.275399e-02
     vertex  3.150409e-01  1.900000e-01  7.156443e-02
   endloop
 endfacet
 facet normal  8.422635e-01 -1.997963e-05  5.390661e-01
   outer loop
     vertex  3.167031e-01 -1.900000e-01  6.904860e-02
     vertex  3.159134e-01 -2.200000e-01  7.028134e-02
     vertex  3.167269e-01 -2.200000e-01  6.901035e-02
   endloop
 endfacet
 facet normal  8.418277e-01  1.943964e-05  5.397463e-01
   outer loop
     vertex  3.167031e-01 -1.900000e-01  6.904860e-02
     vertex  3.158893e-01 -1.900000e-01  7.031791e-02
     vertex  3.159134e-01 -2.200000e-01  7.028134e-02
   endloop
 endfacet
 facet normal  8.267159e-01 -1.891537e-05  5.626196e-01
   outer loop
     vertex  3.158893e-01  1.900000e-01  7.031791e-02
     vertex  3.150654e-01  2.200000e-01  7.152953e-02
     vertex  3.150409e-01  1.900000e-01  7.156443e-02
   endloop
 endfacet
 facet normal  8.271577e-01  1.945580e-05  5.619699e-01
   outer loop
     vertex  3.159134e-01  2.200000e-01  7.028134e-02
     vertex  3.150654e-01  2.200000e-01  7.152953e-02
     vertex  3.158893e-01  1.900000e-01  7.031791e-02
   endloop
 endfacet
 facet normal  8.567352e-01 -2.050256e-05  5.157565e-01
   outer loop
     vertex  3.174818e-01 -1.900000e-01  6.775747e-02
     vertex  3.167269e-01 -2.200000e-01  6.901035e-02
     vertex  3.175051e-01 -2.200000e-01  6.771753e-02
   endloop
 endfacet
 facet normal  8.563069e-01  1.996302e-05  5.164674e-01
   outer loop
     vertex  3.174818e-01 -1.900000e-01  6.775747e-02
     vertex  3.167031e-01 -1.900000e-01  6.904860e-02
     vertex  3.167269e-01 -2.200000e-01  6.901035e-02
   endloop
 endfacet
 facet normal  8.418277e-01 -1.943964e-05  5.397463e-01
   outer loop
     vertex  3.167031e-01  1.900000e-01  6.904860e-02
     vertex  3.159134e-01  2.200000e-01  7.028134e-02
     vertex  3.158893e-01  1.900000e-01  7.031791e-02
   endloop
 endfacet
 facet normal  8.422635e-01  1.997963e-05  5.390661e-01
   outer loop
     vertex  3.167269e-01  2.200000e-01  6.901035e-02
     vertex  3.159134e-01  2.200000e-01  7.028134e-02
     vertex  3.167031e-01  1.900000e-01  6.904860e-02
   endloop
 endfacet
 facet normal  8.705620e-01 -2.102460e-05  4.920587e-01
   outer loop
     vertex  3.182249e-01 -1.900000e-01  6.644547e-02
     vertex  3.175051e-01 -2.200000e-01  6.771753e-02
     vertex  3.182477e-01 -2.200000e-01  6.640384e-02
   endloop
 endfacet
 facet normal  8.701425e-01  2.048550e-05  4.928003e-01
   outer loop
     vertex  3.182249e-01 -1.900000e-01  6.644547e-02
     vertex  3.174818e-01 -1.900000e-01  6.775747e-02
     vertex  3.175051e-01 -2.200000e-01  6.771753e-02
   endloop
 endfacet
 facet normal  8.563069e-01 -1.996302e-05  5.164674e-01
   outer loop
     vertex  3.174818e-01  1.900000e-01  6.775747e-02
     vertex  3.167269e-01  2.200000e-01  6.901035e-02
     vertex  3.167031e-01  1.900000e-01  6.904860e-02
   endloop
 endfacet
 facet normal  8.567352e-01  2.050256e-05  5.157565e-01
   outer loop
     vertex  3.175051e-01  2.200000e-01  6.771753e-02
     vertex  3.167269e-01  2.200000e-01  6.901035e-02
     vertex  3.174818e-01  1.900000e-01  6.775747e-02
   endloop
 endfacet
 facet normal  8.833241e-01  2.100709e-05  4.687628e-01
   outer loop
     vertex  3.189317e-01 -1.900000e-01  6.511359e-02
     vertex  3.182249e-01 -1.900000e-01  6.644547e-02
     vertex  3.182477e-01 -2.200000e-01  6.640384e-02
   endloop
 endfacet
 facet normal  8.837335e-01 -2.154573e-05  4.679904e-01
   outer loop
     vertex  3.189317e-01 -1.900000e-01  6.511359e-02
     vertex  3.182477e-01 -2.200000e-01  6.640384e-02
     vertex  3.189539e-01 -2.200000e-01  6.507027e-02
   endloop
 endfacet
 facet normal  8.701425e-01 -2.048550e-05  4.928003e-01
   outer loop
     vertex  3.182249e-01  1.900000e-01  6.644547e-02
     vertex  3.175051e-01  2.200000e-01  6.771753e-02
     vertex  3.174818e-01  1.900000e-01  6.775747e-02
   endloop
 endfacet
 facet normal  8.705620e-01  2.102460e-05  4.920587e-01
   outer loop
     vertex  3.182477e-01  2.200000e-01  6.640384e-02
     vertex  3.175051e-01  2.200000e-01  6.771753e-02
     vertex  3.182249e-01  1.900000e-01  6.644547e-02
   endloop
 endfacet
 facet normal  8.958418e-01  2.152777e-05  4.443730e-01
   outer loop
     vertex  3.196017e-01 -1.900000e-01  6.376285e-02
     vertex  3.189317e-01 -1.900000e-01  6.511359e-02
     vertex  3.189539e-01 -2.200000e-01  6.507027e-02
   endloop
 endfacet
 facet normal  8.962398e-01 -2.206597e-05  4.435699e-01
   outer loop
     vertex  3.196017e-01 -1.900000e-01  6.376285e-02
     vertex  3.189539e-01 -2.200000e-01  6.507027e-02
     vertex  3.196232e-01 -2.200000e-01  6.371783e-02
   endloop
 endfacet
 facet normal  8.833241e-01 -2.100709e-05  4.687628e-01
   outer loop
     vertex  3.189317e-01  1.900000e-01  6.511359e-02
     vertex  3.182477e-01  2.200000e-01  6.640384e-02
     vertex  3.182249e-01  1.900000e-01  6.644547e-02
   endloop
 endfacet
 facet normal  8.837335e-01  2.154573e-05  4.679904e-01
   outer loop
     vertex  3.189539e-01  2.200000e-01  6.507027e-02
     vertex  3.182477e-01  2.200000e-01  6.640384e-02
     vertex  3.189317e-01  1.900000e-01  6.511359e-02
   endloop
 endfacet
 facet normal  9.080714e-01 -2.258531e-05  4.188155e-01
   outer loop
     vertex  3.202344e-01 -1.900000e-01  6.239424e-02
     vertex  3.196232e-01 -2.200000e-01  6.371783e-02
     vertex  3.202552e-01 -2.200000e-01  6.234754e-02
   endloop
 endfacet
 facet normal  9.076863e-01  2.204756e-05  4.196493e-01
   outer loop
     vertex  3.202344e-01 -1.900000e-01  6.239424e-02
     vertex  3.196017e-01 -1.900000e-01  6.376285e-02
     vertex  3.196232e-01 -2.200000e-01  6.371783e-02
   endloop
 endfacet
 facet normal  8.958418e-01 -2.152777e-05  4.443730e-01
   outer loop
     vertex  3.196017e-01  1.900000e-01  6.376285e-02
     vertex  3.189539e-01  2.200000e-01  6.507027e-02
     vertex  3.189317e-01  1.900000e-01  6.511359e-02
   endloop
 endfacet
 facet normal  8.962398e-01  2.206597e-05  4.435699e-01
   outer loop
     vertex  3.196232e-01  2.200000e-01  6.371783e-02
     vertex  3.189539e-01  2.200000e-01  6.507027e-02
     vertex  3.196017e-01  1.900000e-01  6.376285e-02
   endloop
 endfacet
 facet normal  9.188486e-01  2.256645e-05  3.946102e-01
   outer loop
     vertex  3.208294e-01 -1.900000e-01  6.100880e-02
     vertex  3.202344e-01 -1.900000e-01  6.239424e-02
     vertex  3.202552e-01 -2.200000e-01  6.234754e-02
   endloop
 endfacet
 facet normal  9.192194e-01 -2.310375e-05  3.937458e-01
   outer loop
     vertex  3.208294e-01 -1.900000e-01  6.100880e-02
     vertex  3.202552e-01 -2.200000e-01  6.234754e-02
     vertex  3.208494e-01 -2.200000e-01  6.096042e-02
   endloop
 endfacet
 facet normal  9.076863e-01 -2.204756e-05  4.196493e-01
   outer loop
     vertex  3.202344e-01  1.900000e-01  6.239424e-02
     vertex  3.196232e-01  2.200000e-01  6.371783e-02
     vertex  3.196017e-01  1.900000e-01  6.376285e-02
   endloop
 endfacet
 facet normal  9.080714e-01  2.258531e-05  4.188155e-01
   outer loop
     vertex  3.202552e-01  2.200000e-01  6.234754e-02
     vertex  3.196232e-01  2.200000e-01  6.371783e-02
     vertex  3.202344e-01  1.900000e-01  6.239424e-02
   endloop
 endfacet
 facet normal  9.296754e-01 -2.362129e-05  3.683796e-01
   outer loop
     vertex  3.213862e-01 -1.900000e-01  5.960757e-02
     vertex  3.208494e-01 -2.200000e-01  6.096042e-02
     vertex  3.214053e-01 -2.200000e-01  5.955753e-02
   endloop
 endfacet
 facet normal  9.293204e-01  2.308445e-05  3.692745e-01
   outer loop
     vertex  3.213862e-01 -1.900000e-01  5.960757e-02
     vertex  3.208294e-01 -1.900000e-01  6.100880e-02
     vertex  3.208494e-01 -2.200000e-01  6.096042e-02
   endloop
 endfacet
 facet normal  9.188486e-01 -2.256645e-05  3.946102e-01
   outer loop
     vertex  3.208294e-01  1.900000e-01  6.100880e-02
     vertex  3.202552e-01  2.200000e-01  6.234754e-02
     vertex  3.202344e-01  1.900000e-01  6.239424e-02
   endloop
 endfacet
 facet normal  9.192194e-01  2.310375e-05  3.937458e-01
   outer loop
     vertex  3.208494e-01  2.200000e-01  6.096042e-02
     vertex  3.202552e-01  2.200000e-01  6.234754e-02
     vertex  3.208294e-01  1.900000e-01  6.100880e-02
   endloop
 endfacet
 facet normal  9.390937e-01  2.360154e-05  3.436612e-01
   outer loop
     vertex  3.219044e-01 -1.900000e-01  5.819161e-02
     vertex  3.213862e-01 -1.900000e-01  5.960757e-02
     vertex  3.214053e-01 -2.200000e-01  5.955753e-02
   endloop
 endfacet
 facet normal  9.394317e-01 -2.413794e-05  3.427362e-01
   outer loop
     vertex  3.219044e-01 -1.900000e-01  5.819161e-02
     vertex  3.214053e-01 -2.200000e-01  5.955753e-02
     vertex  3.219225e-01 -2.200000e-01  5.813991e-02
   endloop
 endfacet
 facet normal  9.293204e-01 -2.308445e-05  3.692745e-01
   outer loop
     vertex  3.213862e-01  1.900000e-01  5.960757e-02
     vertex  3.208494e-01  2.200000e-01  6.096042e-02
     vertex  3.208294e-01  1.900000e-01  6.100880e-02
   endloop
 endfacet
 facet normal  9.296754e-01  2.362129e-05  3.683796e-01
   outer loop
     vertex  3.214053e-01  2.200000e-01  5.955753e-02
     vertex  3.208494e-01  2.200000e-01  6.096042e-02
     vertex  3.213862e-01  1.900000e-01  5.960757e-02
   endloop
 endfacet
 facet normal  9.484807e-01 -2.465369e-05  3.168348e-01
   outer loop
     vertex  3.223835e-01 -1.900000e-01  5.676198e-02
     vertex  3.219225e-01 -2.200000e-01  5.813991e-02
     vertex  3.224006e-01 -2.200000e-01  5.670864e-02
   endloop
 endfacet
 facet normal  9.481612e-01  2.411774e-05  3.177897e-01
   outer loop
     vertex  3.223835e-01 -1.900000e-01  5.676198e-02
     vertex  3.219044e-01 -1.900000e-01  5.819161e-02
     vertex  3.219225e-01 -2.200000e-01  5.813991e-02
   endloop
 endfacet
 facet normal  9.390937e-01 -2.360154e-05  3.436612e-01
   outer loop
     vertex  3.219044e-01  1.900000e-01  5.819161e-02
     vertex  3.214053e-01  2.200000e-01  5.955753e-02
     vertex  3.213862e-01  1.900000e-01  5.960757e-02
   endloop
 endfacet
 facet normal  9.394317e-01  2.413794e-05  3.427362e-01
   outer loop
     vertex  3.219225e-01  2.200000e-01  5.813991e-02
     vertex  3.214053e-01  2.200000e-01  5.955753e-02
     vertex  3.219044e-01  1.900000e-01  5.819161e-02
   endloop
 endfacet
 facet normal  9.568158e-01 -2.516854e-05  2.906949e-01
   outer loop
     vertex  3.228233e-01 -1.900000e-01  5.531974e-02
     vertex  3.224006e-01 -2.200000e-01  5.670864e-02
     vertex  3.228392e-01 -2.200000e-01  5.526479e-02
   endloop
 endfacet
 facet normal  9.565161e-01  2.463304e-05  2.916794e-01
   outer loop
     vertex  3.228233e-01 -1.900000e-01  5.531974e-02
     vertex  3.223835e-01 -1.900000e-01  5.676198e-02
     vertex  3.224006e-01 -2.200000e-01  5.670864e-02
   endloop
 endfacet
 facet normal  9.481612e-01 -2.411774e-05  3.177897e-01
   outer loop
     vertex  3.223835e-01  1.900000e-01  5.676198e-02
     vertex  3.219225e-01  2.200000e-01  5.813991e-02
     vertex  3.219044e-01  1.900000e-01  5.819161e-02
   endloop
 endfacet
 facet normal  9.484807e-01  2.465369e-05  3.168348e-01
   outer loop
     vertex  3.224006e-01  2.200000e-01  5.670864e-02
     vertex  3.219225e-01  2.200000e-01  5.813991e-02
     vertex  3.223835e-01  1.900000e-01  5.676198e-02
   endloop
 endfacet
 facet normal  9.644306e-01 -2.568249e-05  2.643362e-01
   outer loop
     vertex  3.232234e-01 -1.900000e-01  5.386600e-02
     vertex  3.228392e-01 -2.200000e-01  5.526479e-02
     vertex  3.232381e-01 -2.200000e-01  5.380945e-02
   endloop
 endfacet
 facet normal  9.641522e-01  2.514744e-05  2.653498e-01
   outer loop
     vertex  3.232234e-01 -1.900000e-01  5.386600e-02
     vertex  3.228233e-01 -1.900000e-01  5.531974e-02
     vertex  3.228392e-01 -2.200000e-01  5.526479e-02
   endloop
 endfacet
 facet normal  9.565161e-01 -2.463304e-05  2.916794e-01
   outer loop
     vertex  3.228233e-01  1.900000e-01  5.531974e-02
     vertex  3.224006e-01  2.200000e-01  5.670864e-02
     vertex  3.223835e-01  1.900000e-01  5.676198e-02
   endloop
 endfacet
 facet normal  9.568158e-01  2.516854e-05  2.906949e-01
   outer loop
     vertex  3.228392e-01  2.200000e-01  5.526479e-02
     vertex  3.224006e-01  2.200000e-01  5.670864e-02
     vertex  3.228233e-01  1.900000e-01  5.531974e-02
   endloop
 endfacet
 facet normal  9.713194e-01 -2.619554e-05  2.377784e-01
   outer loop
     vertex  3.235835e-01 -1.900000e-01  5.240183e-02
     vertex  3.232381e-01 -2.200000e-01  5.380945e-02
     vertex  3.235969e-01 -2.200000e-01  5.234372e-02
   endloop
 endfacet
 facet normal  9.710636e-01  2.566094e-05  2.388209e-01
   outer loop
     vertex  3.235835e-01 -1.900000e-01  5.240183e-02
     vertex  3.232234e-01 -1.900000e-01  5.386600e-02
     vertex  3.232381e-01 -2.200000e-01  5.380945e-02
   endloop
 endfacet
 facet normal  9.641522e-01 -2.514744e-05  2.653498e-01
   outer loop
     vertex  3.232234e-01  1.900000e-01  5.386600e-02
     vertex  3.228392e-01  2.200000e-01  5.526479e-02
     vertex  3.228233e-01  1.900000e-01  5.531974e-02
   endloop
 endfacet
 facet normal  9.644306e-01  2.568249e-05  2.643362e-01
   outer loop
     vertex  3.232381e-01  2.200000e-01  5.380945e-02
     vertex  3.228392e-01  2.200000e-01  5.526479e-02
     vertex  3.232234e-01  1.900000e-01  5.386600e-02
   endloop
 endfacet
 facet normal  9.774771e-01 -2.670770e-05  2.110417e-01
   outer loop
     vertex  3.239034e-01 -1.900000e-01  5.092834e-02
     vertex  3.235969e-01 -2.200000e-01  5.234372e-02
     vertex  3.239154e-01 -2.200000e-01  5.086869e-02
   endloop
 endfacet
 facet normal  9.772453e-01  2.617355e-05  2.121124e-01
   outer loop
     vertex  3.239034e-01 -1.900000e-01  5.092834e-02
     vertex  3.235835e-01 -1.900000e-01  5.240183e-02
     vertex  3.235969e-01 -2.200000e-01  5.234372e-02
   endloop
 endfacet
 facet normal  9.710636e-01 -2.566094e-05  2.388209e-01
   outer loop
     vertex  3.235835e-01  1.900000e-01  5.240183e-02
     vertex  3.232381e-01  2.200000e-01  5.380945e-02
     vertex  3.232234e-01  1.900000e-01  5.386600e-02
   endloop
 endfacet
 facet normal  9.713194e-01  2.619554e-05  2.377784e-01
   outer loop
     vertex  3.235969e-01  2.200000e-01  5.234372e-02
     vertex  3.232381e-01  2.200000e-01  5.380945e-02
     vertex  3.235835e-01  1.900000e-01  5.240183e-02
   endloop
 endfacet
 facet normal  9.826925e-01  2.668525e-05  1.852445e-01
   outer loop
     vertex  3.241827e-01 -1.900000e-01  4.944664e-02
     vertex  3.239034e-01 -1.900000e-01  5.092834e-02
     vertex  3.239154e-01 -2.200000e-01  5.086869e-02
   endloop
 endfacet
 facet normal  9.828989e-01 -2.721896e-05  1.841461e-01
   outer loop
     vertex  3.241827e-01 -1.900000e-01  4.944664e-02
     vertex  3.239154e-01 -2.200000e-01  5.086869e-02
     vertex  3.241933e-01 -2.200000e-01  4.938548e-02
   endloop
 endfacet
 facet normal  9.772453e-01 -2.617355e-05  2.121124e-01
   outer loop
     vertex  3.239034e-01  1.900000e-01  5.092834e-02
     vertex  3.235969e-01  2.200000e-01  5.234372e-02
     vertex  3.235835e-01  1.900000e-01  5.240183e-02
   endloop
 endfacet
 facet normal  9.774771e-01  2.670770e-05  2.110417e-01
   outer loop
     vertex  3.239154e-01  2.200000e-01  5.086869e-02
     vertex  3.235969e-01  2.200000e-01  5.234372e-02
     vertex  3.239034e-01  1.900000e-01  5.092834e-02
   endloop
 endfacet
 facet normal  9.874011e-01  2.719606e-05  1.582374e-01
   outer loop
     vertex  3.244213e-01 -1.900000e-01  4.795784e-02
     vertex  3.241827e-01 -1.900000e-01  4.944664e-02
     vertex  3.241933e-01 -2.200000e-01  4.938548e-02
   endloop
 endfacet
 facet normal  9.875808e-01 -2.772932e-05  1.571119e-01
   outer loop
     vertex  3.244213e-01 -1.900000e-01  4.795784e-02
     vertex  3.241933e-01 -2.200000e-01  4.938548e-02
     vertex  3.244304e-01 -2.200000e-01  4.789521e-02
   endloop
 endfacet
 facet normal  9.826925e-01 -2.668525e-05  1.852445e-01
   outer loop
     vertex  3.241827e-01  1.900000e-01  4.944664e-02
     vertex  3.239154e-01  2.200000e-01  5.086869e-02
     vertex  3.239034e-01  1.900000e-01  5.092834e-02
   endloop
 endfacet
 facet normal  9.828989e-01  2.721896e-05  1.841461e-01
   outer loop
     vertex  3.241933e-01  2.200000e-01  4.938548e-02
     vertex  3.239154e-01  2.200000e-01  5.086869e-02
     vertex  3.241827e-01  1.900000e-01  4.944664e-02
   endloop
 endfacet
 facet normal  9.913676e-01  2.770598e-05  1.311114e-01
   outer loop
     vertex  3.246189e-01 -1.900000e-01  4.646306e-02
     vertex  3.244213e-01 -1.900000e-01  4.795784e-02
     vertex  3.244304e-01 -2.200000e-01  4.789521e-02
   endloop
 endfacet
 facet normal  9.915193e-01 -2.823878e-05  1.299594e-01
   outer loop
     vertex  3.246189e-01 -1.900000e-01  4.646306e-02
     vertex  3.244304e-01 -2.200000e-01  4.789521e-02
     vertex  3.246265e-01 -2.200000e-01  4.639899e-02
   endloop
 endfacet
 facet normal  9.874011e-01 -2.719606e-05  1.582374e-01
   outer loop
     vertex  3.244213e-01  1.900000e-01  4.795784e-02
     vertex  3.241933e-01  2.200000e-01  4.938548e-02
     vertex  3.241827e-01  1.900000e-01  4.944664e-02
   endloop
 endfacet
 facet normal  9.875808e-01  2.772932e-05  1.571119e-01
   outer loop
     vertex  3.244304e-01  2.200000e-01  4.789521e-02
     vertex  3.241933e-01  2.200000e-01  4.938548e-02
     vertex  3.244213e-01  1.900000e-01  4.795784e-02
   endloop
 endfacet
 facet normal  9.945891e-01  2.821499e-05  1.038868e-01
   outer loop
     vertex  3.247756e-01 -1.900000e-01  4.496342e-02
     vertex  3.246189e-01 -1.900000e-01  4.646306e-02
     vertex  3.246265e-01 -2.200000e-01  4.639899e-02
   endloop
 endfacet
 facet normal  9.947114e-01 -2.874735e-05  1.027091e-01
   outer loop
     vertex  3.247756e-01 -1.900000e-01  4.496342e-02
     vertex  3.246265e-01 -2.200000e-01  4.639899e-02
     vertex  3.247815e-01 -2.200000e-01  4.489795e-02
   endloop
 endfacet
 facet normal  9.913676e-01 -2.770598e-05  1.311114e-01
   outer loop
     vertex  3.246189e-01  1.900000e-01  4.646306e-02
     vertex  3.244304e-01  2.200000e-01  4.789521e-02
     vertex  3.244213e-01  1.900000e-01  4.795784e-02
   endloop
 endfacet
 facet normal  9.915193e-01  2.823878e-05  1.299594e-01
   outer loop
     vertex  3.246265e-01  2.200000e-01  4.639899e-02
     vertex  3.244304e-01  2.200000e-01  4.789521e-02
     vertex  3.246189e-01  1.900000e-01  4.646306e-02
   endloop
 endfacet
 facet normal  9.970631e-01  2.872311e-05  7.658418e-02
   outer loop
     vertex  3.248911e-01 -1.900000e-01  4.346005e-02
     vertex  3.247756e-01 -1.900000e-01  4.496342e-02
     vertex  3.247815e-01 -2.200000e-01  4.489795e-02
   endloop
 endfacet
 facet normal  9.971548e-01 -2.925502e-05  7.538152e-02
   outer loop
     vertex  3.248911e-01 -1.900000e-01  4.346005e-02
     vertex  3.247815e-01 -2.200000e-01  4.489795e-02
     vertex  3.248952e-01 -2.200000e-01  4.339323e-02
   endloop
 endfacet
 facet normal  9.945891e-01 -2.821499e-05  1.038868e-01
   outer loop
     vertex  3.247756e-01  1.900000e-01  4.496342e-02
     vertex  3.246265e-01  2.200000e-01  4.639899e-02
     vertex  3.246189e-01  1.900000e-01  4.646306e-02
   endloop
 endfacet
 facet normal  9.947114e-01  2.874735e-05  1.027091e-01
   outer loop
     vertex  3.247815e-01  2.200000e-01  4.489795e-02
     vertex  3.246265e-01  2.200000e-01  4.639899e-02
     vertex  3.247756e-01  1.900000e-01  4.496342e-02
   endloop
 endfacet
 facet normal  9.987878e-01  2.923032e-05  4.922398e-02
   outer loop
     vertex  3.249653e-01 -1.900000e-01  4.195408e-02
     vertex  3.248911e-01 -1.900000e-01  4.346005e-02
     vertex  3.248952e-01 -2.200000e-01  4.339323e-02
   endloop
 endfacet
 facet normal  9.988475e-01 -2.976178e-05  4.799716e-02
   outer loop
     vertex  3.249653e-01 -1.900000e-01  4.195408e-02
     vertex  3.248952e-01 -2.200000e-01  4.339323e-02
     vertex  3.249677e-01 -2.200000e-01  4.188596e-02
   endloop
 endfacet
 facet normal  9.970631e-01 -2.872311e-05  7.658418e-02
   outer loop
     vertex  3.248911e-01  1.900000e-01  4.346005e-02
     vertex  3.247815e-01  2.200000e-01  4.489795e-02
     vertex  3.247756e-01  1.900000e-01  4.496342e-02
   endloop
 endfacet
 facet normal  9.971548e-01  2.925502e-05  7.538152e-02
   outer loop
     vertex  3.248952e-01  2.200000e-01  4.339323e-02
     vertex  3.247815e-01  2.200000e-01  4.489795e-02
     vertex  3.248911e-01  1.900000e-01  4.346005e-02
   endloop
 endfacet
 facet normal  9.997618e-01  2.973664e-05  2.182679e-02
   outer loop
     vertex  3.249982e-01 -1.900000e-01  4.044664e-02
     vertex  3.249653e-01 -1.900000e-01  4.195408e-02
     vertex  3.249677e-01 -2.200000e-01  4.188596e-02
   endloop
 endfacet
 facet normal  9.997883e-01 -3.026766e-05  2.057667e-02
   outer loop
     vertex  3.249982e-01 -1.900000e-01  4.044664e-02
     vertex  3.249677e-01 -2.200000e-01  4.188596e-02
     vertex  3.249987e-01 -2.200000e-01  4.037726e-02
   endloop
 endfacet
 facet normal  9.987878e-01 -2.923032e-05  4.922398e-02
   outer loop
     vertex  3.249653e-01  1.900000e-01  4.195408e-02
     vertex  3.248952e-01  2.200000e-01  4.339323e-02
     vertex  3.248911e-01  1.900000e-01  4.346005e-02
   endloop
 endfacet
 facet normal  9.988475e-01  2.976178e-05  4.799716e-02
   outer loop
     vertex  3.249677e-01  2.200000e-01  4.188596e-02
     vertex  3.248952e-01  2.200000e-01  4.339323e-02
     vertex  3.249653e-01  1.900000e-01  4.195408e-02
   endloop
 endfacet
 facet normal  9.999844e-01  3.024207e-05 -5.586810e-03
   outer loop
     vertex  3.249898e-01 -1.900000e-01  3.893887e-02
     vertex  3.249982e-01 -1.900000e-01  4.044664e-02
     vertex  3.249987e-01 -2.200000e-01  4.037726e-02
   endloop
 endfacet
 facet normal  9.999765e-01 -3.077263e-05 -6.859319e-03
   outer loop
     vertex  3.249898e-01 -1.900000e-01  3.893887e-02
     vertex  3.249987e-01 -2.200000e-01  4.037726e-02
     vertex  3.249884e-01 -2.200000e-01  3.886828e-02
   endloop
 endfacet
 facet normal  9.997618e-01 -2.973664e-05  2.182679e-02
   outer loop
     vertex  3.249982e-01  1.900000e-01  4.044664e-02
     vertex  3.249677e-01  2.200000e-01  4.188596e-02
     vertex  3.249653e-01  1.900000e-01  4.195408e-02
   endloop
 endfacet
 facet normal  9.997883e-01  3.026766e-05  2.057667e-02
   outer loop
     vertex  3.249987e-01  2.200000e-01  4.037726e-02
     vertex  3.249677e-01  2.200000e-01  4.188596e-02
     vertex  3.249982e-01  1.900000e-01  4.044664e-02
   endloop
 endfacet
 facet normal  9.994119e-01 -3.127671e-05 -3.429014e-02
   outer loop
     vertex  3.249400e-01 -1.900000e-01  3.743189e-02
     vertex  3.249884e-01 -2.200000e-01  3.886828e-02
     vertex  3.249366e-01 -2.200000e-01  3.736016e-02
   endloop
 endfacet
 facet normal  9.994555e-01  3.074659e-05 -3.299621e-02
   outer loop
     vertex  3.249400e-01 -1.900000e-01  3.743189e-02
     vertex  3.249898e-01 -1.900000e-01  3.893887e-02
     vertex  3.249884e-01 -2.200000e-01  3.886828e-02
   endloop
 endfacet
 facet normal  9.999844e-01 -3.024207e-05 -5.586810e-03
   outer loop
     vertex  3.249898e-01  1.900000e-01  3.893887e-02
     vertex  3.249987e-01  2.200000e-01  4.037726e-02
     vertex  3.249982e-01  1.900000e-01  4.044664e-02
   endloop
 endfacet
 facet normal  9.999765e-01  3.077263e-05 -6.859319e-03
   outer loop
     vertex  3.249884e-01  2.200000e-01  3.886828e-02
     vertex  3.249987e-01  2.200000e-01  4.037726e-02
     vertex  3.249898e-01  1.900000e-01  3.893887e-02
   endloop
 endfacet
 facet normal  9.980950e-01 -3.177988e-05 -6.169515e-02
   outer loop
     vertex  3.248490e-01 -1.900000e-01  3.592684e-02
     vertex  3.249366e-01 -2.200000e-01  3.736016e-02
     vertex  3.248435e-01 -2.200000e-01  3.585402e-02
   endloop
 endfacet
 facet normal  9.981754e-01  3.125022e-05 -6.038081e-02
   outer loop
     vertex  3.248490e-01 -1.900000e-01  3.592684e-02
     vertex  3.249400e-01 -1.900000e-01  3.743189e-02
     vertex  3.249366e-01 -2.200000e-01  3.736016e-02
   endloop
 endfacet
 facet normal  9.994555e-01 -3.074659e-05 -3.299621e-02
   outer loop
     vertex  3.249400e-01  1.900000e-01  3.743189e-02
     vertex  3.249884e-01  2.200000e-01  3.886828e-02
     vertex  3.249898e-01  1.900000e-01  3.893887e-02
   endloop
 endfacet
 facet normal  9.994119e-01  3.127671e-05 -3.429014e-02
   outer loop
     vertex  3.249366e-01  2.200000e-01  3.736016e-02
     vertex  3.249884e-01  2.200000e-01  3.886828e-02
     vertex  3.249400e-01  1.900000e-01  3.743189e-02
   endloop
 endfacet
 facet normal  9.960268e-01 -3.228216e-05 -8.905371e-02
   outer loop
     vertex  3.247167e-01 -1.900000e-01  3.442486e-02
     vertex  3.248435e-01 -2.200000e-01  3.585402e-02
     vertex  3.247091e-01 -2.200000e-01  3.435100e-02
   endloop
 endfacet
 facet normal  9.961452e-01  3.175295e-05 -8.772003e-02
   outer loop
     vertex  3.247167e-01 -1.900000e-01  3.442486e-02
     vertex  3.248490e-01 -1.900000e-01  3.592684e-02
     vertex  3.248435e-01 -2.200000e-01  3.585402e-02
   endloop
 endfacet
 facet normal  9.981754e-01 -3.125022e-05 -6.038081e-02
   outer loop
     vertex  3.248490e-01  1.900000e-01  3.592684e-02
     vertex  3.249366e-01  2.200000e-01  3.736016e-02
     vertex  3.249400e-01  1.900000e-01  3.743189e-02
   endloop
 endfacet
 facet normal  9.980950e-01  3.177988e-05 -6.169515e-02
   outer loop
     vertex  3.248435e-01  2.200000e-01  3.585402e-02
     vertex  3.249366e-01  2.200000e-01  3.736016e-02
     vertex  3.248490e-01  1.900000e-01  3.592684e-02
   endloop
 endfacet
 facet normal  9.932088e-01 -3.278355e-05 -1.163452e-01
   outer loop
     vertex  3.245433e-01 -1.900000e-01  3.292706e-02
     vertex  3.247091e-01 -2.200000e-01  3.435100e-02
     vertex  3.245336e-01 -2.200000e-01  3.285223e-02
   endloop
 endfacet
 facet normal  9.933663e-01  3.225478e-05 -1.149933e-01
   outer loop
     vertex  3.245433e-01 -1.900000e-01  3.292706e-02
     vertex  3.247167e-01 -1.900000e-01  3.442486e-02
     vertex  3.247091e-01 -2.200000e-01  3.435100e-02
   endloop
 endfacet
 facet normal  9.961452e-01 -3.175295e-05 -8.772003e-02
   outer loop
     vertex  3.247167e-01  1.900000e-01  3.442486e-02
     vertex  3.248435e-01  2.200000e-01  3.585402e-02
     vertex  3.248490e-01  1.900000e-01  3.592684e-02
   endloop
 endfacet
 facet normal  9.960268e-01  3.228216e-05 -8.905371e-02
   outer loop
     vertex  3.247091e-01  2.200000e-01  3.435100e-02
     vertex  3.248435e-01  2.200000e-01  3.585402e-02
     vertex  3.247167e-01  1.900000e-01  3.442486e-02
   endloop
 endfacet
 facet normal  9.896432e-01 -3.328403e-05 -1.435492e-01
   outer loop
     vertex  3.243289e-01 -1.900000e-01  3.143458e-02
     vertex  3.245336e-01 -2.200000e-01  3.285223e-02
     vertex  3.243169e-01 -2.200000e-01  3.135884e-02
   endloop
 endfacet
 facet normal  9.898408e-01  3.275571e-05 -1.421802e-01
   outer loop
     vertex  3.243289e-01 -1.900000e-01  3.143458e-02
     vertex  3.245433e-01 -1.900000e-01  3.292706e-02
     vertex  3.245336e-01 -2.200000e-01  3.285223e-02
   endloop
 endfacet
 facet normal  9.933663e-01 -3.225478e-05 -1.149933e-01
   outer loop
     vertex  3.245433e-01  1.900000e-01  3.292706e-02
     vertex  3.247091e-01  2.200000e-01  3.435100e-02
     vertex  3.247167e-01  1.900000e-01  3.442486e-02
   endloop
 endfacet
 facet normal  9.932088e-01  3.278355e-05 -1.163452e-01
   outer loop
     vertex  3.245336e-01  2.200000e-01  3.285223e-02
     vertex  3.247091e-01  2.200000e-01  3.435100e-02
     vertex  3.245433e-01  1.900000e-01  3.292706e-02
   endloop
 endfacet
 facet normal  9.855714e-01  3.325575e-05 -1.692602e-01
   outer loop
     vertex  3.240737e-01 -1.900000e-01  2.994854e-02
     vertex  3.243289e-01 -1.900000e-01  3.143458e-02
     vertex  3.243169e-01 -2.200000e-01  3.135884e-02
   endloop
 endfacet
 facet normal  9.853326e-01 -3.378362e-05 -1.706451e-01
   outer loop
     vertex  3.240737e-01 -1.900000e-01  2.994854e-02
     vertex  3.243169e-01 -2.200000e-01  3.135884e-02
     vertex  3.240594e-01 -2.200000e-01  2.987196e-02
   endloop
 endfacet
 facet normal  9.898408e-01 -3.275571e-05 -1.421802e-01
   outer loop
     vertex  3.243289e-01  1.900000e-01  3.143458e-02
     vertex  3.245336e-01  2.200000e-01  3.285223e-02
     vertex  3.245433e-01  1.900000e-01  3.292706e-02
   endloop
 endfacet
 facet normal  9.896432e-01  3.328403e-05 -1.435492e-01
   outer loop
     vertex  3.243169e-01  2.200000e-01  3.135884e-02
     vertex  3.245336e-01  2.200000e-01  3.285223e-02
     vertex  3.243289e-01  1.900000e-01  3.143458e-02
   endloop
 endfacet
 facet normal  9.805613e-01  3.375488e-05 -1.962130e-01
   outer loop
     vertex  3.237779e-01 -1.900000e-01  2.847005e-02
     vertex  3.240737e-01 -1.900000e-01  2.994854e-02
     vertex  3.240594e-01 -2.200000e-01  2.987196e-02
   endloop
 endfacet
 facet normal  9.802802e-01 -3.428230e-05 -1.976125e-01
   outer loop
     vertex  3.237779e-01 -1.900000e-01  2.847005e-02
     vertex  3.240594e-01 -2.200000e-01  2.987196e-02
     vertex  3.237612e-01 -2.200000e-01  2.839271e-02
   endloop
 endfacet
 facet normal  9.855714e-01 -3.325575e-05 -1.692602e-01
   outer loop
     vertex  3.240737e-01  1.900000e-01  2.994854e-02
     vertex  3.243169e-01  2.200000e-01  3.135884e-02
     vertex  3.243289e-01  1.900000e-01  3.143458e-02
   endloop
 endfacet
 facet normal  9.853326e-01  3.378362e-05 -1.706451e-01
   outer loop
     vertex  3.240594e-01  2.200000e-01  2.987196e-02
     vertex  3.243169e-01  2.200000e-01  3.135884e-02
     vertex  3.240737e-01  1.900000e-01  2.994854e-02
   endloop
 endfacet
 facet normal  9.748142e-01  3.425312e-05 -2.230184e-01
   outer loop
     vertex  3.234416e-01 -1.900000e-01  2.700023e-02
     vertex  3.237779e-01 -1.900000e-01  2.847005e-02
     vertex  3.237612e-01 -2.200000e-01  2.839271e-02
   endloop
 endfacet
 facet normal  9.744899e-01 -3.478010e-05 -2.244312e-01
   outer loop
     vertex  3.234416e-01 -1.900000e-01  2.700023e-02
     vertex  3.237612e-01 -2.200000e-01  2.839271e-02
     vertex  3.234226e-01 -2.200000e-01  2.692219e-02
   endloop
 endfacet
 facet normal  9.805613e-01 -3.375488e-05 -1.962130e-01
   outer loop
     vertex  3.237779e-01  1.900000e-01  2.847005e-02
     vertex  3.240594e-01  2.200000e-01  2.987196e-02
     vertex  3.240737e-01  1.900000e-01  2.994854e-02
   endloop
 endfacet
 facet normal  9.802802e-01  3.428230e-05 -1.976125e-01
   outer loop
     vertex  3.237612e-01  2.200000e-01  2.839271e-02
     vertex  3.240594e-01  2.200000e-01  2.987196e-02
     vertex  3.237779e-01  1.900000e-01  2.847005e-02
   endloop
 endfacet
 facet normal  9.683346e-01  3.475047e-05 -2.496561e-01
   outer loop
     vertex  3.230652e-01 -1.900000e-01  2.554018e-02
     vertex  3.234416e-01 -1.900000e-01  2.700023e-02
     vertex  3.234226e-01 -2.200000e-01  2.692219e-02
   endloop
 endfacet
 facet normal  9.679661e-01 -3.527699e-05 -2.510809e-01
   outer loop
     vertex  3.230652e-01 -1.900000e-01  2.554018e-02
     vertex  3.234226e-01 -2.200000e-01  2.692219e-02
     vertex  3.230437e-01 -2.200000e-01  2.546151e-02
   endloop
 endfacet
 facet normal  9.748142e-01 -3.425312e-05 -2.230184e-01
   outer loop
     vertex  3.234416e-01  1.900000e-01  2.700023e-02
     vertex  3.237612e-01  2.200000e-01  2.839271e-02
     vertex  3.237779e-01  1.900000e-01  2.847005e-02
   endloop
 endfacet
 facet normal  9.744899e-01  3.478010e-05 -2.244312e-01
   outer loop
     vertex  3.234226e-01  2.200000e-01  2.692219e-02
     vertex  3.237612e-01  2.200000e-01  2.839271e-02
     vertex  3.234416e-01  1.900000e-01  2.700023e-02
   endloop
 endfacet
 facet normal  9.611271e-01  3.524691e-05 -2.761062e-01
   outer loop
     vertex  3.226489e-01 -1.900000e-01  2.409099e-02
     vertex  3.230652e-01 -1.900000e-01  2.554018e-02
     vertex  3.230437e-01 -2.200000e-01  2.546151e-02
   endloop
 endfacet
 facet normal  9.607136e-01 -3.577298e-05 -2.775416e-01
   outer loop
     vertex  3.226489e-01 -1.900000e-01  2.409099e-02
     vertex  3.230437e-01 -2.200000e-01  2.546151e-02
     vertex  3.226249e-01 -2.200000e-01  2.401178e-02
   endloop
 endfacet
 facet normal  9.683346e-01 -3.475047e-05 -2.496561e-01
   outer loop
     vertex  3.230652e-01  1.900000e-01  2.554018e-02
     vertex  3.234226e-01  2.200000e-01  2.692219e-02
     vertex  3.234416e-01  1.900000e-01  2.700023e-02
   endloop
 endfacet
 facet normal  9.679661e-01  3.527699e-05 -2.510809e-01
   outer loop
     vertex  3.230437e-01  2.200000e-01  2.546151e-02
     vertex  3.234226e-01  2.200000e-01  2.692219e-02
     vertex  3.230652e-01  1.900000e-01  2.554018e-02
   endloop
 endfacet
 facet normal  9.531974e-01  3.574246e-05 -3.023488e-01
   outer loop
     vertex  3.221930e-01 -1.900000e-01  2.265377e-02
     vertex  3.226489e-01 -1.900000e-01  2.409099e-02
     vertex  3.226249e-01 -2.200000e-01  2.401178e-02
   endloop
 endfacet
 facet normal  9.527379e-01 -3.626808e-05 -3.037934e-01
   outer loop
     vertex  3.221930e-01 -1.900000e-01  2.265377e-02
     vertex  3.226249e-01 -2.200000e-01  2.401178e-02
     vertex  3.221664e-01 -2.200000e-01  2.257408e-02
   endloop
 endfacet
 facet normal  9.611271e-01 -3.524691e-05 -2.761062e-01
   outer loop
     vertex  3.226489e-01  1.900000e-01  2.409099e-02
     vertex  3.230437e-01  2.200000e-01  2.546151e-02
     vertex  3.230652e-01  1.900000e-01  2.554018e-02
   endloop
 endfacet
 facet normal  9.607136e-01  3.577298e-05 -2.775416e-01
   outer loop
     vertex  3.226249e-01  2.200000e-01  2.401178e-02
     vertex  3.230437e-01  2.200000e-01  2.546151e-02
     vertex  3.226489e-01  1.900000e-01  2.409099e-02
   endloop
 endfacet
 facet normal  9.445512e-01  3.623710e-05 -3.283641e-01
   outer loop
     vertex  3.216979e-01 -1.900000e-01  2.122957e-02
     vertex  3.221930e-01 -1.900000e-01  2.265377e-02
     vertex  3.221664e-01 -2.200000e-01  2.257408e-02
   endloop
 endfacet
 facet normal  9.440450e-01 -3.676228e-05 -3.298166e-01
   outer loop
     vertex  3.216979e-01 -1.900000e-01  2.122957e-02
     vertex  3.221664e-01 -2.200000e-01  2.257408e-02
     vertex  3.216687e-01 -2.200000e-01  2.114951e-02
   endloop
 endfacet
 facet normal  9.531974e-01 -3.574246e-05 -3.023488e-01
   outer loop
     vertex  3.221930e-01  1.900000e-01  2.265377e-02
     vertex  3.226249e-01  2.200000e-01  2.401178e-02
     vertex  3.226489e-01  1.900000e-01  2.409099e-02
   endloop
 endfacet
 facet normal  9.527379e-01  3.626808e-05 -3.037934e-01
   outer loop
     vertex  3.221664e-01  2.200000e-01  2.257408e-02
     vertex  3.226249e-01  2.200000e-01  2.401178e-02
     vertex  3.221930e-01  1.900000e-01  2.265377e-02
   endloop
 endfacet
 facet normal  9.351952e-01  3.673085e-05 -3.541327e-01
   outer loop
     vertex  3.211639e-01 -1.900000e-01  1.981949e-02
     vertex  3.216979e-01 -1.900000e-01  2.122957e-02
     vertex  3.216687e-01 -2.200000e-01  2.114951e-02
   endloop
 endfacet
 facet normal  9.346415e-01 -3.725558e-05 -3.555914e-01
   outer loop
     vertex  3.211639e-01 -1.900000e-01  1.981949e-02
     vertex  3.216687e-01 -2.200000e-01  2.114951e-02
     vertex  3.211321e-01 -2.200000e-01  1.973912e-02
   endloop
 endfacet
 facet normal  9.445512e-01 -3.623710e-05 -3.283641e-01
   outer loop
     vertex  3.216979e-01  1.900000e-01  2.122957e-02
     vertex  3.221664e-01  2.200000e-01  2.257408e-02
     vertex  3.221930e-01  1.900000e-01  2.265377e-02
   endloop
 endfacet
 facet normal  9.440450e-01  3.676228e-05 -3.298166e-01
   outer loop
     vertex  3.216687e-01  2.200000e-01  2.114951e-02
     vertex  3.221664e-01  2.200000e-01  2.257408e-02
     vertex  3.216979e-01  1.900000e-01  2.122957e-02
   endloop
 endfacet
 facet normal  9.251363e-01  3.722371e-05 -3.796351e-01
   outer loop
     vertex  3.205915e-01 -1.900000e-01  1.842457e-02
     vertex  3.211639e-01 -1.900000e-01  1.981949e-02
     vertex  3.211321e-01 -2.200000e-01  1.973912e-02
   endloop
 endfacet
 facet normal  9.245344e-01 -3.774798e-05 -3.810986e-01
   outer loop
     vertex  3.205915e-01 -1.900000e-01  1.842457e-02
     vertex  3.211321e-01 -2.200000e-01  1.973912e-02
     vertex  3.205571e-01 -2.200000e-01  1.834398e-02
   endloop
 endfacet
 facet normal  9.351952e-01 -3.673085e-05 -3.541327e-01
   outer loop
     vertex  3.211639e-01  1.900000e-01  1.981949e-02
     vertex  3.216687e-01  2.200000e-01  2.114951e-02
     vertex  3.216979e-01  1.900000e-01  2.122957e-02
   endloop
 endfacet
 facet normal  9.346415e-01  3.725558e-05 -3.555914e-01
   outer loop
     vertex  3.211321e-01  2.200000e-01  1.973912e-02
     vertex  3.216687e-01  2.200000e-01  2.114951e-02
     vertex  3.211639e-01  1.900000e-01  1.981949e-02
   endloop
 endfacet
 facet normal  9.137314e-01 -3.823949e-05 -4.063188e-01
   outer loop
     vertex  3.199811e-01 -1.900000e-01  1.704587e-02
     vertex  3.205571e-01 -2.200000e-01  1.834398e-02
     vertex  3.199439e-01 -2.200000e-01  1.696515e-02
   endloop
 endfacet
 facet normal  9.143821e-01  3.771566e-05 -4.048522e-01
   outer loop
     vertex  3.199811e-01 -1.900000e-01  1.704587e-02
     vertex  3.205915e-01 -1.900000e-01  1.842457e-02
     vertex  3.205571e-01 -2.200000e-01  1.834398e-02
   endloop
 endfacet
 facet normal  9.251363e-01 -3.722371e-05 -3.796351e-01
   outer loop
     vertex  3.205915e-01  1.900000e-01  1.842457e-02
     vertex  3.211321e-01  2.200000e-01  1.973912e-02
     vertex  3.211639e-01  1.900000e-01  1.981949e-02
   endloop
 endfacet
 facet normal  9.245344e-01  3.774798e-05 -3.810986e-01
   outer loop
     vertex  3.205571e-01  2.200000e-01  1.834398e-02
     vertex  3.211321e-01  2.200000e-01  1.973912e-02
     vertex  3.205915e-01  1.900000e-01  1.842457e-02
   endloop
 endfacet
 facet normal  9.029407e-01  3.820672e-05 -4.297651e-01
   outer loop
     vertex  3.193331e-01 -1.900000e-01  1.568442e-02
     vertex  3.199811e-01 -1.900000e-01  1.704587e-02
     vertex  3.199439e-01 -2.200000e-01  1.696515e-02
   endloop
 endfacet
 facet normal  9.022405e-01 -3.873010e-05 -4.312333e-01
   outer loop
     vertex  3.193331e-01 -1.900000e-01  1.568442e-02
     vertex  3.199439e-01 -2.200000e-01  1.696515e-02
     vertex  3.192932e-01 -2.200000e-01  1.560366e-02
   endloop
 endfacet
 facet normal  9.143821e-01 -3.771566e-05 -4.048522e-01
   outer loop
     vertex  3.199811e-01  1.900000e-01  1.704587e-02
     vertex  3.205571e-01  2.200000e-01  1.834398e-02
     vertex  3.205915e-01  1.900000e-01  1.842457e-02
   endloop
 endfacet
 facet normal  9.137314e-01  3.823949e-05 -4.063188e-01
   outer loop
     vertex  3.199439e-01  2.200000e-01  1.696515e-02
     vertex  3.205571e-01  2.200000e-01  1.834398e-02
     vertex  3.199811e-01  1.900000e-01  1.704587e-02
   endloop
 endfacet
 facet normal  8.900704e-01 -3.921981e-05 -4.558231e-01
   outer loop
     vertex  3.186480e-01 -1.900000e-01  1.434124e-02
     vertex  3.192932e-01 -2.200000e-01  1.560366e-02
     vertex  3.186053e-01 -2.200000e-01  1.426053e-02
   endloop
 endfacet
 facet normal  8.908207e-01  3.869688e-05 -4.543549e-01
   outer loop
     vertex  3.186480e-01 -1.900000e-01  1.434124e-02
     vertex  3.193331e-01 -1.900000e-01  1.568442e-02
     vertex  3.192932e-01 -2.200000e-01  1.560366e-02
   endloop
 endfacet
 facet normal  9.029407e-01 -3.820672e-05 -4.297651e-01
   outer loop
     vertex  3.193331e-01  1.900000e-01  1.568442e-02
     vertex  3.199439e-01  2.200000e-01  1.696515e-02
     vertex  3.199811e-01  1.900000e-01  1.704587e-02
   endloop
 endfacet
 facet normal  9.022405e-01  3.873010e-05 -4.312333e-01
   outer loop
     vertex  3.192932e-01  2.200000e-01  1.560366e-02
     vertex  3.199439e-01  2.200000e-01  1.696515e-02
     vertex  3.193331e-01  1.900000e-01  1.568442e-02
   endloop
 endfacet
 facet normal  8.780312e-01  3.918614e-05 -4.786033e-01
   outer loop
     vertex  3.179264e-01 -1.900000e-01  1.301734e-02
     vertex  3.186480e-01 -1.900000e-01  1.434124e-02
     vertex  3.186053e-01 -2.200000e-01  1.426053e-02
   endloop
 endfacet
 facet normal  8.772303e-01 -3.970862e-05 -4.800697e-01
   outer loop
     vertex  3.179264e-01 -1.900000e-01  1.301734e-02
     vertex  3.186053e-01 -2.200000e-01  1.426053e-02
     vertex  3.178809e-01 -2.200000e-01  1.293677e-02
   endloop
 endfacet
 facet normal  8.908207e-01 -3.869688e-05 -4.543549e-01
   outer loop
     vertex  3.186480e-01  1.900000e-01  1.434124e-02
     vertex  3.192932e-01  2.200000e-01  1.560366e-02
     vertex  3.193331e-01  1.900000e-01  1.568442e-02
   endloop
 endfacet
 facet normal  8.900704e-01  3.921981e-05 -4.558231e-01
   outer loop
     vertex  3.186053e-01  2.200000e-01  1.426053e-02
     vertex  3.192932e-01  2.200000e-01  1.560366e-02
     vertex  3.186480e-01  1.900000e-01  1.434124e-02
   endloop
 endfacet
 facet normal  8.645819e-01  3.967450e-05 -5.024920e-01
   outer loop
     vertex  3.171687e-01 -1.900000e-01  1.171373e-02
     vertex  3.179264e-01 -1.900000e-01  1.301734e-02
     vertex  3.178809e-01 -2.200000e-01  1.293677e-02
   endloop
 endfacet
 facet normal  8.637299e-01 -4.019653e-05 -5.039550e-01
   outer loop
     vertex  3.171687e-01 -1.900000e-01  1.171373e-02
     vertex  3.178809e-01 -2.200000e-01  1.293677e-02
     vertex  3.171204e-01 -2.200000e-01  1.163339e-02
   endloop
 endfacet
 facet normal  8.780312e-01 -3.918614e-05 -4.786033e-01
   outer loop
     vertex  3.179264e-01  1.900000e-01  1.301734e-02
     vertex  3.186053e-01  2.200000e-01  1.426053e-02
     vertex  3.186480e-01  1.900000e-01  1.434124e-02
   endloop
 endfacet
 facet normal  8.772303e-01  3.970862e-05 -4.800697e-01
   outer loop
     vertex  3.178809e-01  2.200000e-01  1.293677e-02
     vertex  3.186053e-01  2.200000e-01  1.426053e-02
     vertex  3.179264e-01  1.900000e-01  1.301734e-02
   endloop
 endfacet
 facet normal  8.504827e-01  4.016197e-05 -5.260030e-01
   outer loop
     vertex  3.163756e-01 -1.900000e-01  1.043137e-02
     vertex  3.171687e-01 -1.900000e-01  1.171373e-02
     vertex  3.171204e-01 -2.200000e-01  1.163339e-02
   endloop
 endfacet
 facet normal  8.495793e-01 -4.068355e-05 -5.274609e-01
   outer loop
     vertex  3.163756e-01 -1.900000e-01  1.043137e-02
     vertex  3.171204e-01 -2.200000e-01  1.163339e-02
     vertex  3.163245e-01 -2.200000e-01  1.035136e-02
   endloop
 endfacet
 facet normal  8.645819e-01 -3.967450e-05 -5.024920e-01
   outer loop
     vertex  3.171687e-01  1.900000e-01  1.171373e-02
     vertex  3.178809e-01  2.200000e-01  1.293677e-02
     vertex  3.179264e-01  1.900000e-01  1.301734e-02
   endloop
 endfacet
 facet normal  8.637299e-01  4.019653e-05 -5.039550e-01
   outer loop
     vertex  3.171204e-01  2.200000e-01  1.163339e-02
     vertex  3.178809e-01  2.200000e-01  1.293677e-02
     vertex  3.171687e-01  1.900000e-01  1.171373e-02
   endloop
 endfacet
 facet normal  8.357444e-01  4.064853e-05 -5.491187e-01
   outer loop
     vertex  3.155476e-01 -1.900000e-01  9.171241e-03
     vertex  3.163756e-01 -1.900000e-01  1.043137e-02
     vertex  3.163245e-01 -2.200000e-01  1.035136e-02
   endloop
 endfacet
 facet normal  8.347891e-01 -4.116967e-05 -5.505698e-01
   outer loop
     vertex  3.155476e-01 -1.900000e-01  9.171241e-03
     vertex  3.163245e-01 -2.200000e-01  1.035136e-02
     vertex  3.154937e-01 -2.200000e-01  9.091655e-03
   endloop
 endfacet
 facet normal  8.504827e-01 -4.016197e-05 -5.260030e-01
   outer loop
     vertex  3.163756e-01  1.900000e-01  1.043137e-02
     vertex  3.171204e-01  2.200000e-01  1.163339e-02
     vertex  3.171687e-01  1.900000e-01  1.171373e-02
   endloop
 endfacet
 facet normal  8.495793e-01  4.068355e-05 -5.274609e-01
   outer loop
     vertex  3.163245e-01  2.200000e-01  1.035136e-02
     vertex  3.171204e-01  2.200000e-01  1.163339e-02
     vertex  3.163756e-01  1.900000e-01  1.043137e-02
   endloop
 endfacet
 facet normal  8.203779e-01  4.113420e-05 -5.718217e-01
   outer loop
     vertex  3.146854e-01 -1.900000e-01  7.934277e-03
     vertex  3.155476e-01 -1.900000e-01  9.171241e-03
     vertex  3.154937e-01 -2.200000e-01  9.091655e-03
   endloop
 endfacet
 facet normal  8.193706e-01 -4.165489e-05 -5.732642e-01
   outer loop
     vertex  3.146854e-01 -1.900000e-01  7.934277e-03
     vertex  3.154937e-01 -2.200000e-01  9.091655e-03
     vertex  3.146286e-01 -2.200000e-01  7.855213e-03
   endloop
 endfacet
 facet normal  8.357444e-01 -4.064853e-05 -5.491187e-01
   outer loop
     vertex  3.155476e-01  1.900000e-01  9.171241e-03
     vertex  3.163245e-01  2.200000e-01  1.035136e-02
     vertex  3.163756e-01  1.900000e-01  1.043137e-02
   endloop
 endfacet
 facet normal  8.347891e-01  4.116967e-05 -5.505698e-01
   outer loop
     vertex  3.154937e-01  2.200000e-01  9.091655e-03
     vertex  3.163245e-01  2.200000e-01  1.035136e-02
     vertex  3.155476e-01  1.900000e-01  9.171241e-03
   endloop
 endfacet
 facet normal  8.043949e-01  4.161897e-05 -5.940950e-01
   outer loop
     vertex  3.137897e-01 -1.900000e-01  6.721413e-03
     vertex  3.146854e-01 -1.900000e-01  7.934277e-03
     vertex  3.146286e-01 -2.200000e-01  7.855213e-03
   endloop
 endfacet
 facet normal  8.033352e-01 -4.213921e-05 -5.955271e-01
   outer loop
     vertex  3.137897e-01 -1.900000e-01  6.721413e-03
     vertex  3.146286e-01 -2.200000e-01  7.855213e-03
     vertex  3.137299e-01 -2.200000e-01  6.642968e-03
   endloop
 endfacet
 facet normal  8.203779e-01 -4.113420e-05 -5.718217e-01
   outer loop
     vertex  3.146854e-01  1.900000e-01  7.934277e-03
     vertex  3.154937e-01  2.200000e-01  9.091655e-03
     vertex  3.155476e-01  1.900000e-01  9.171241e-03
   endloop
 endfacet
 facet normal  8.193706e-01  4.165489e-05 -5.732642e-01
   outer loop
     vertex  3.146286e-01  2.200000e-01  7.855213e-03
     vertex  3.154937e-01  2.200000e-01  9.091655e-03
     vertex  3.146854e-01  1.900000e-01  7.934277e-03
   endloop
 endfacet
 facet normal  7.878073e-01  4.210285e-05 -6.159218e-01
   outer loop
     vertex  3.128610e-01 -1.900000e-01  5.533559e-03
     vertex  3.137897e-01 -1.900000e-01  6.721413e-03
     vertex  3.137299e-01 -2.200000e-01  6.642968e-03
   endloop
 endfacet
 facet normal  7.866951e-01 -4.262264e-05 -6.173417e-01
   outer loop
     vertex  3.128610e-01 -1.900000e-01  5.533559e-03
     vertex  3.137299e-01 -2.200000e-01  6.642968e-03
     vertex  3.127984e-01 -2.200000e-01  5.455834e-03
   endloop
 endfacet
 facet normal  8.043949e-01 -4.161897e-05 -5.940950e-01
   outer loop
     vertex  3.137897e-01  1.900000e-01  6.721413e-03
     vertex  3.146286e-01  2.200000e-01  7.855213e-03
     vertex  3.146854e-01  1.900000e-01  7.934277e-03
   endloop
 endfacet
 facet normal  8.033352e-01  4.213921e-05 -5.955271e-01
   outer loop
     vertex  3.137299e-01  2.200000e-01  6.642968e-03
     vertex  3.146286e-01  2.200000e-01  7.855213e-03
     vertex  3.137897e-01  1.900000e-01  6.721413e-03
   endloop
 endfacet
 facet normal  7.706277e-01  4.258582e-05 -6.372856e-01
   outer loop
     vertex  3.119001e-01 -1.900000e-01  4.371608e-03
     vertex  3.128610e-01 -1.900000e-01  5.533559e-03
     vertex  3.127984e-01 -2.200000e-01  5.455834e-03
   endloop
 endfacet
 facet normal  7.694628e-01 -4.310516e-05 -6.386916e-01
   outer loop
     vertex  3.119001e-01 -1.900000e-01  4.371608e-03
     vertex  3.127984e-01 -2.200000e-01  5.455834e-03
     vertex  3.118346e-01 -2.200000e-01  4.294703e-03
   endloop
 endfacet
 facet normal  7.878073e-01 -4.210285e-05 -6.159218e-01
   outer loop
     vertex  3.128610e-01  1.900000e-01  5.533559e-03
     vertex  3.137299e-01  2.200000e-01  6.642968e-03
     vertex  3.137897e-01  1.900000e-01  6.721413e-03
   endloop
 endfacet
 facet normal  7.866951e-01  4.262264e-05 -6.173417e-01
   outer loop
     vertex  3.127984e-01  2.200000e-01  5.455834e-03
     vertex  3.137299e-01  2.200000e-01  6.642968e-03
     vertex  3.128610e-01  1.900000e-01  5.533559e-03
   endloop
 endfacet
 facet normal  7.528689e-01  4.306790e-05 -6.581705e-01
   outer loop
     vertex  3.109077e-01 -1.900000e-01  3.236434e-03
     vertex  3.119001e-01 -1.900000e-01  4.371608e-03
     vertex  3.118346e-01 -2.200000e-01  4.294703e-03
   endloop
 endfacet
 facet normal  7.516513e-01 -4.358679e-05 -6.595607e-01
   outer loop
     vertex  3.109077e-01 -1.900000e-01  3.236434e-03
     vertex  3.118346e-01 -2.200000e-01  4.294703e-03
     vertex  3.108393e-01 -2.200000e-01  3.160450e-03
   endloop
 endfacet
 facet normal  7.706277e-01 -4.258582e-05 -6.372856e-01
   outer loop
     vertex  3.119001e-01  1.900000e-01  4.371608e-03
     vertex  3.127984e-01  2.200000e-01  5.455834e-03
     vertex  3.128610e-01  1.900000e-01  5.533559e-03
   endloop
 endfacet
 facet normal  7.694628e-01  4.310516e-05 -6.386916e-01
   outer loop
     vertex  3.118346e-01  2.200000e-01  4.294703e-03
     vertex  3.127984e-01  2.200000e-01  5.455834e-03
     vertex  3.119001e-01  1.900000e-01  4.371608e-03
   endloop
 endfacet
 facet normal  7.345442e-01  4.354908e-05 -6.785608e-01
   outer loop
     vertex  3.098846e-01 -1.900000e-01  2.128890e-03
     vertex  3.109077e-01 -1.900000e-01  3.236434e-03
     vertex  3.108393e-01 -2.200000e-01  3.160450e-03
   endloop
 endfacet
 facet normal  7.332740e-01 -4.406752e-05 -6.799333e-01
   outer loop
     vertex  3.098846e-01 -1.900000e-01  2.128890e-03
     vertex  3.108393e-01 -2.200000e-01  3.160450e-03
     vertex  3.098133e-01 -2.200000e-01  2.053929e-03
   endloop
 endfacet
 facet normal  7.528689e-01 -4.306790e-05 -6.581705e-01
   outer loop
     vertex  3.109077e-01  1.900000e-01  3.236434e-03
     vertex  3.118346e-01  2.200000e-01  4.294703e-03
     vertex  3.119001e-01  1.900000e-01  4.371608e-03
   endloop
 endfacet
 facet normal  7.516513e-01  4.358679e-05 -6.595607e-01
   outer loop
     vertex  3.108393e-01  2.200000e-01  3.160450e-03
     vertex  3.118346e-01  2.200000e-01  4.294703e-03
     vertex  3.109077e-01  1.900000e-01  3.236434e-03
   endloop
 endfacet
 facet normal  7.156676e-01  4.402936e-05 -6.984411e-01
   outer loop
     vertex  3.088315e-01 -1.900000e-01  1.049809e-03
     vertex  3.098846e-01 -1.900000e-01  2.128890e-03
     vertex  3.098133e-01 -2.200000e-01  2.053929e-03
   endloop
 endfacet
 facet normal  7.143447e-01 -4.454736e-05 -6.997940e-01
   outer loop
     vertex  3.088315e-01 -1.900000e-01  1.049809e-03
     vertex  3.098133e-01 -2.200000e-01  2.053929e-03
     vertex  3.087573e-01 -2.200000e-01  9.759725e-04
   endloop
 endfacet
 facet normal  7.345442e-01 -4.354908e-05 -6.785608e-01
   outer loop
     vertex  3.098846e-01  1.900000e-01  2.128890e-03
     vertex  3.108393e-01  2.200000e-01  3.160450e-03
     vertex  3.109077e-01  1.900000e-01  3.236434e-03
   endloop
 endfacet
 facet normal  7.332740e-01  4.406752e-05 -6.799333e-01
   outer loop
     vertex  3.098133e-01  2.200000e-01  2.053929e-03
     vertex  3.108393e-01  2.200000e-01  3.160450e-03
     vertex  3.098846e-01  1.900000e-01  2.128890e-03
   endloop
 endfacet
 facet normal  6.962530e-01  4.450875e-05 -7.177964e-01
   outer loop
     vertex  3.077492e-01 -1.900000e-01  0.000000e+00
     vertex  3.088315e-01 -1.900000e-01  1.049809e-03
     vertex  3.087573e-01 -2.200000e-01  9.759725e-04
   endloop
 endfacet
 facet normal  6.948776e-01 -4.502629e-05 -7.191280e-01
   outer loop
     vertex  3.077492e-01 -1.900000e-01  0.000000e+00
     vertex  3.087573e-01 -2.200000e-01  9.759725e-04
     vertex  3.076721e-01 -2.200000e-01 -7.260799e-05
   endloop
 endfacet
 facet normal  7.156676e-01 -4.402936e-05 -6.984411e-01
   outer loop
     vertex  3.088315e-01  1.900000e-01  1.049809e-03
     vertex  3.098133e-01  2.200000e-01  2.053929e-03
     vertex  3.098846e-01  1.900000e-01  2.128890e-03
   endloop
 endfacet
 facet normal  6.748875e-01  5.182211e-05 -7.379206e-01
   outer loop
     vertex  3.065586e-01 -2.200000e-01 -1.091023e-03
     vertex  3.077492e-01 -1.900000e-01  0.000000e+00
     vertex  3.076721e-01 -2.200000e-01 -7.260799e-05
   endloop
 endfacet
 facet normal  7.143447e-01  4.454736e-05 -6.997940e-01
   outer loop
     vertex  3.087573e-01  2.200000e-01  9.759725e-04
     vertex  3.098133e-01  2.200000e-01  2.053929e-03
     vertex  3.088315e-01  1.900000e-01  1.049809e-03
   endloop
 endfacet
 facet normal  6.962530e-01 -4.450875e-05 -7.177964e-01
   outer loop
     vertex  3.077492e-01  1.900000e-01  0.000000e+00
     vertex  3.087573e-01  2.200000e-01  9.759725e-04
     vertex  3.088315e-01  1.900000e-01  1.049809e-03
   endloop
 endfacet
 facet normal  6.948776e-01  4.502629e-05 -7.191280e-01
   outer loop
     vertex  3.076721e-01  2.200000e-01 -7.260799e-05
     vertex  3.087573e-01  2.200000e-01  9.759725e-04
     vertex  3.077492e-01  1.900000e-01  0.000000e+00
   endloop
 endfacet
 facet normal  6.755976e-01  0.000000e+00 -7.372706e-01
   outer loop
     vertex  3.065586e-01  2.200000e-01 -1.091023e-03
     vertex  3.077492e-01 -1.900000e-01  0.000000e+00
     vertex  3.065586e-01 -2.200000e-01 -1.091023e-03
   endloop
 endfacet
 facet normal  6.755976e-01  0.000000e+00 -7.372706e-01
   outer loop
     vertex  3.065586e-01  2.200000e-01 -1.091023e-03
     vertex  3.077492e-01  1.900000e-01  0.000000e+00
     vertex  3.077492e-01 -1.900000e-01  0.000000e+00
   endloop
 endfacet
 facet normal  6.748875e-01 -5.182211e-05 -7.379206e-01
   outer loop
     vertex  3.065586e-01  2.200000e-01 -1.091023e-03
     vertex  3.076721e-01  2.200000e-01 -7.260799e-05
     vertex  3.077492e-01  1.900000e-01  0.000000e+00
   endloop
 endfacet
 facet normal  6.543893e-01  0.000000e+00 -7.561578e-01
   outer loop
     vertex  3.054175e-01  2.200000e-01 -2.078506e-03
     vertex  3.065586e-01  2.200000e-01 -1.091023e-03
     vertex  3.065586e-01 -2.200000e-01 -1.091023e-03
   endloop
 endfacet
 facet normal  6.543893e-01  0.000000e+00 -7.561578e-01
   outer loop
     vertex  3.054175e-01  2.200000e-01 -2.078506e-03
     vertex  3.065586e-01 -2.200000e-01 -1.091023e-03
     vertex  3.054175e-01 -2.200000e-01 -2.078506e-03
   endloop
 endfacet
 facet normal  6.333986e-01  0.000000e+00 -7.738257e-01
   outer loop
     vertex  3.042498e-01  2.200000e-01 -3.034314e-03
     vertex  3.054175e-01  2.200000e-01 -2.078506e-03
     vertex  3.054175e-01 -2.200000e-01 -2.078506e-03
   endloop
 endfacet
 facet normal  6.333986e-01  0.000000e+00 -7.738257e-01
   outer loop
     vertex  3.042498e-01  2.200000e-01 -3.034314e-03
     vertex  3.054175e-01 -2.200000e-01 -2.078506e-03
     vertex  3.042498e-01 -2.200000e-01 -3.034314e-03
   endloop
 endfacet
 facet normal  6.119310e-01  0.000000e+00 -7.909112e-01
   outer loop
     vertex  3.030563e-01  2.200000e-01 -3.957727e-03
     vertex  3.042498e-01  2.200000e-01 -3.034314e-03
     vertex  3.042498e-01 -2.200000e-01 -3.034314e-03
   endloop
 endfacet
 facet normal  6.119310e-01  0.000000e+00 -7.909112e-01
   outer loop
     vertex  3.030563e-01  2.200000e-01 -3.957727e-03
     vertex  3.042498e-01 -2.200000e-01 -3.034314e-03
     vertex  3.030563e-01 -2.200000e-01 -3.957727e-03
   endloop
 endfacet
 facet normal  5.900028e-01  0.000000e+00 -8.074012e-01
   outer loop
     vertex  3.018379e-01  2.200000e-01 -4.848050e-03
     vertex  3.030563e-01  2.200000e-01 -3.957727e-03
     vertex  3.030563e-01 -2.200000e-01 -3.957727e-03
   endloop
 endfacet
 facet normal  5.900028e-01  0.000000e+00 -8.074012e-01
   outer loop
     vertex  3.018379e-01  2.200000e-01 -4.848050e-03
     vertex  3.030563e-01 -2.200000e-01 -3.957727e-03
     vertex  3.018379e-01 -2.200000e-01 -4.848050e-03
   endloop
 endfacet
 facet normal  5.676304e-01  0.000000e+00 -8.232835e-01
   outer loop
     vertex  3.005956e-01  2.200000e-01 -5.704612e-03
     vertex  3.018379e-01  2.200000e-01 -4.848050e-03
     vertex  3.018379e-01 -2.200000e-01 -4.848050e-03
   endloop
 endfacet
 facet normal  5.676304e-01  0.000000e+00 -8.232835e-01
   outer loop
     vertex  3.005956e-01  2.200000e-01 -5.704612e-03
     vertex  3.018379e-01 -2.200000e-01 -4.848050e-03
     vertex  3.005956e-01 -2.200000e-01 -5.704612e-03
   endloop
 endfacet
 facet normal  5.448308e-01  0.000000e+00 -8.385460e-01
   outer loop
     vertex  2.993302e-01  2.200000e-01 -6.526770e-03
     vertex  3.005956e-01  2.200000e-01 -5.704612e-03
     vertex  3.005956e-01 -2.200000e-01 -5.704612e-03
   endloop
 endfacet
 facet normal  5.448308e-01  0.000000e+00 -8.385460e-01
   outer loop
     vertex  2.993302e-01  2.200000e-01 -6.526770e-03
     vertex  3.005956e-01 -2.200000e-01 -5.704612e-03
     vertex  2.993302e-01 -2.200000e-01 -6.526770e-03
   endloop
 endfacet
 facet normal  5.216210e-01  0.000000e+00 -8.531773e-01
   outer loop
     vertex  2.980427e-01  2.200000e-01 -7.313904e-03
     vertex  2.993302e-01  2.200000e-01 -6.526770e-03
     vertex  2.993302e-01 -2.200000e-01 -6.526770e-03
   endloop
 endfacet
 facet normal  5.216210e-01  0.000000e+00 -8.531773e-01
   outer loop
     vertex  2.980427e-01  2.200000e-01 -7.313904e-03
     vertex  2.993302e-01 -2.200000e-01 -6.526770e-03
     vertex  2.980427e-01 -2.200000e-01 -7.313904e-03
   endloop
 endfacet
 facet normal  4.980186e-01  0.000000e+00 -8.671664e-01
   outer loop
     vertex  2.967342e-01  2.200000e-01 -8.065421e-03
     vertex  2.980427e-01  2.200000e-01 -7.313904e-03
     vertex  2.980427e-01 -2.200000e-01 -7.313904e-03
   endloop
 endfacet
 facet normal  4.980186e-01  0.000000e+00 -8.671664e-01
   outer loop
     vertex  2.967342e-01  2.200000e-01 -8.065421e-03
     vertex  2.980427e-01 -2.200000e-01 -7.313904e-03
     vertex  2.967342e-01 -2.200000e-01 -8.065421e-03
   endloop
 endfacet
 facet normal  4.740412e-01  0.000000e+00 -8.805026e-01
   outer loop
     vertex  2.954055e-01  2.200000e-01 -8.780756e-03
     vertex  2.967342e-01  2.200000e-01 -8.065421e-03
     vertex  2.967342e-01 -2.200000e-01 -8.065421e-03
   endloop
 endfacet
 facet normal  4.740412e-01  0.000000e+00 -8.805026e-01
   outer loop
     vertex  2.954055e-01  2.200000e-01 -8.780756e-03
     vertex  2.967342e-01 -2.200000e-01 -8.065421e-03
     vertex  2.954055e-01 -2.200000e-01 -8.780756e-03
   endloop
 endfacet
 facet normal  4.497071e-01  0.000000e+00 -8.931761e-01
   outer loop
     vertex  2.940577e-01  2.200000e-01 -9.459371e-03
     vertex  2.954055e-01 -2.200000e-01 -8.780756e-03
     vertex  2.940577e-01 -2.200000e-01 -9.459371e-03
   endloop
 endfacet
 facet normal  4.497071e-01  0.000000e+00 -8.931761e-01
   outer loop
     vertex  2.940577e-01  2.200000e-01 -9.459371e-03
     vertex  2.954055e-01  2.200000e-01 -8.780756e-03
     vertex  2.954055e-01 -2.200000e-01 -8.780756e-03
   endloop
 endfacet
 facet normal  4.250344e-01  0.000000e+00 -9.051772e-01
   outer loop
     vertex  2.926917e-01  2.200000e-01 -1.010075e-02
     vertex  2.940577e-01 -2.200000e-01 -9.459371e-03
     vertex  2.926917e-01 -2.200000e-01 -1.010075e-02
   endloop
 endfacet
 facet normal  4.250344e-01  0.000000e+00 -9.051772e-01
   outer loop
     vertex  2.926917e-01  2.200000e-01 -1.010075e-02
     vertex  2.940577e-01  2.200000e-01 -9.459371e-03
     vertex  2.940577e-01 -2.200000e-01 -9.459371e-03
   endloop
 endfacet
 facet normal  4.000417e-01  0.000000e+00 -9.164969e-01
   outer loop
     vertex  2.913087e-01  2.200000e-01 -1.070442e-02
     vertex  2.926917e-01 -2.200000e-01 -1.010075e-02
     vertex  2.913087e-01 -2.200000e-01 -1.070442e-02
   endloop
 endfacet
 facet normal  4.000417e-01  0.000000e+00 -9.164969e-01
   outer loop
     vertex  2.913087e-01  2.200000e-01 -1.070442e-02
     vertex  2.926917e-01  2.200000e-01 -1.010075e-02
     vertex  2.926917e-01 -2.200000e-01 -1.010075e-02
   endloop
 endfacet
 facet normal  3.747479e-01  0.000000e+00 -9.271267e-01
   outer loop
     vertex  2.899097e-01  2.200000e-01 -1.126992e-02
     vertex  2.913087e-01 -2.200000e-01 -1.070442e-02
     vertex  2.899097e-01 -2.200000e-01 -1.126992e-02
   endloop
 endfacet
 facet normal  3.747479e-01  0.000000e+00 -9.271267e-01
   outer loop
     vertex  2.899097e-01  2.200000e-01 -1.126992e-02
     vertex  2.913087e-01  2.200000e-01 -1.070442e-02
     vertex  2.913087e-01 -2.200000e-01 -1.070442e-02
   endloop
 endfacet
 facet normal  3.491720e-01  0.000000e+00 -9.370586e-01
   outer loop
     vertex  2.884956e-01  2.200000e-01 -1.179683e-02
     vertex  2.899097e-01 -2.200000e-01 -1.126992e-02
     vertex  2.884956e-01 -2.200000e-01 -1.179683e-02
   endloop
 endfacet
 facet normal  3.491720e-01  0.000000e+00 -9.370586e-01
   outer loop
     vertex  2.884956e-01  2.200000e-01 -1.179683e-02
     vertex  2.899097e-01  2.200000e-01 -1.126992e-02
     vertex  2.899097e-01 -2.200000e-01 -1.126992e-02
   endloop
 endfacet
 facet normal  3.233333e-01  0.000000e+00 -9.462851e-01
   outer loop
     vertex  2.870677e-01  2.200000e-01 -1.228474e-02
     vertex  2.884956e-01 -2.200000e-01 -1.179683e-02
     vertex  2.870677e-01 -2.200000e-01 -1.228474e-02
   endloop
 endfacet
 facet normal  3.233333e-01  0.000000e+00 -9.462851e-01
   outer loop
     vertex  2.870677e-01  2.200000e-01 -1.228474e-02
     vertex  2.884956e-01  2.200000e-01 -1.179683e-02
     vertex  2.884956e-01 -2.200000e-01 -1.179683e-02
   endloop
 endfacet
 facet normal  2.972512e-01  0.000000e+00 -9.547993e-01
   outer loop
     vertex  2.856269e-01  2.200000e-01 -1.273330e-02
     vertex  2.870677e-01 -2.200000e-01 -1.228474e-02
     vertex  2.856269e-01 -2.200000e-01 -1.273330e-02
   endloop
 endfacet
 facet normal  2.972512e-01  0.000000e+00 -9.547993e-01
   outer loop
     vertex  2.856269e-01  2.200000e-01 -1.273330e-02
     vertex  2.870677e-01  2.200000e-01 -1.228474e-02
     vertex  2.870677e-01 -2.200000e-01 -1.228474e-02
   endloop
 endfacet
 facet normal  2.709453e-01  0.000000e+00 -9.625948e-01
   outer loop
     vertex  2.841743e-01  2.200000e-01 -1.314216e-02
     vertex  2.856269e-01 -2.200000e-01 -1.273330e-02
     vertex  2.841743e-01 -2.200000e-01 -1.314216e-02
   endloop
 endfacet
 facet normal  2.444354e-01  0.000000e+00 -9.696656e-01
   outer loop
     vertex  2.841743e-01  2.200000e-01 -1.314216e-02
     vertex  2.841743e-01 -2.200000e-01 -1.314216e-02
     vertex  2.827111e-01 -2.200000e-01 -1.351102e-02
   endloop
 endfacet
 facet normal  2.709453e-01  0.000000e+00 -9.625948e-01
   outer loop
     vertex  2.841743e-01  2.200000e-01 -1.314216e-02
     vertex  2.856269e-01  2.200000e-01 -1.273330e-02
     vertex  2.856269e-01 -2.200000e-01 -1.273330e-02
   endloop
 endfacet
 facet normal  2.444354e-01  0.000000e+00 -9.696656e-01
   outer loop
     vertex  2.827111e-01  2.200000e-01 -1.351102e-02
     vertex  2.841743e-01  2.200000e-01 -1.314216e-02
     vertex  2.827111e-01 -2.200000e-01 -1.351102e-02
   endloop
 endfacet
 facet normal  2.177416e-01  0.000000e+00 -9.760065e-01
   outer loop
     vertex  2.812383e-01  2.200000e-01 -1.383959e-02
     vertex  2.827111e-01 -2.200000e-01 -1.351102e-02
     vertex  2.812383e-01 -2.200000e-01 -1.383959e-02
   endloop
 endfacet
 facet normal  1.908838e-01  0.000000e+00 -9.816126e-01
   outer loop
     vertex  2.812383e-01  2.200000e-01 -1.383959e-02
     vertex  2.812383e-01 -2.200000e-01 -1.383959e-02
     vertex  2.797570e-01 -2.200000e-01 -1.412764e-02
   endloop
 endfacet
 facet normal  2.177416e-01  0.000000e+00 -9.760065e-01
   outer loop
     vertex  2.812383e-01  2.200000e-01 -1.383959e-02
     vertex  2.827111e-01  2.200000e-01 -1.351102e-02
     vertex  2.827111e-01 -2.200000e-01 -1.351102e-02
   endloop
 endfacet
 facet normal  1.908838e-01  0.000000e+00 -9.816126e-01
   outer loop
     vertex  2.797570e-01  2.200000e-01 -1.412764e-02
     vertex  2.812383e-01  2.200000e-01 -1.383959e-02
     vertex  2.797570e-01 -2.200000e-01 -1.412764e-02
   endloop
 endfacet
 facet normal  1.638824e-01  0.000000e+00 -9.864799e-01
   outer loop
     vertex  2.782684e-01  2.200000e-01 -1.437494e-02
     vertex  2.797570e-01 -2.200000e-01 -1.412764e-02
     vertex  2.782684e-01 -2.200000e-01 -1.437494e-02
   endloop
 endfacet
 facet normal  1.638824e-01  0.000000e+00 -9.864799e-01
   outer loop
     vertex  2.782684e-01  2.200000e-01 -1.437494e-02
     vertex  2.797570e-01  2.200000e-01 -1.412764e-02
     vertex  2.797570e-01 -2.200000e-01 -1.412764e-02
   endloop
 endfacet
 facet normal  1.367575e-01  0.000000e+00 -9.906046e-01
   outer loop
     vertex  2.767735e-01  2.200000e-01 -1.458131e-02
     vertex  2.782684e-01 -2.200000e-01 -1.437494e-02
     vertex  2.767735e-01 -2.200000e-01 -1.458131e-02
   endloop
 endfacet
 facet normal  1.367575e-01  0.000000e+00 -9.906046e-01
   outer loop
     vertex  2.767735e-01  2.200000e-01 -1.458131e-02
     vertex  2.782684e-01  2.200000e-01 -1.437494e-02
     vertex  2.782684e-01 -2.200000e-01 -1.437494e-02
   endloop
 endfacet
 facet normal  1.095298e-01  0.000000e+00 -9.939835e-01
   outer loop
     vertex  2.752736e-01  2.200000e-01 -1.474659e-02
     vertex  2.767735e-01 -2.200000e-01 -1.458131e-02
     vertex  2.752736e-01 -2.200000e-01 -1.474659e-02
   endloop
 endfacet
 facet normal  1.095298e-01  0.000000e+00 -9.939835e-01
   outer loop
     vertex  2.752736e-01  2.200000e-01 -1.474659e-02
     vertex  2.767735e-01  2.200000e-01 -1.458131e-02
     vertex  2.767735e-01 -2.200000e-01 -1.458131e-02
   endloop
 endfacet
 facet normal  8.221955e-02  0.000000e+00 -9.966142e-01
   outer loop
     vertex  2.737697e-01  2.200000e-01 -1.487066e-02
     vertex  2.752736e-01 -2.200000e-01 -1.474659e-02
     vertex  2.737697e-01 -2.200000e-01 -1.487066e-02
   endloop
 endfacet
 facet normal  5.484744e-02  0.000000e+00 -9.984947e-01
   outer loop
     vertex  2.737697e-01  2.200000e-01 -1.487066e-02
     vertex  2.737697e-01 -2.200000e-01 -1.487066e-02
     vertex  2.722630e-01 -2.200000e-01 -1.495343e-02
   endloop
 endfacet
 facet normal  8.221955e-02  0.000000e+00 -9.966142e-01
   outer loop
     vertex  2.737697e-01  2.200000e-01 -1.487066e-02
     vertex  2.752736e-01  2.200000e-01 -1.474659e-02
     vertex  2.752736e-01 -2.200000e-01 -1.474659e-02
   endloop
 endfacet
 facet normal  5.484744e-02  0.000000e+00 -9.984947e-01
   outer loop
     vertex  2.722630e-01  2.200000e-01 -1.495343e-02
     vertex  2.737697e-01  2.200000e-01 -1.487066e-02
     vertex  2.722630e-01 -2.200000e-01 -1.495343e-02
   endloop
 endfacet
 facet normal  2.743405e-02  0.000000e+00 -9.996236e-01
   outer loop
     vertex  2.707545e-01  2.200000e-01 -1.499482e-02
     vertex  2.722630e-01  2.200000e-01 -1.495343e-02
     vertex  2.722630e-01 -2.200000e-01 -1.495343e-02
   endloop
 endfacet
 facet normal  2.743405e-02  0.000000e+00 -9.996236e-01
   outer loop
     vertex  2.707545e-01  2.200000e-01 -1.499482e-02
     vertex  2.722630e-01 -2.200000e-01 -1.495343e-02
     vertex  2.707545e-01 -2.200000e-01 -1.499482e-02
   endloop
 endfacet
 facet normal -4.598295e-15  0.000000e+00 -1.000000e+00
   outer loop
     vertex  2.692455e-01  2.200000e-01 -1.499482e-02
     vertex  2.707545e-01  2.200000e-01 -1.499482e-02
     vertex  2.707545e-01 -2.200000e-01 -1.499482e-02
   endloop
 endfacet
 facet normal -4.598295e-15 -0.000000e+00 -1.000000e+00
   outer loop
     vertex  2.692455e-01  2.200000e-01 -1.499482e-02
     vertex  2.707545e-01 -2.200000e-01 -1.499482e-02
     vertex  2.692455e-01 -2.200000e-01 -1.499482e-02
   endloop
 endfacet
 facet normal -2.743405e-02 -0.000000e+00 -9.996236e-01
   outer loop
     vertex  2.692455e-01  2.200000e-01 -1.499482e-02
     vertex  2.692455e-01 -2.200000e-01 -1.499482e-02
     vertex  2.677370e-01 -2.200000e-01 -1.495343e-02
   endloop
 endfacet
 facet normal -2.743405e-02 -0.000000e+00 -9.996236e-01
   outer loop
     vertex  2.677370e-01  2.200000e-01 -1.495343e-02
     vertex  2.692455e-01  2.200000e-01 -1.499482e-02
     vertex  2.677370e-01 -2.200000e-01 -1.495343e-02
   endloop
 endfacet
 facet normal -5.484744e-02 -0.000000e+00 -9.984947e-01
   outer loop
     vertex  2.662303e-01  2.200000e-01 -1.487066e-02
     vertex  2.677370e-01 -2.200000e-01 -1.495343e-02
     vertex  2.662303e-01 -2.200000e-01 -1.487066e-02
   endloop
 endfacet
 facet normal -5.484744e-02  0.000000e+00 -9.984947e-01
   outer loop
     vertex  2.662303e-01  2.200000e-01 -1.487066e-02
     vertex  2.677370e-01  2.200000e-01 -1.495343e-02
     vertex  2.677370e-01 -2.200000e-01 -1.495343e-02
   endloop
 endfacet
 facet normal -8.221955e-02 -0.000000e+00 -9.966142e-01
   outer loop
     vertex  2.662303e-01  2.200000e-01 -1.487066e-02
     vertex  2.662303e-01 -2.200000e-01 -1.487066e-02
     vertex  2.647264e-01 -2.200000e-01 -1.474659e-02
   endloop
 endfacet
 facet normal -1.095298e-01 -0.000000e+00 -9.939835e-01
   outer loop
     vertex  2.647264e-01  2.200000e-01 -1.474659e-02
     vertex  2.647264e-01 -2.200000e-01 -1.474659e-02
     vertex  2.632265e-01 -2.200000e-01 -1.458131e-02
   endloop
 endfacet
 facet normal -8.221955e-02 -0.000000e+00 -9.966142e-01
   outer loop
     vertex  2.647264e-01  2.200000e-01 -1.474659e-02
     vertex  2.662303e-01  2.200000e-01 -1.487066e-02
     vertex  2.647264e-01 -2.200000e-01 -1.474659e-02
   endloop
 endfacet
 facet normal -1.095298e-01 -0.000000e+00 -9.939835e-01
   outer loop
     vertex  2.632265e-01  2.200000e-01 -1.458131e-02
     vertex  2.647264e-01  2.200000e-01 -1.474659e-02
     vertex  2.632265e-01 -2.200000e-01 -1.458131e-02
   endloop
 endfacet
 facet normal -1.367575e-01 -0.000000e+00 -9.906046e-01
   outer loop
     vertex  2.617316e-01  2.200000e-01 -1.437494e-02
     vertex  2.632265e-01 -2.200000e-01 -1.458131e-02
     vertex  2.617316e-01 -2.200000e-01 -1.437494e-02
   endloop
 endfacet
 facet normal -1.367575e-01  0.000000e+00 -9.906046e-01
   outer loop
     vertex  2.617316e-01  2.200000e-01 -1.437494e-02
     vertex  2.632265e-01  2.200000e-01 -1.458131e-02
     vertex  2.632265e-01 -2.200000e-01 -1.458131e-02
   endloop
 endfacet
 facet normal -1.638824e-01 -0.000000e+00 -9.864799e-01
   outer loop
     vertex  2.602430e-01  2.200000e-01 -1.412764e-02
     vertex  2.617316e-01 -2.200000e-01 -1.437494e-02
     vertex  2.602430e-01 -2.200000e-01 -1.412764e-02
   endloop
 endfacet
 facet normal -1.908838e-01 -0.000000e+00 -9.816126e-01
   outer loop
     vertex  2.602430e-01  2.200000e-01 -1.412764e-02
     vertex  2.602430e-01 -2.200000e-01 -1.412764e-02
     vertex  2.587617e-01 -2.200000e-01 -1.383959e-02
   endloop
 endfacet
 facet normal -1.638824e-01  0.000000e+00 -9.864799e-01
   outer loop
     vertex  2.602430e-01  2.200000e-01 -1.412764e-02
     vertex  2.617316e-01  2.200000e-01 -1.437494e-02
     vertex  2.617316e-01 -2.200000e-01 -1.437494e-02
   endloop
 endfacet
 facet normal -1.908838e-01 -0.000000e+00 -9.816126e-01
   outer loop
     vertex  2.587617e-01  2.200000e-01 -1.383959e-02
     vertex  2.602430e-01  2.200000e-01 -1.412764e-02
     vertex  2.587617e-01 -2.200000e-01 -1.383959e-02
   endloop
 endfacet
 facet normal -2.177416e-01 -0.000000e+00 -9.760065e-01
   outer loop
     vertex  2.572889e-01  2.200000e-01 -1.351102e-02
     vertex  2.587617e-01 -2.200000e-01 -1.383959e-02
     vertex  2.572889e-01 -2.200000e-01 -1.351102e-02
   endloop
 endfacet
 facet normal -2.177416e-01  0.000000e+00 -9.760065e-01
   outer loop
     vertex  2.572889e-01  2.200000e-01 -1.351102e-02
     vertex  2.587617e-01  2.200000e-01 -1.383959e-02
     vertex  2.587617e-01 -2.200000e-01 -1.383959e-02
   endloop
 endfacet
 facet normal -2.444354e-01 -0.000000e+00 -9.696656e-01
   outer loop
     vertex  2.558257e-01  2.200000e-01 -1.314216e-02
     vertex  2.572889e-01 -2.200000e-01 -1.351102e-02
     vertex  2.558257e-01 -2.200000e-01 -1.314216e-02
   endloop
 endfacet
 facet normal -2.444354e-01  0.000000e+00 -9.696656e-01
   outer loop
     vertex  2.558257e-01  2.200000e-01 -1.314216e-02
     vertex  2.572889e-01  2.200000e-01 -1.351102e-02
     vertex  2.572889e-01 -2.200000e-01 -1.351102e-02
   endloop
 endfacet
 facet normal -2.709453e-01 -0.000000e+00 -9.625948e-01
   outer loop
     vertex  2.543731e-01  2.200000e-01 -1.273330e-02
     vertex  2.558257e-01 -2.200000e-01 -1.314216e-02
     vertex  2.543731e-01 -2.200000e-01 -1.273330e-02
   endloop
 endfacet
 facet normal -2.709453e-01  0.000000e+00 -9.625948e-01
   outer loop
     vertex  2.543731e-01  2.200000e-01 -1.273330e-02
     vertex  2.558257e-01  2.200000e-01 -1.314216e-02
     vertex  2.558257e-01 -2.200000e-01 -1.314216e-02
   endloop
 endfacet
 facet normal -2.972512e-01 -0.000000e+00 -9.547993e-01
   outer loop
     vertex  2.529323e-01  2.200000e-01 -1.228474e-02
     vertex  2.543731e-01 -2.200000e-01 -1.273330e-02
     vertex  2.529323e-01 -2.200000e-01 -1.228474e-02
   endloop
 endfacet
 facet normal -2.972512e-01  0.000000e+00 -9.547993e-01
   outer loop
     vertex  2.529323e-01  2.200000e-01 -1.228474e-02
     vertex  2.543731e-01  2.200000e-01 -1.273330e-02
     vertex  2.543731e-01 -2.200000e-01 -1.273330e-02
   endloop
 endfacet
 facet normal -3.233333e-01 -0.000000e+00 -9.462851e-01
   outer loop
     vertex  2.515044e-01  2.200000e-01 -1.179683e-02
     vertex  2.529323e-01 -2.200000e-01 -1.228474e-02
     vertex  2.515044e-01 -2.200000e-01 -1.179683e-02
   endloop
 endfacet
 facet normal -3.233333e-01  0.000000e+00 -9.462851e-01
   outer loop
     vertex  2.515044e-01  2.200000e-01 -1.179683e-02
     vertex  2.529323e-01  2.200000e-01 -1.228474e-02
     vertex  2.529323e-01 -2.200000e-01 -1.228474e-02
   endloop
 endfacet
 facet normal -3.491720e-01 -0.000000e+00 -9.370586e-01
   outer loop
     vertex  2.500903e-01  2.200000e-01 -1.126992e-02
     vertex  2.515044e-01 -2.200000e-01 -1.179683e-02
     vertex  2.500903e-01 -2.200000e-01 -1.126992e-02
   endloop
 endfacet
 facet normal -3.491720e-01  0.000000e+00 -9.370586e-01
   outer loop
     vertex  2.500903e-01  2.200000e-01 -1.126992e-02
     vertex  2.515044e-01  2.200000e-01 -1.179683e-02
     vertex  2.515044e-01 -2.200000e-01 -1.179683e-02
   endloop
 endfacet
 facet normal -3.747479e-01 -0.000000e+00 -9.271267e-01
   outer loop
     vertex  2.486913e-01  2.200000e-01 -1.070442e-02
     vertex  2.500903e-01 -2.200000e-01 -1.126992e-02
     vertex  2.486913e-01 -2.200000e-01 -1.070442e-02
   endloop
 endfacet
 facet normal -4.000417e-01 -0.000000e+00 -9.164969e-01
   outer loop
     vertex  2.486913e-01  2.200000e-01 -1.070442e-02
     vertex  2.486913e-01 -2.200000e-01 -1.070442e-02
     vertex  2.473083e-01 -2.200000e-01 -1.010075e-02
   endloop
 endfacet
 facet normal -3.747479e-01  0.000000e+00 -9.271267e-01
   outer loop
     vertex  2.486913e-01  2.200000e-01 -1.070442e-02
     vertex  2.500903e-01  2.200000e-01 -1.126992e-02
     vertex  2.500903e-01 -2.200000e-01 -1.126992e-02
   endloop
 endfacet
 facet normal -4.000417e-01 -0.000000e+00 -9.164969e-01
   outer loop
     vertex  2.473083e-01  2.200000e-01 -1.010075e-02
     vertex  2.486913e-01  2.200000e-01 -1.070442e-02
     vertex  2.473083e-01 -2.200000e-01 -1.010075e-02
   endloop
 endfacet
 facet normal -4.250344e-01 -0.000000e+00 -9.051772e-01
   outer loop
     vertex  2.459423e-01  2.200000e-01 -9.459371e-03
     vertex  2.473083e-01 -2.200000e-01 -1.010075e-02
     vertex  2.459423e-01 -2.200000e-01 -9.459371e-03
   endloop
 endfacet
 facet normal -4.250344e-01  0.000000e+00 -9.051772e-01
   outer loop
     vertex  2.459423e-01  2.200000e-01 -9.459371e-03
     vertex  2.473083e-01  2.200000e-01 -1.010075e-02
     vertex  2.473083e-01 -2.200000e-01 -1.010075e-02
   endloop
 endfacet
 facet normal -4.497071e-01 -0.000000e+00 -8.931761e-01
   outer loop
     vertex  2.445945e-01  2.200000e-01 -8.780756e-03
     vertex  2.459423e-01 -2.200000e-01 -9.459371e-03
     vertex  2.445945e-01 -2.200000e-01 -8.780756e-03
   endloop
 endfacet
 facet normal -4.497071e-01  0.000000e+00 -8.931761e-01
   outer loop
     vertex  2.445945e-01  2.200000e-01 -8.780756e-03
     vertex  2.459423e-01  2.200000e-01 -9.459371e-03
     vertex  2.459423e-01 -2.200000e-01 -9.459371e-03
   endloop
 endfacet
 facet normal -4.740412e-01 -0.000000e+00 -8.805026e-01
   outer loop
     vertex  2.432658e-01  2.200000e-01 -8.065421e-03
     vertex  2.445945e-01 -2.200000e-01 -8.780756e-03
     vertex  2.432658e-01 -2.200000e-01 -8.065421e-03
   endloop
 endfacet
 facet normal -4.980186e-01 -0.000000e+00 -8.671664e-01
   outer loop
     vertex  2.432658e-01  2.200000e-01 -8.065421e-03
     vertex  2.432658e-01 -2.200000e-01 -8.065421e-03
     vertex  2.419573e-01 -2.200000e-01 -7.313904e-03
   endloop
 endfacet
 facet normal -4.740412e-01  0.000000e+00 -8.805026e-01
   outer loop
     vertex  2.432658e-01  2.200000e-01 -8.065421e-03
     vertex  2.445945e-01  2.200000e-01 -8.780756e-03
     vertex  2.445945e-01 -2.200000e-01 -8.780756e-03
   endloop
 endfacet
 facet normal -4.980186e-01 -0.000000e+00 -8.671664e-01
   outer loop
     vertex  2.419573e-01  2.200000e-01 -7.313904e-03
     vertex  2.432658e-01  2.200000e-01 -8.065421e-03
     vertex  2.419573e-01 -2.200000e-01 -7.313904e-03
   endloop
 endfacet
 facet normal -5.216210e-01 -0.000000e+00 -8.531773e-01
   outer loop
     vertex  2.406698e-01  2.200000e-01 -6.526770e-03
     vertex  2.419573e-01 -2.200000e-01 -7.313904e-03
     vertex  2.406698e-01 -2.200000e-01 -6.526770e-03
   endloop
 endfacet
 facet normal -5.216210e-01  0.000000e+00 -8.531773e-01
   outer loop
     vertex  2.406698e-01  2.200000e-01 -6.526770e-03
     vertex  2.419573e-01  2.200000e-01 -7.313904e-03
     vertex  2.419573e-01 -2.200000e-01 -7.313904e-03
   endloop
 endfacet
 facet normal -5.448308e-01 -0.000000e+00 -8.385460e-01
   outer loop
     vertex  2.394044e-01  2.200000e-01 -5.704612e-03
     vertex  2.406698e-01 -2.200000e-01 -6.526770e-03
     vertex  2.394044e-01 -2.200000e-01 -5.704612e-03
   endloop
 endfacet
 facet normal -5.448308e-01  0.000000e+00 -8.385460e-01
   outer loop
     vertex  2.394044e-01  2.200000e-01 -5.704612e-03
     vertex  2.406698e-01  2.200000e-01 -6.526770e-03
     vertex  2.406698e-01 -2.200000e-01 -6.526770e-03
   endloop
 endfacet
 facet normal -5.676304e-01  0.000000e+00 -8.232835e-01
   outer loop
     vertex  2.381621e-01  2.200000e-01 -4.848050e-03
     vertex  2.394044e-01  2.200000e-01 -5.704612e-03
     vertex  2.394044e-01 -2.200000e-01 -5.704612e-03
   endloop
 endfacet
 facet normal -5.676304e-01 -0.000000e+00 -8.232835e-01
   outer loop
     vertex  2.381621e-01  2.200000e-01 -4.848050e-03
     vertex  2.394044e-01 -2.200000e-01 -5.704612e-03
     vertex  2.381621e-01 -2.200000e-01 -4.848050e-03
   endloop
 endfacet
 facet normal -5.900028e-01  0.000000e+00 -8.074012e-01
   outer loop
     vertex  2.369437e-01  2.200000e-01 -3.957727e-03
     vertex  2.381621e-01  2.200000e-01 -4.848050e-03
     vertex  2.381621e-01 -2.200000e-01 -4.848050e-03
   endloop
 endfacet
 facet normal -5.900028e-01 -0.000000e+00 -8.074012e-01
   outer loop
     vertex  2.369437e-01  2.200000e-01 -3.957727e-03
     vertex  2.381621e-01 -2.200000e-01 -4.848050e-03
     vertex  2.369437e-01 -2.200000e-01 -3.957727e-03
   endloop
 endfacet
 facet normal -6.119310e-01  0.000000e+00 -7.909112e-01
   outer loop
     vertex  2.357502e-01  2.200000e-01 -3.034314e-03
     vertex  2.369437e-01  2.200000e-01 -3.957727e-03
     vertex  2.369437e-01 -2.200000e-01 -3.957727e-03
   endloop
 endfacet
 facet normal -6.119310e-01 -0.000000e+00 -7.909112e-01
   outer loop
     vertex  2.357502e-01  2.200000e-01 -3.034314e-03
     vertex  2.369437e-01 -2.200000e-01 -3.957727e-03
     vertex  2.357502e-01 -2.200000e-01 -3.034314e-03
   endloop
 endfacet
 facet normal -6.333986e-01  0.000000e+00 -7.738257e-01
   outer loop
     vertex  2.345825e-01  2.200000e-01 -2.078506e-03
     vertex  2.357502e-01  2.200000e-01 -3.034314e-03
     vertex  2.357502e-01 -2.200000e-01 -3.034314e-03
   endloop
 endfacet
 facet normal -6.333986e-01 -0.000000e+00 -7.738257e-01
   outer loop
     vertex  2.345825e-01  2.200000e-01 -2.078506e-03
     vertex  2.357502e-01 -2.200000e-01 -3.034314e-03
     vertex  2.345825e-01 -2.200000e-01 -2.078506e-03
   endloop
 endfacet
 facet normal -6.748875e-01  5.182211e-05 -7.379206e-01
   outer loop
     vertex  2.322508e-01 -1.900000e-01  0.000000e+00
     vertex  2.334414e-01 -2.200000e-01 -1.091023e-03
     vertex  2.323279e-01 -2.200000e-01 -7.260799e-05
   endloop
 endfacet
 facet normal -6.948776e-01 -4.502629e-05 -7.191280e-01
   outer loop
     vertex  2.312427e-01 -2.200000e-01  9.759725e-04
     vertex  2.322508e-01 -1.900000e-01  0.000000e+00
     vertex  2.323279e-01 -2.200000e-01 -7.260799e-05
   endloop
 endfacet
 facet normal -6.543893e-01  0.000000e+00 -7.561578e-01
   outer loop
     vertex  2.334414e-01  2.200000e-01 -1.091023e-03
     vertex  2.345825e-01  2.200000e-01 -2.078506e-03
     vertex  2.345825e-01 -2.200000e-01 -2.078506e-03
   endloop
 endfacet
 facet normal -6.543893e-01 -0.000000e+00 -7.561578e-01
   outer loop
     vertex  2.334414e-01  2.200000e-01 -1.091023e-03
     vertex  2.345825e-01 -2.200000e-01 -2.078506e-03
     vertex  2.334414e-01 -2.200000e-01 -1.091023e-03
   endloop
 endfacet
 facet normal -6.962530e-01  4.450875e-05 -7.177964e-01
   outer loop
     vertex  2.311685e-01 -1.900000e-01  1.049809e-03
     vertex  2.322508e-01 -1.900000e-01  0.000000e+00
     vertex  2.312427e-01 -2.200000e-01  9.759725e-04
   endloop
 endfacet
 facet normal -6.755976e-01 -0.000000e+00 -7.372706e-01
   outer loop
     vertex  2.322508e-01  1.900000e-01  0.000000e+00
     vertex  2.334414e-01 -2.200000e-01 -1.091023e-03
     vertex  2.322508e-01 -1.900000e-01  0.000000e+00
   endloop
 endfacet
 facet normal -6.755976e-01  0.000000e+00 -7.372706e-01
   outer loop
     vertex  2.322508e-01  1.900000e-01  0.000000e+00
     vertex  2.334414e-01  2.200000e-01 -1.091023e-03
     vertex  2.334414e-01 -2.200000e-01 -1.091023e-03
   endloop
 endfacet
 facet normal -7.143447e-01 -4.454736e-05 -6.997940e-01
   outer loop
     vertex  2.301867e-01 -2.200000e-01  2.053929e-03
     vertex  2.311685e-01 -1.900000e-01  1.049809e-03
     vertex  2.312427e-01 -2.200000e-01  9.759725e-04
   endloop
 endfacet
 facet normal -6.748875e-01 -5.182211e-05 -7.379206e-01
   outer loop
     vertex  2.323279e-01  2.200000e-01 -7.260799e-05
     vertex  2.334414e-01  2.200000e-01 -1.091023e-03
     vertex  2.322508e-01  1.900000e-01  0.000000e+00
   endloop
 endfacet
 facet normal -7.156676e-01  4.402936e-05 -6.984411e-01
   outer loop
     vertex  2.301154e-01 -1.900000e-01  2.128890e-03
     vertex  2.311685e-01 -1.900000e-01  1.049809e-03
     vertex  2.301867e-01 -2.200000e-01  2.053929e-03
   endloop
 endfacet
 facet normal -7.332740e-01 -4.406752e-05 -6.799333e-01
   outer loop
     vertex  2.291607e-01 -2.200000e-01  3.160450e-03
     vertex  2.301154e-01 -1.900000e-01  2.128890e-03
     vertex  2.301867e-01 -2.200000e-01  2.053929e-03
   endloop
 endfacet
 facet normal -6.962530e-01 -4.450875e-05 -7.177964e-01
   outer loop
     vertex  2.312427e-01  2.200000e-01  9.759725e-04
     vertex  2.322508e-01  1.900000e-01  0.000000e+00
     vertex  2.311685e-01  1.900000e-01  1.049809e-03
   endloop
 endfacet
 facet normal -6.948776e-01  4.502629e-05 -7.191280e-01
   outer loop
     vertex  2.312427e-01  2.200000e-01  9.759725e-04
     vertex  2.323279e-01  2.200000e-01 -7.260799e-05
     vertex  2.322508e-01  1.900000e-01  0.000000e+00
   endloop
 endfacet
 facet normal -7.345442e-01  4.354908e-05 -6.785608e-01
   outer loop
     vertex  2.290923e-01 -1.900000e-01  3.236434e-03
     vertex  2.301154e-01 -1.900000e-01  2.128890e-03
     vertex  2.291607e-01 -2.200000e-01  3.160450e-03
   endloop
 endfacet
 facet normal -7.516513e-01 -4.358679e-05 -6.595607e-01
   outer loop
     vertex  2.281654e-01 -2.200000e-01  4.294703e-03
     vertex  2.290923e-01 -1.900000e-01  3.236434e-03
     vertex  2.291607e-01 -2.200000e-01  3.160450e-03
   endloop
 endfacet
 facet normal -7.156676e-01 -4.402936e-05 -6.984411e-01
   outer loop
     vertex  2.301867e-01  2.200000e-01  2.053929e-03
     vertex  2.311685e-01  1.900000e-01  1.049809e-03
     vertex  2.301154e-01  1.900000e-01  2.128890e-03
   endloop
 endfacet
 facet normal -7.143447e-01  4.454736e-05 -6.997940e-01
   outer loop
     vertex  2.301867e-01  2.200000e-01  2.053929e-03
     vertex  2.312427e-01  2.200000e-01  9.759725e-04
     vertex  2.311685e-01  1.900000e-01  1.049809e-03
   endloop
 endfacet
 facet normal -7.528689e-01  4.306790e-05 -6.581705e-01
   outer loop
     vertex  2.280999e-01 -1.900000e-01  4.371608e-03
     vertex  2.290923e-01 -1.900000e-01  3.236434e-03
     vertex  2.281654e-01 -2.200000e-01  4.294703e-03
   endloop
 endfacet
 facet normal -7.694628e-01 -4.310516e-05 -6.386916e-01
   outer loop
     vertex  2.272016e-01 -2.200000e-01  5.455834e-03
     vertex  2.280999e-01 -1.900000e-01  4.371608e-03
     vertex  2.281654e-01 -2.200000e-01  4.294703e-03
   endloop
 endfacet
 facet normal -7.345442e-01 -4.354908e-05 -6.785608e-01
   outer loop
     vertex  2.291607e-01  2.200000e-01  3.160450e-03
     vertex  2.301154e-01  1.900000e-01  2.128890e-03
     vertex  2.290923e-01  1.900000e-01  3.236434e-03
   endloop
 endfacet
 facet normal -7.332740e-01  4.406752e-05 -6.799333e-01
   outer loop
     vertex  2.291607e-01  2.200000e-01  3.160450e-03
     vertex  2.301867e-01  2.200000e-01  2.053929e-03
     vertex  2.301154e-01  1.900000e-01  2.128890e-03
   endloop
 endfacet
 facet normal -7.706277e-01  4.258582e-05 -6.372856e-01
   outer loop
     vertex  2.271390e-01 -1.900000e-01  5.533559e-03
     vertex  2.280999e-01 -1.900000e-01  4.371608e-03
     vertex  2.272016e-01 -2.200000e-01  5.455834e-03
   endloop
 endfacet
 facet normal -7.866951e-01 -4.262264e-05 -6.173417e-01
   outer loop
     vertex  2.262701e-01 -2.200000e-01  6.642968e-03
     vertex  2.271390e-01 -1.900000e-01  5.533559e-03
     vertex  2.272016e-01 -2.200000e-01  5.455834e-03
   endloop
 endfacet
 facet normal -7.528689e-01 -4.306790e-05 -6.581705e-01
   outer loop
     vertex  2.281654e-01  2.200000e-01  4.294703e-03
     vertex  2.290923e-01  1.900000e-01  3.236434e-03
     vertex  2.280999e-01  1.900000e-01  4.371608e-03
   endloop
 endfacet
 facet normal -7.516513e-01  4.358679e-05 -6.595607e-01
   outer loop
     vertex  2.281654e-01  2.200000e-01  4.294703e-03
     vertex  2.291607e-01  2.200000e-01  3.160450e-03
     vertex  2.290923e-01  1.900000e-01  3.236434e-03
   endloop
 endfacet
 facet normal -7.878073e-01  4.210285e-05 -6.159218e-01
   outer loop
     vertex  2.262103e-01 -1.900000e-01  6.721413e-03
     vertex  2.271390e-01 -1.900000e-01  5.533559e-03
     vertex  2.262701e-01 -2.200000e-01  6.642968e-03
   endloop
 endfacet
 facet normal -8.033352e-01 -4.213921e-05 -5.955271e-01
   outer loop
     vertex  2.253714e-01 -2.200000e-01  7.855213e-03
     vertex  2.262103e-01 -1.900000e-01  6.721413e-03
     vertex  2.262701e-01 -2.200000e-01  6.642968e-03
   endloop
 endfacet
 facet normal -7.706277e-01 -4.258582e-05 -6.372856e-01
   outer loop
     vertex  2.272016e-01  2.200000e-01  5.455834e-03
     vertex  2.280999e-01  1.900000e-01  4.371608e-03
     vertex  2.271390e-01  1.900000e-01  5.533559e-03
   endloop
 endfacet
 facet normal -7.694628e-01  4.310516e-05 -6.386916e-01
   outer loop
     vertex  2.272016e-01  2.200000e-01  5.455834e-03
     vertex  2.281654e-01  2.200000e-01  4.294703e-03
     vertex  2.280999e-01  1.900000e-01  4.371608e-03
   endloop
 endfacet
 facet normal -8.043949e-01  4.161897e-05 -5.940950e-01
   outer loop
     vertex  2.253146e-01 -1.900000e-01  7.934277e-03
     vertex  2.262103e-01 -1.900000e-01  6.721413e-03
     vertex  2.253714e-01 -2.200000e-01  7.855213e-03
   endloop
 endfacet
 facet normal -8.193706e-01 -4.165489e-05 -5.732642e-01
   outer loop
     vertex  2.245063e-01 -2.200000e-01  9.091655e-03
     vertex  2.253146e-01 -1.900000e-01  7.934277e-03
     vertex  2.253714e-01 -2.200000e-01  7.855213e-03
   endloop
 endfacet
 facet normal -7.878073e-01 -4.210285e-05 -6.159218e-01
   outer loop
     vertex  2.262701e-01  2.200000e-01  6.642968e-03
     vertex  2.271390e-01  1.900000e-01  5.533559e-03
     vertex  2.262103e-01  1.900000e-01  6.721413e-03
   endloop
 endfacet
 facet normal -7.866951e-01  4.262264e-05 -6.173417e-01
   outer loop
     vertex  2.262701e-01  2.200000e-01  6.642968e-03
     vertex  2.272016e-01  2.200000e-01  5.455834e-03
     vertex  2.271390e-01  1.900000e-01  5.533559e-03
   endloop
 endfacet
 facet normal -8.203779e-01  4.113420e-05 -5.718217e-01
   outer loop
     vertex  2.244524e-01 -1.900000e-01  9.171241e-03
     vertex  2.253146e-01 -1.900000e-01  7.934277e-03
     vertex  2.245063e-01 -2.200000e-01  9.091655e-03
   endloop
 endfacet
 facet normal -8.347891e-01 -4.116967e-05 -5.505698e-01
   outer loop
     vertex  2.236755e-01 -2.200000e-01  1.035136e-02
     vertex  2.244524e-01 -1.900000e-01  9.171241e-03
     vertex  2.245063e-01 -2.200000e-01  9.091655e-03
   endloop
 endfacet
 facet normal -8.043949e-01 -4.161897e-05 -5.940950e-01
   outer loop
     vertex  2.253714e-01  2.200000e-01  7.855213e-03
     vertex  2.262103e-01  1.900000e-01  6.721413e-03
     vertex  2.253146e-01  1.900000e-01  7.934277e-03
   endloop
 endfacet
 facet normal -8.033352e-01  4.213921e-05 -5.955271e-01
   outer loop
     vertex  2.253714e-01  2.200000e-01  7.855213e-03
     vertex  2.262701e-01  2.200000e-01  6.642968e-03
     vertex  2.262103e-01  1.900000e-01  6.721413e-03
   endloop
 endfacet
 facet normal -8.357444e-01  4.064853e-05 -5.491187e-01
   outer loop
     vertex  2.236244e-01 -1.900000e-01  1.043137e-02
     vertex  2.244524e-01 -1.900000e-01  9.171241e-03
     vertex  2.236755e-01 -2.200000e-01  1.035136e-02
   endloop
 endfacet
 facet normal -8.495793e-01 -4.068355e-05 -5.274609e-01
   outer loop
     vertex  2.228796e-01 -2.200000e-01  1.163339e-02
     vertex  2.236244e-01 -1.900000e-01  1.043137e-02
     vertex  2.236755e-01 -2.200000e-01  1.035136e-02
   endloop
 endfacet
 facet normal -8.203779e-01 -4.113420e-05 -5.718217e-01
   outer loop
     vertex  2.245063e-01  2.200000e-01  9.091655e-03
     vertex  2.253146e-01  1.900000e-01  7.934277e-03
     vertex  2.244524e-01  1.900000e-01  9.171241e-03
   endloop
 endfacet
 facet normal -8.193706e-01  4.165489e-05 -5.732642e-01
   outer loop
     vertex  2.245063e-01  2.200000e-01  9.091655e-03
     vertex  2.253714e-01  2.200000e-01  7.855213e-03
     vertex  2.253146e-01  1.900000e-01  7.934277e-03
   endloop
 endfacet
 facet normal -8.504827e-01  4.016197e-05 -5.260030e-01
   outer loop
     vertex  2.228313e-01 -1.900000e-01  1.171373e-02
     vertex  2.236244e-01 -1.900000e-01  1.043137e-02
     vertex  2.228796e-01 -2.200000e-01  1.163339e-02
   endloop
 endfacet
 facet normal -8.637299e-01 -4.019653e-05 -5.039550e-01
   outer loop
     vertex  2.221191e-01 -2.200000e-01  1.293677e-02
     vertex  2.228313e-01 -1.900000e-01  1.171373e-02
     vertex  2.228796e-01 -2.200000e-01  1.163339e-02
   endloop
 endfacet
 facet normal -8.357444e-01 -4.064853e-05 -5.491187e-01
   outer loop
     vertex  2.236755e-01  2.200000e-01  1.035136e-02
     vertex  2.244524e-01  1.900000e-01  9.171241e-03
     vertex  2.236244e-01  1.900000e-01  1.043137e-02
   endloop
 endfacet
 facet normal -8.347891e-01  4.116967e-05 -5.505698e-01
   outer loop
     vertex  2.236755e-01  2.200000e-01  1.035136e-02
     vertex  2.245063e-01  2.200000e-01  9.091655e-03
     vertex  2.244524e-01  1.900000e-01  9.171241e-03
   endloop
 endfacet
 facet normal -8.645819e-01  3.967450e-05 -5.024920e-01
   outer loop
     vertex  2.220736e-01 -1.900000e-01  1.301734e-02
     vertex  2.228313e-01 -1.900000e-01  1.171373e-02
     vertex  2.221191e-01 -2.200000e-01  1.293677e-02
   endloop
 endfacet
 facet normal -8.772303e-01 -3.970862e-05 -4.800697e-01
   outer loop
     vertex  2.213947e-01 -2.200000e-01  1.426053e-02
     vertex  2.220736e-01 -1.900000e-01  1.301734e-02
     vertex  2.221191e-01 -2.200000e-01  1.293677e-02
   endloop
 endfacet
 facet normal -8.495793e-01  4.068355e-05 -5.274609e-01
   outer loop
     vertex  2.228796e-01  2.200000e-01  1.163339e-02
     vertex  2.236755e-01  2.200000e-01  1.035136e-02
     vertex  2.236244e-01  1.900000e-01  1.043137e-02
   endloop
 endfacet
 facet normal -8.504827e-01 -4.016197e-05 -5.260030e-01
   outer loop
     vertex  2.228796e-01  2.200000e-01  1.163339e-02
     vertex  2.236244e-01  1.900000e-01  1.043137e-02
     vertex  2.228313e-01  1.900000e-01  1.171373e-02
   endloop
 endfacet
 facet normal -8.780312e-01  3.918614e-05 -4.786033e-01
   outer loop
     vertex  2.213520e-01 -1.900000e-01  1.434124e-02
     vertex  2.220736e-01 -1.900000e-01  1.301734e-02
     vertex  2.213947e-01 -2.200000e-01  1.426053e-02
   endloop
 endfacet
 facet normal -8.900704e-01 -3.921981e-05 -4.558231e-01
   outer loop
     vertex  2.207068e-01 -2.200000e-01  1.560366e-02
     vertex  2.213520e-01 -1.900000e-01  1.434124e-02
     vertex  2.213947e-01 -2.200000e-01  1.426053e-02
   endloop
 endfacet
 facet normal -8.637299e-01  4.019653e-05 -5.039550e-01
   outer loop
     vertex  2.221191e-01  2.200000e-01  1.293677e-02
     vertex  2.228796e-01  2.200000e-01  1.163339e-02
     vertex  2.228313e-01  1.900000e-01  1.171373e-02
   endloop
 endfacet
 facet normal -8.645819e-01 -3.967450e-05 -5.024920e-01
   outer loop
     vertex  2.221191e-01  2.200000e-01  1.293677e-02
     vertex  2.228313e-01  1.900000e-01  1.171373e-02
     vertex  2.220736e-01  1.900000e-01  1.301734e-02
   endloop
 endfacet
 facet normal -8.908207e-01  3.869688e-05 -4.543549e-01
   outer loop
     vertex  2.206669e-01 -1.900000e-01  1.568442e-02
     vertex  2.213520e-01 -1.900000e-01  1.434124e-02
     vertex  2.207068e-01 -2.200000e-01  1.560366e-02
   endloop
 endfacet
 facet normal -9.022405e-01 -3.873010e-05 -4.312333e-01
   outer loop
     vertex  2.200561e-01 -2.200000e-01  1.696515e-02
     vertex  2.206669e-01 -1.900000e-01  1.568442e-02
     vertex  2.207068e-01 -2.200000e-01  1.560366e-02
   endloop
 endfacet
 facet normal -8.772303e-01  3.970862e-05 -4.800697e-01
   outer loop
     vertex  2.213947e-01  2.200000e-01  1.426053e-02
     vertex  2.221191e-01  2.200000e-01  1.293677e-02
     vertex  2.220736e-01  1.900000e-01  1.301734e-02
   endloop
 endfacet
 facet normal -8.780312e-01 -3.918614e-05 -4.786033e-01
   outer loop
     vertex  2.213947e-01  2.200000e-01  1.426053e-02
     vertex  2.220736e-01  1.900000e-01  1.301734e-02
     vertex  2.213520e-01  1.900000e-01  1.434124e-02
   endloop
 endfacet
 facet normal -9.029407e-01  3.820672e-05 -4.297651e-01
   outer loop
     vertex  2.200189e-01 -1.900000e-01  1.704587e-02
     vertex  2.206669e-01 -1.900000e-01  1.568442e-02
     vertex  2.200561e-01 -2.200000e-01  1.696515e-02
   endloop
 endfacet
 facet normal -9.137314e-01 -3.823949e-05 -4.063188e-01
   outer loop
     vertex  2.194429e-01 -2.200000e-01  1.834398e-02
     vertex  2.200189e-01 -1.900000e-01  1.704587e-02
     vertex  2.200561e-01 -2.200000e-01  1.696515e-02
   endloop
 endfacet
 facet normal -8.900704e-01  3.921981e-05 -4.558231e-01
   outer loop
     vertex  2.207068e-01  2.200000e-01  1.560366e-02
     vertex  2.213947e-01  2.200000e-01  1.426053e-02
     vertex  2.213520e-01  1.900000e-01  1.434124e-02
   endloop
 endfacet
 facet normal -8.908207e-01 -3.869688e-05 -4.543549e-01
   outer loop
     vertex  2.207068e-01  2.200000e-01  1.560366e-02
     vertex  2.213520e-01  1.900000e-01  1.434124e-02
     vertex  2.206669e-01  1.900000e-01  1.568442e-02
   endloop
 endfacet
 facet normal -9.143821e-01  3.771566e-05 -4.048522e-01
   outer loop
     vertex  2.194085e-01 -1.900000e-01  1.842457e-02
     vertex  2.200189e-01 -1.900000e-01  1.704587e-02
     vertex  2.194429e-01 -2.200000e-01  1.834398e-02
   endloop
 endfacet
 facet normal -9.245344e-01 -3.774798e-05 -3.810986e-01
   outer loop
     vertex  2.188679e-01 -2.200000e-01  1.973912e-02
     vertex  2.194085e-01 -1.900000e-01  1.842457e-02
     vertex  2.194429e-01 -2.200000e-01  1.834398e-02
   endloop
 endfacet
 facet normal -9.029407e-01 -3.820672e-05 -4.297651e-01
   outer loop
     vertex  2.200561e-01  2.200000e-01  1.696515e-02
     vertex  2.206669e-01  1.900000e-01  1.568442e-02
     vertex  2.200189e-01  1.900000e-01  1.704587e-02
   endloop
 endfacet
 facet normal -9.022405e-01  3.873010e-05 -4.312333e-01
   outer loop
     vertex  2.200561e-01  2.200000e-01  1.696515e-02
     vertex  2.207068e-01  2.200000e-01  1.560366e-02
     vertex  2.206669e-01  1.900000e-01  1.568442e-02
   endloop
 endfacet
 facet normal -9.251363e-01  3.722371e-05 -3.796351e-01
   outer loop
     vertex  2.188361e-01 -1.900000e-01  1.981949e-02
     vertex  2.194085e-01 -1.900000e-01  1.842457e-02
     vertex  2.188679e-01 -2.200000e-01  1.973912e-02
   endloop
 endfacet
 facet normal -9.346415e-01 -3.725558e-05 -3.555914e-01
   outer loop
     vertex  2.183313e-01 -2.200000e-01  2.114951e-02
     vertex  2.188361e-01 -1.900000e-01  1.981949e-02
     vertex  2.188679e-01 -2.200000e-01  1.973912e-02
   endloop
 endfacet
 facet normal -9.143821e-01 -3.771566e-05 -4.048522e-01
   outer loop
     vertex  2.194429e-01  2.200000e-01  1.834398e-02
     vertex  2.200189e-01  1.900000e-01  1.704587e-02
     vertex  2.194085e-01  1.900000e-01  1.842457e-02
   endloop
 endfacet
 facet normal -9.137314e-01  3.823949e-05 -4.063188e-01
   outer loop
     vertex  2.194429e-01  2.200000e-01  1.834398e-02
     vertex  2.200561e-01  2.200000e-01  1.696515e-02
     vertex  2.200189e-01  1.900000e-01  1.704587e-02
   endloop
 endfacet
 facet normal -9.351952e-01  3.673085e-05 -3.541327e-01
   outer loop
     vertex  2.183021e-01 -1.900000e-01  2.122957e-02
     vertex  2.188361e-01 -1.900000e-01  1.981949e-02
     vertex  2.183313e-01 -2.200000e-01  2.114951e-02
   endloop
 endfacet
 facet normal -9.440450e-01 -3.676228e-05 -3.298166e-01
   outer loop
     vertex  2.178336e-01 -2.200000e-01  2.257408e-02
     vertex  2.183021e-01 -1.900000e-01  2.122957e-02
     vertex  2.183313e-01 -2.200000e-01  2.114951e-02
   endloop
 endfacet
 facet normal -9.251363e-01 -3.722371e-05 -3.796351e-01
   outer loop
     vertex  2.188679e-01  2.200000e-01  1.973912e-02
     vertex  2.194085e-01  1.900000e-01  1.842457e-02
     vertex  2.188361e-01  1.900000e-01  1.981949e-02
   endloop
 endfacet
 facet normal -9.245344e-01  3.774798e-05 -3.810986e-01
   outer loop
     vertex  2.188679e-01  2.200000e-01  1.973912e-02
     vertex  2.194429e-01  2.200000e-01  1.834398e-02
     vertex  2.194085e-01  1.900000e-01  1.842457e-02
   endloop
 endfacet
 facet normal -9.445512e-01  3.623710e-05 -3.283641e-01
   outer loop
     vertex  2.178070e-01 -1.900000e-01  2.265377e-02
     vertex  2.183021e-01 -1.900000e-01  2.122957e-02
     vertex  2.178336e-01 -2.200000e-01  2.257408e-02
   endloop
 endfacet
 facet normal -9.527379e-01 -3.626808e-05 -3.037934e-01
   outer loop
     vertex  2.173751e-01 -2.200000e-01  2.401178e-02
     vertex  2.178070e-01 -1.900000e-01  2.265377e-02
     vertex  2.178336e-01 -2.200000e-01  2.257408e-02
   endloop
 endfacet
 facet normal -9.351952e-01 -3.673085e-05 -3.541327e-01
   outer loop
     vertex  2.183313e-01  2.200000e-01  2.114951e-02
     vertex  2.188361e-01  1.900000e-01  1.981949e-02
     vertex  2.183021e-01  1.900000e-01  2.122957e-02
   endloop
 endfacet
 facet normal -9.346415e-01  3.725558e-05 -3.555914e-01
   outer loop
     vertex  2.183313e-01  2.200000e-01  2.114951e-02
     vertex  2.188679e-01  2.200000e-01  1.973912e-02
     vertex  2.188361e-01  1.900000e-01  1.981949e-02
   endloop
 endfacet
 facet normal -9.531974e-01  3.574246e-05 -3.023488e-01
   outer loop
     vertex  2.173511e-01 -1.900000e-01  2.409099e-02
     vertex  2.178070e-01 -1.900000e-01  2.265377e-02
     vertex  2.173751e-01 -2.200000e-01  2.401178e-02
   endloop
 endfacet
 facet normal -9.607136e-01 -3.577298e-05 -2.775416e-01
   outer loop
     vertex  2.169563e-01 -2.200000e-01  2.546151e-02
     vertex  2.173511e-01 -1.900000e-01  2.409099e-02
     vertex  2.173751e-01 -2.200000e-01  2.401178e-02
   endloop
 endfacet
 facet normal -9.445512e-01 -3.623710e-05 -3.283641e-01
   outer loop
     vertex  2.178336e-01  2.200000e-01  2.257408e-02
     vertex  2.183021e-01  1.900000e-01  2.122957e-02
     vertex  2.178070e-01  1.900000e-01  2.265377e-02
   endloop
 endfacet
 facet normal -9.440450e-01  3.676228e-05 -3.298166e-01
   outer loop
     vertex  2.178336e-01  2.200000e-01  2.257408e-02
     vertex  2.183313e-01  2.200000e-01  2.114951e-02
     vertex  2.183021e-01  1.900000e-01  2.122957e-02
   endloop
 endfacet
 facet normal -9.611271e-01  3.524691e-05 -2.761062e-01
   outer loop
     vertex  2.169348e-01 -1.900000e-01  2.554018e-02
     vertex  2.173511e-01 -1.900000e-01  2.409099e-02
     vertex  2.169563e-01 -2.200000e-01  2.546151e-02
   endloop
 endfacet
 facet normal -9.679661e-01 -3.527699e-05 -2.510809e-01
   outer loop
     vertex  2.165774e-01 -2.200000e-01  2.692219e-02
     vertex  2.169348e-01 -1.900000e-01  2.554018e-02
     vertex  2.169563e-01 -2.200000e-01  2.546151e-02
   endloop
 endfacet
 facet normal -9.531974e-01 -3.574246e-05 -3.023488e-01
   outer loop
     vertex  2.173751e-01  2.200000e-01  2.401178e-02
     vertex  2.178070e-01  1.900000e-01  2.265377e-02
     vertex  2.173511e-01  1.900000e-01  2.409099e-02
   endloop
 endfacet
 facet normal -9.527379e-01  3.626808e-05 -3.037934e-01
   outer loop
     vertex  2.173751e-01  2.200000e-01  2.401178e-02
     vertex  2.178336e-01  2.200000e-01  2.257408e-02
     vertex  2.178070e-01  1.900000e-01  2.265377e-02
   endloop
 endfacet
 facet normal -9.683346e-01  3.475047e-05 -2.496561e-01
   outer loop
     vertex  2.165584e-01 -1.900000e-01  2.700023e-02
     vertex  2.169348e-01 -1.900000e-01  2.554018e-02
     vertex  2.165774e-01 -2.200000e-01  2.692219e-02
   endloop
 endfacet
 facet normal -9.744899e-01 -3.478010e-05 -2.244312e-01
   outer loop
     vertex  2.162388e-01 -2.200000e-01  2.839271e-02
     vertex  2.165584e-01 -1.900000e-01  2.700023e-02
     vertex  2.165774e-01 -2.200000e-01  2.692219e-02
   endloop
 endfacet
 facet normal -9.611271e-01 -3.524691e-05 -2.761062e-01
   outer loop
     vertex  2.169563e-01  2.200000e-01  2.546151e-02
     vertex  2.173511e-01  1.900000e-01  2.409099e-02
     vertex  2.169348e-01  1.900000e-01  2.554018e-02
   endloop
 endfacet
 facet normal -9.607136e-01  3.577298e-05 -2.775416e-01
   outer loop
     vertex  2.169563e-01  2.200000e-01  2.546151e-02
     vertex  2.173751e-01  2.200000e-01  2.401178e-02
     vertex  2.173511e-01  1.900000e-01  2.409099e-02
   endloop
 endfacet
 facet normal -9.748142e-01  3.425312e-05 -2.230184e-01
   outer loop
     vertex  2.162221e-01 -1.900000e-01  2.847005e-02
     vertex  2.165584e-01 -1.900000e-01  2.700023e-02
     vertex  2.162388e-01 -2.200000e-01  2.839271e-02
   endloop
 endfacet
 facet normal -9.802802e-01 -3.428230e-05 -1.976125e-01
   outer loop
     vertex  2.159406e-01 -2.200000e-01  2.987196e-02
     vertex  2.162221e-01 -1.900000e-01  2.847005e-02
     vertex  2.162388e-01 -2.200000e-01  2.839271e-02
   endloop
 endfacet
 facet normal -9.683346e-01 -3.475047e-05 -2.496561e-01
   outer loop
     vertex  2.165774e-01  2.200000e-01  2.692219e-02
     vertex  2.169348e-01  1.900000e-01  2.554018e-02
     vertex  2.165584e-01  1.900000e-01  2.700023e-02
   endloop
 endfacet
 facet normal -9.679661e-01  3.527699e-05 -2.510809e-01
   outer loop
     vertex  2.165774e-01  2.200000e-01  2.692219e-02
     vertex  2.169563e-01  2.200000e-01  2.546151e-02
     vertex  2.169348e-01  1.900000e-01  2.554018e-02
   endloop
 endfacet
 facet normal -9.805613e-01  3.375488e-05 -1.962130e-01
   outer loop
     vertex  2.159263e-01 -1.900000e-01  2.994854e-02
     vertex  2.162221e-01 -1.900000e-01  2.847005e-02
     vertex  2.159406e-01 -2.200000e-01  2.987196e-02
   endloop
 endfacet
 facet normal -9.853326e-01 -3.378362e-05 -1.706451e-01
   outer loop
     vertex  2.156831e-01 -2.200000e-01  3.135884e-02
     vertex  2.159263e-01 -1.900000e-01  2.994854e-02
     vertex  2.159406e-01 -2.200000e-01  2.987196e-02
   endloop
 endfacet
 facet normal -9.748142e-01 -3.425312e-05 -2.230184e-01
   outer loop
     vertex  2.162388e-01  2.200000e-01  2.839271e-02
     vertex  2.165584e-01  1.900000e-01  2.700023e-02
     vertex  2.162221e-01  1.900000e-01  2.847005e-02
   endloop
 endfacet
 facet normal -9.744899e-01  3.478010e-05 -2.244312e-01
   outer loop
     vertex  2.162388e-01  2.200000e-01  2.839271e-02
     vertex  2.165774e-01  2.200000e-01  2.692219e-02
     vertex  2.165584e-01  1.900000e-01  2.700023e-02
   endloop
 endfacet
 facet normal -9.855714e-01  3.325575e-05 -1.692602e-01
   outer loop
     vertex  2.156711e-01 -1.900000e-01  3.143458e-02
     vertex  2.159263e-01 -1.900000e-01  2.994854e-02
     vertex  2.156831e-01 -2.200000e-01  3.135884e-02
   endloop
 endfacet
 facet normal -9.896432e-01 -3.328403e-05 -1.435492e-01
   outer loop
     vertex  2.154664e-01 -2.200000e-01  3.285223e-02
     vertex  2.156711e-01 -1.900000e-01  3.143458e-02
     vertex  2.156831e-01 -2.200000e-01  3.135884e-02
   endloop
 endfacet
 facet normal -9.805613e-01 -3.375488e-05 -1.962130e-01
   outer loop
     vertex  2.159406e-01  2.200000e-01  2.987196e-02
     vertex  2.162221e-01  1.900000e-01  2.847005e-02
     vertex  2.159263e-01  1.900000e-01  2.994854e-02
   endloop
 endfacet
 facet normal -9.802802e-01  3.428230e-05 -1.976125e-01
   outer loop
     vertex  2.159406e-01  2.200000e-01  2.987196e-02
     vertex  2.162388e-01  2.200000e-01  2.839271e-02
     vertex  2.162221e-01  1.900000e-01  2.847005e-02
   endloop
 endfacet
 facet normal -9.898408e-01  3.275571e-05 -1.421802e-01
   outer loop
     vertex  2.154567e-01 -1.900000e-01  3.292706e-02
     vertex  2.156711e-01 -1.900000e-01  3.143458e-02
     vertex  2.154664e-01 -2.200000e-01  3.285223e-02
   endloop
 endfacet
 facet normal -9.932088e-01 -3.278355e-05 -1.163452e-01
   outer loop
     vertex  2.152909e-01 -2.200000e-01  3.435100e-02
     vertex  2.154567e-01 -1.900000e-01  3.292706e-02
     vertex  2.154664e-01 -2.200000e-01  3.285223e-02
   endloop
 endfacet
 facet normal -9.853326e-01  3.378362e-05 -1.706451e-01
   outer loop
     vertex  2.156831e-01  2.200000e-01  3.135884e-02
     vertex  2.159406e-01  2.200000e-01  2.987196e-02
     vertex  2.159263e-01  1.900000e-01  2.994854e-02
   endloop
 endfacet
 facet normal -9.855714e-01 -3.325575e-05 -1.692602e-01
   outer loop
     vertex  2.156831e-01  2.200000e-01  3.135884e-02
     vertex  2.159263e-01  1.900000e-01  2.994854e-02
     vertex  2.156711e-01  1.900000e-01  3.143458e-02
   endloop
 endfacet
 facet normal -9.933663e-01  3.225478e-05 -1.149933e-01
   outer loop
     vertex  2.152833e-01 -1.900000e-01  3.442486e-02
     vertex  2.154567e-01 -1.900000e-01  3.292706e-02
     vertex  2.152909e-01 -2.200000e-01  3.435100e-02
   endloop
 endfacet
 facet normal -9.960268e-01 -3.228216e-05 -8.905371e-02
   outer loop
     vertex  2.151565e-01 -2.200000e-01  3.585402e-02
     vertex  2.152833e-01 -1.900000e-01  3.442486e-02
     vertex  2.152909e-01 -2.200000e-01  3.435100e-02
   endloop
 endfacet
 facet normal -9.896432e-01  3.328403e-05 -1.435492e-01
   outer loop
     vertex  2.154664e-01  2.200000e-01  3.285223e-02
     vertex  2.156831e-01  2.200000e-01  3.135884e-02
     vertex  2.156711e-01  1.900000e-01  3.143458e-02
   endloop
 endfacet
 facet normal -9.898408e-01 -3.275571e-05 -1.421802e-01
   outer loop
     vertex  2.154664e-01  2.200000e-01  3.285223e-02
     vertex  2.156711e-01  1.900000e-01  3.143458e-02
     vertex  2.154567e-01  1.900000e-01  3.292706e-02
   endloop
 endfacet
 facet normal -9.961452e-01  3.175295e-05 -8.772003e-02
   outer loop
     vertex  2.151510e-01 -1.900000e-01  3.592684e-02
     vertex  2.152833e-01 -1.900000e-01  3.442486e-02
     vertex  2.151565e-01 -2.200000e-01  3.585402e-02
   endloop
 endfacet
 facet normal -9.980950e-01 -3.177988e-05 -6.169515e-02
   outer loop
     vertex  2.150634e-01 -2.200000e-01  3.736016e-02
     vertex  2.151510e-01 -1.900000e-01  3.592684e-02
     vertex  2.151565e-01 -2.200000e-01  3.585402e-02
   endloop
 endfacet
 facet normal -9.932088e-01  3.278355e-05 -1.163452e-01
   outer loop
     vertex  2.152909e-01  2.200000e-01  3.435100e-02
     vertex  2.154664e-01  2.200000e-01  3.285223e-02
     vertex  2.154567e-01  1.900000e-01  3.292706e-02
   endloop
 endfacet
 facet normal -9.933663e-01 -3.225478e-05 -1.149933e-01
   outer loop
     vertex  2.152909e-01  2.200000e-01  3.435100e-02
     vertex  2.154567e-01  1.900000e-01  3.292706e-02
     vertex  2.152833e-01  1.900000e-01  3.442486e-02
   endloop
 endfacet
 facet normal -9.981754e-01  3.125022e-05 -6.038081e-02
   outer loop
     vertex  2.150600e-01 -1.900000e-01  3.743189e-02
     vertex  2.151510e-01 -1.900000e-01  3.592684e-02
     vertex  2.150634e-01 -2.200000e-01  3.736016e-02
   endloop
 endfacet
 facet normal -9.994119e-01 -3.127671e-05 -3.429014e-02
   outer loop
     vertex  2.150116e-01 -2.200000e-01  3.886828e-02
     vertex  2.150600e-01 -1.900000e-01  3.743189e-02
     vertex  2.150634e-01 -2.200000e-01  3.736016e-02
   endloop
 endfacet
 facet normal -9.960268e-01  3.228216e-05 -8.905371e-02
   outer loop
     vertex  2.151565e-01  2.200000e-01  3.585402e-02
     vertex  2.152909e-01  2.200000e-01  3.435100e-02
     vertex  2.152833e-01  1.900000e-01  3.442486e-02
   endloop
 endfacet
 facet normal -9.961452e-01 -3.175295e-05 -8.772003e-02
   outer loop
     vertex  2.151565e-01  2.200000e-01  3.585402e-02
     vertex  2.152833e-01  1.900000e-01  3.442486e-02
     vertex  2.151510e-01  1.900000e-01  3.592684e-02
   endloop
 endfacet
 facet normal -9.994555e-01  3.074659e-05 -3.299621e-02
   outer loop
     vertex  2.150102e-01 -1.900000e-01  3.893887e-02
     vertex  2.150600e-01 -1.900000e-01  3.743189e-02
     vertex  2.150116e-01 -2.200000e-01  3.886828e-02
   endloop
 endfacet
 facet normal -9.999765e-01 -3.077263e-05 -6.859319e-03
   outer loop
     vertex  2.150013e-01 -2.200000e-01  4.037726e-02
     vertex  2.150102e-01 -1.900000e-01  3.893887e-02
     vertex  2.150116e-01 -2.200000e-01  3.886828e-02
   endloop
 endfacet
 facet normal -9.980950e-01  3.177988e-05 -6.169515e-02
   outer loop
     vertex  2.150634e-01  2.200000e-01  3.736016e-02
     vertex  2.151565e-01  2.200000e-01  3.585402e-02
     vertex  2.151510e-01  1.900000e-01  3.592684e-02
   endloop
 endfacet
 facet normal -9.981754e-01 -3.125022e-05 -6.038081e-02
   outer loop
     vertex  2.150634e-01  2.200000e-01  3.736016e-02
     vertex  2.151510e-01  1.900000e-01  3.592684e-02
     vertex  2.150600e-01  1.900000e-01  3.743189e-02
   endloop
 endfacet
 facet normal -9.999844e-01  3.024207e-05 -5.586810e-03
   outer loop
     vertex  2.150018e-01 -1.900000e-01  4.044664e-02
     vertex  2.150102e-01 -1.900000e-01  3.893887e-02
     vertex  2.150013e-01 -2.200000e-01  4.037726e-02
   endloop
 endfacet
 facet normal -9.997883e-01 -3.026766e-05  2.057667e-02
   outer loop
     vertex  2.150323e-01 -2.200000e-01  4.188596e-02
     vertex  2.150018e-01 -1.900000e-01  4.044664e-02
     vertex  2.150013e-01 -2.200000e-01  4.037726e-02
   endloop
 endfacet
 facet normal -9.994555e-01 -3.074659e-05 -3.299621e-02
   outer loop
     vertex  2.150116e-01  2.200000e-01  3.886828e-02
     vertex  2.150600e-01  1.900000e-01  3.743189e-02
     vertex  2.150102e-01  1.900000e-01  3.893887e-02
   endloop
 endfacet
 facet normal -9.994119e-01  3.127671e-05 -3.429014e-02
   outer loop
     vertex  2.150116e-01  2.200000e-01  3.886828e-02
     vertex  2.150634e-01  2.200000e-01  3.736016e-02
     vertex  2.150600e-01  1.900000e-01  3.743189e-02
   endloop
 endfacet
 facet normal -9.997618e-01  2.973664e-05  2.182679e-02
   outer loop
     vertex  2.150347e-01 -1.900000e-01  4.195408e-02
     vertex  2.150018e-01 -1.900000e-01  4.044664e-02
     vertex  2.150323e-01 -2.200000e-01  4.188596e-02
   endloop
 endfacet
 facet normal -9.988475e-01 -2.976178e-05  4.799716e-02
   outer loop
     vertex  2.151048e-01 -2.200000e-01  4.339323e-02
     vertex  2.150347e-01 -1.900000e-01  4.195408e-02
     vertex  2.150323e-01 -2.200000e-01  4.188596e-02
   endloop
 endfacet
 facet normal -9.999844e-01 -3.024207e-05 -5.586810e-03
   outer loop
     vertex  2.150013e-01  2.200000e-01  4.037726e-02
     vertex  2.150102e-01  1.900000e-01  3.893887e-02
     vertex  2.150018e-01  1.900000e-01  4.044664e-02
   endloop
 endfacet
 facet normal -9.999765e-01  3.077263e-05 -6.859319e-03
   outer loop
     vertex  2.150013e-01  2.200000e-01  4.037726e-02
     vertex  2.150116e-01  2.200000e-01  3.886828e-02
     vertex  2.150102e-01  1.900000e-01  3.893887e-02
   endloop
 endfacet
 facet normal -9.987878e-01  2.923032e-05  4.922398e-02
   outer loop
     vertex  2.151089e-01 -1.900000e-01  4.346005e-02
     vertex  2.150347e-01 -1.900000e-01  4.195408e-02
     vertex  2.151048e-01 -2.200000e-01  4.339323e-02
   endloop
 endfacet
 facet normal -9.971548e-01 -2.925502e-05  7.538152e-02
   outer loop
     vertex  2.152185e-01 -2.200000e-01  4.489795e-02
     vertex  2.151089e-01 -1.900000e-01  4.346005e-02
     vertex  2.151048e-01 -2.200000e-01  4.339323e-02
   endloop
 endfacet
 facet normal -9.997618e-01 -2.973664e-05  2.182679e-02
   outer loop
     vertex  2.150323e-01  2.200000e-01  4.188596e-02
     vertex  2.150018e-01  1.900000e-01  4.044664e-02
     vertex  2.150347e-01  1.900000e-01  4.195408e-02
   endloop
 endfacet
 facet normal -9.997883e-01  3.026766e-05  2.057667e-02
   outer loop
     vertex  2.150323e-01  2.200000e-01  4.188596e-02
     vertex  2.150013e-01  2.200000e-01  4.037726e-02
     vertex  2.150018e-01  1.900000e-01  4.044664e-02
   endloop
 endfacet
 facet normal -9.970631e-01  2.872311e-05  7.658418e-02
   outer loop
     vertex  2.152244e-01 -1.900000e-01  4.496342e-02
     vertex  2.151089e-01 -1.900000e-01  4.346005e-02
     vertex  2.152185e-01 -2.200000e-01  4.489795e-02
   endloop
 endfacet
 facet normal -9.947114e-01 -2.874735e-05  1.027091e-01
   outer loop
     vertex  2.153735e-01 -2.200000e-01  4.639899e-02
     vertex  2.152244e-01 -1.900000e-01  4.496342e-02
     vertex  2.152185e-01 -2.200000e-01  4.489795e-02
   endloop
 endfacet
 facet normal -9.987878e-01 -2.923032e-05  4.922398e-02
   outer loop
     vertex  2.151048e-01  2.200000e-01  4.339323e-02
     vertex  2.150347e-01  1.900000e-01  4.195408e-02
     vertex  2.151089e-01  1.900000e-01  4.346005e-02
   endloop
 endfacet
 facet normal -9.988475e-01  2.976178e-05  4.799716e-02
   outer loop
     vertex  2.151048e-01  2.200000e-01  4.339323e-02
     vertex  2.150323e-01  2.200000e-01  4.188596e-02
     vertex  2.150347e-01  1.900000e-01  4.195408e-02
   endloop
 endfacet
 facet normal -9.945891e-01  2.821499e-05  1.038868e-01
   outer loop
     vertex  2.153811e-01 -1.900000e-01  4.646306e-02
     vertex  2.152244e-01 -1.900000e-01  4.496342e-02
     vertex  2.153735e-01 -2.200000e-01  4.639899e-02
   endloop
 endfacet
 facet normal -9.915193e-01 -2.823878e-05  1.299594e-01
   outer loop
     vertex  2.155696e-01 -2.200000e-01  4.789521e-02
     vertex  2.153811e-01 -1.900000e-01  4.646306e-02
     vertex  2.153735e-01 -2.200000e-01  4.639899e-02
   endloop
 endfacet
 facet normal -9.970631e-01 -2.872311e-05  7.658418e-02
   outer loop
     vertex  2.152185e-01  2.200000e-01  4.489795e-02
     vertex  2.151089e-01  1.900000e-01  4.346005e-02
     vertex  2.152244e-01  1.900000e-01  4.496342e-02
   endloop
 endfacet
 facet normal -9.971548e-01  2.925502e-05  7.538152e-02
   outer loop
     vertex  2.152185e-01  2.200000e-01  4.489795e-02
     vertex  2.151048e-01  2.200000e-01  4.339323e-02
     vertex  2.151089e-01  1.900000e-01  4.346005e-02
   endloop
 endfacet
 facet normal -9.913676e-01  2.770598e-05  1.311114e-01
   outer loop
     vertex  2.155787e-01 -1.900000e-01  4.795784e-02
     vertex  2.153811e-01 -1.900000e-01  4.646306e-02
     vertex  2.155696e-01 -2.200000e-01  4.789521e-02
   endloop
 endfacet
 facet normal -9.875808e-01 -2.772932e-05  1.571119e-01
   outer loop
     vertex  2.158067e-01 -2.200000e-01  4.938548e-02
     vertex  2.155787e-01 -1.900000e-01  4.795784e-02
     vertex  2.155696e-01 -2.200000e-01  4.789521e-02
   endloop
 endfacet
 facet normal -9.945891e-01 -2.821499e-05  1.038868e-01
   outer loop
     vertex  2.153735e-01  2.200000e-01  4.639899e-02
     vertex  2.152244e-01  1.900000e-01  4.496342e-02
     vertex  2.153811e-01  1.900000e-01  4.646306e-02
   endloop
 endfacet
 facet normal -9.947114e-01  2.874735e-05  1.027091e-01
   outer loop
     vertex  2.153735e-01  2.200000e-01  4.639899e-02
     vertex  2.152185e-01  2.200000e-01  4.489795e-02
     vertex  2.152244e-01  1.900000e-01  4.496342e-02
   endloop
 endfacet
 facet normal -9.874011e-01  2.719606e-05  1.582374e-01
   outer loop
     vertex  2.158173e-01 -1.900000e-01  4.944664e-02
     vertex  2.155787e-01 -1.900000e-01  4.795784e-02
     vertex  2.158067e-01 -2.200000e-01  4.938548e-02
   endloop
 endfacet
 facet normal -9.828989e-01 -2.721896e-05  1.841461e-01
   outer loop
     vertex  2.160846e-01 -2.200000e-01  5.086869e-02
     vertex  2.158173e-01 -1.900000e-01  4.944664e-02
     vertex  2.158067e-01 -2.200000e-01  4.938548e-02
   endloop
 endfacet
 facet normal -9.913676e-01 -2.770598e-05  1.311114e-01
   outer loop
     vertex  2.155696e-01  2.200000e-01  4.789521e-02
     vertex  2.153811e-01  1.900000e-01  4.646306e-02
     vertex  2.155787e-01  1.900000e-01  4.795784e-02
   endloop
 endfacet
 facet normal -9.915193e-01  2.823878e-05  1.299594e-01
   outer loop
     vertex  2.155696e-01  2.200000e-01  4.789521e-02
     vertex  2.153735e-01  2.200000e-01  4.639899e-02
     vertex  2.153811e-01  1.900000e-01  4.646306e-02
   endloop
 endfacet
 facet normal -9.826925e-01  2.668525e-05  1.852445e-01
   outer loop
     vertex  2.160966e-01 -1.900000e-01  5.092834e-02
     vertex  2.158173e-01 -1.900000e-01  4.944664e-02
     vertex  2.160846e-01 -2.200000e-01  5.086869e-02
   endloop
 endfacet
 facet normal -9.774771e-01 -2.670770e-05  2.110417e-01
   outer loop
     vertex  2.164031e-01 -2.200000e-01  5.234372e-02
     vertex  2.160966e-01 -1.900000e-01  5.092834e-02
     vertex  2.160846e-01 -2.200000e-01  5.086869e-02
   endloop
 endfacet
 facet normal -9.874011e-01 -2.719606e-05  1.582374e-01
   outer loop
     vertex  2.158067e-01  2.200000e-01  4.938548e-02
     vertex  2.155787e-01  1.900000e-01  4.795784e-02
     vertex  2.158173e-01  1.900000e-01  4.944664e-02
   endloop
 endfacet
 facet normal -9.875808e-01  2.772932e-05  1.571119e-01
   outer loop
     vertex  2.158067e-01  2.200000e-01  4.938548e-02
     vertex  2.155696e-01  2.200000e-01  4.789521e-02
     vertex  2.155787e-01  1.900000e-01  4.795784e-02
   endloop
 endfacet
 facet normal -9.772453e-01  2.617355e-05  2.121124e-01
   outer loop
     vertex  2.164165e-01 -1.900000e-01  5.240183e-02
     vertex  2.160966e-01 -1.900000e-01  5.092834e-02
     vertex  2.164031e-01 -2.200000e-01  5.234372e-02
   endloop
 endfacet
 facet normal -9.713194e-01 -2.619554e-05  2.377784e-01
   outer loop
     vertex  2.167619e-01 -2.200000e-01  5.380945e-02
     vertex  2.164165e-01 -1.900000e-01  5.240183e-02
     vertex  2.164031e-01 -2.200000e-01  5.234372e-02
   endloop
 endfacet
 facet normal -9.828989e-01  2.721896e-05  1.841461e-01
   outer loop
     vertex  2.160846e-01  2.200000e-01  5.086869e-02
     vertex  2.158067e-01  2.200000e-01  4.938548e-02
     vertex  2.158173e-01  1.900000e-01  4.944664e-02
   endloop
 endfacet
 facet normal -9.826925e-01 -2.668525e-05  1.852445e-01
   outer loop
     vertex  2.160846e-01  2.200000e-01  5.086869e-02
     vertex  2.158173e-01  1.900000e-01  4.944664e-02
     vertex  2.160966e-01  1.900000e-01  5.092834e-02
   endloop
 endfacet
 facet normal -9.710636e-01  2.566094e-05  2.388209e-01
   outer loop
     vertex  2.167766e-01 -1.900000e-01  5.386600e-02
     vertex  2.164165e-01 -1.900000e-01  5.240183e-02
     vertex  2.167619e-01 -2.200000e-01  5.380945e-02
   endloop
 endfacet
 facet normal -9.644306e-01 -2.568249e-05  2.643362e-01
   outer loop
     vertex  2.171608e-01 -2.200000e-01  5.526479e-02
     vertex  2.167766e-01 -1.900000e-01  5.386600e-02
     vertex  2.167619e-01 -2.200000e-01  5.380945e-02
   endloop
 endfacet
 facet normal -9.774771e-01  2.670770e-05  2.110417e-01
   outer loop
     vertex  2.164031e-01  2.200000e-01  5.234372e-02
     vertex  2.160846e-01  2.200000e-01  5.086869e-02
     vertex  2.160966e-01  1.900000e-01  5.092834e-02
   endloop
 endfacet
 facet normal -9.772453e-01 -2.617355e-05  2.121124e-01
   outer loop
     vertex  2.164031e-01  2.200000e-01  5.234372e-02
     vertex  2.160966e-01  1.900000e-01  5.092834e-02
     vertex  2.164165e-01  1.900000e-01  5.240183e-02
   endloop
 endfacet
 facet normal -9.641522e-01  2.514744e-05  2.653498e-01
   outer loop
     vertex  2.171767e-01 -1.900000e-01  5.531974e-02
     vertex  2.167766e-01 -1.900000e-01  5.386600e-02
     vertex  2.171608e-01 -2.200000e-01  5.526479e-02
   endloop
 endfacet
 facet normal -9.568158e-01 -2.516854e-05  2.906949e-01
   outer loop
     vertex  2.175994e-01 -2.200000e-01  5.670864e-02
     vertex  2.171767e-01 -1.900000e-01  5.531974e-02
     vertex  2.171608e-01 -2.200000e-01  5.526479e-02
   endloop
 endfacet
 facet normal -9.713194e-01  2.619554e-05  2.377784e-01
   outer loop
     vertex  2.167619e-01  2.200000e-01  5.380945e-02
     vertex  2.164031e-01  2.200000e-01  5.234372e-02
     vertex  2.164165e-01  1.900000e-01  5.240183e-02
   endloop
 endfacet
 facet normal -9.710636e-01 -2.566094e-05  2.388209e-01
   outer loop
     vertex  2.167619e-01  2.200000e-01  5.380945e-02
     vertex  2.164165e-01  1.900000e-01  5.240183e-02
     vertex  2.167766e-01  1.900000e-01  5.386600e-02
   endloop
 endfacet
 facet normal -9.565161e-01  2.463304e-05  2.916794e-01
   outer loop
     vertex  2.176165e-01 -1.900000e-01  5.676198e-02
     vertex  2.171767e-01 -1.900000e-01  5.531974e-02
     vertex  2.175994e-01 -2.200000e-01  5.670864e-02
   endloop
 endfacet
 facet normal -9.484807e-01 -2.465369e-05  3.168348e-01
   outer loop
     vertex  2.180775e-01 -2.200000e-01  5.813991e-02
     vertex  2.176165e-01 -1.900000e-01  5.676198e-02
     vertex  2.175994e-01 -2.200000e-01  5.670864e-02
   endloop
 endfacet
 facet normal -9.644306e-01  2.568249e-05  2.643362e-01
   outer loop
     vertex  2.171608e-01  2.200000e-01  5.526479e-02
     vertex  2.167619e-01  2.200000e-01  5.380945e-02
     vertex  2.167766e-01  1.900000e-01  5.386600e-02
   endloop
 endfacet
 facet normal -9.641522e-01 -2.514744e-05  2.653498e-01
   outer loop
     vertex  2.171608e-01  2.200000e-01  5.526479e-02
     vertex  2.167766e-01  1.900000e-01  5.386600e-02
     vertex  2.171767e-01  1.900000e-01  5.531974e-02
   endloop
 endfacet
 facet normal -9.481612e-01  2.411774e-05  3.177897e-01
   outer loop
     vertex  2.180956e-01 -1.900000e-01  5.819161e-02
     vertex  2.176165e-01 -1.900000e-01  5.676198e-02
     vertex  2.180775e-01 -2.200000e-01  5.813991e-02
   endloop
 endfacet
 facet normal -9.394317e-01 -2.413794e-05  3.427362e-01
   outer loop
     vertex  2.185947e-01 -2.200000e-01  5.955753e-02
     vertex  2.180956e-01 -1.900000e-01  5.819161e-02
     vertex  2.180775e-01 -2.200000e-01  5.813991e-02
   endloop
 endfacet
 facet normal -9.568158e-01  2.516854e-05  2.906949e-01
   outer loop
     vertex  2.175994e-01  2.200000e-01  5.670864e-02
     vertex  2.171608e-01  2.200000e-01  5.526479e-02
     vertex  2.171767e-01  1.900000e-01  5.531974e-02
   endloop
 endfacet
 facet normal -9.565161e-01 -2.463304e-05  2.916794e-01
   outer loop
     vertex  2.175994e-01  2.200000e-01  5.670864e-02
     vertex  2.171767e-01  1.900000e-01  5.531974e-02
     vertex  2.176165e-01  1.900000e-01  5.676198e-02
   endloop
 endfacet
 facet normal -9.390937e-01  2.360154e-05  3.436612e-01
   outer loop
     vertex  2.186138e-01 -1.900000e-01  5.960757e-02
     vertex  2.180956e-01 -1.900000e-01  5.819161e-02
     vertex  2.185947e-01 -2.200000e-01  5.955753e-02
   endloop
 endfacet
 facet normal -9.296754e-01 -2.362129e-05  3.683796e-01
   outer loop
     vertex  2.191506e-01 -2.200000e-01  6.096042e-02
     vertex  2.186138e-01 -1.900000e-01  5.960757e-02
     vertex  2.185947e-01 -2.200000e-01  5.955753e-02
   endloop
 endfacet
 facet normal -9.484807e-01  2.465369e-05  3.168348e-01
   outer loop
     vertex  2.180775e-01  2.200000e-01  5.813991e-02
     vertex  2.175994e-01  2.200000e-01  5.670864e-02
     vertex  2.176165e-01  1.900000e-01  5.676198e-02
   endloop
 endfacet
 facet normal -9.481612e-01 -2.411774e-05  3.177897e-01
   outer loop
     vertex  2.180775e-01  2.200000e-01  5.813991e-02
     vertex  2.176165e-01  1.900000e-01  5.676198e-02
     vertex  2.180956e-01  1.900000e-01  5.819161e-02
   endloop
 endfacet
 facet normal -9.293204e-01  2.308445e-05  3.692745e-01
   outer loop
     vertex  2.191706e-01 -1.900000e-01  6.100880e-02
     vertex  2.186138e-01 -1.900000e-01  5.960757e-02
     vertex  2.191506e-01 -2.200000e-01  6.096042e-02
   endloop
 endfacet
 facet normal -9.192194e-01 -2.310375e-05  3.937458e-01
   outer loop
     vertex  2.197448e-01 -2.200000e-01  6.234754e-02
     vertex  2.191706e-01 -1.900000e-01  6.100880e-02
     vertex  2.191506e-01 -2.200000e-01  6.096042e-02
   endloop
 endfacet
 facet normal -9.390937e-01 -2.360154e-05  3.436612e-01
   outer loop
     vertex  2.185947e-01  2.200000e-01  5.955753e-02
     vertex  2.180956e-01  1.900000e-01  5.819161e-02
     vertex  2.186138e-01  1.900000e-01  5.960757e-02
   endloop
 endfacet
 facet normal -9.394317e-01  2.413794e-05  3.427362e-01
   outer loop
     vertex  2.185947e-01  2.200000e-01  5.955753e-02
     vertex  2.180775e-01  2.200000e-01  5.813991e-02
     vertex  2.180956e-01  1.900000e-01  5.819161e-02
   endloop
 endfacet
 facet normal -9.188486e-01  2.256645e-05  3.946102e-01
   outer loop
     vertex  2.197656e-01 -1.900000e-01  6.239424e-02
     vertex  2.191706e-01 -1.900000e-01  6.100880e-02
     vertex  2.197448e-01 -2.200000e-01  6.234754e-02
   endloop
 endfacet
 facet normal -9.080714e-01 -2.258531e-05  4.188155e-01
   outer loop
     vertex  2.203768e-01 -2.200000e-01  6.371783e-02
     vertex  2.197656e-01 -1.900000e-01  6.239424e-02
     vertex  2.197448e-01 -2.200000e-01  6.234754e-02
   endloop
 endfacet
 facet normal -9.293204e-01 -2.308445e-05  3.692745e-01
   outer loop
     vertex  2.191506e-01  2.200000e-01  6.096042e-02
     vertex  2.186138e-01  1.900000e-01  5.960757e-02
     vertex  2.191706e-01  1.900000e-01  6.100880e-02
   endloop
 endfacet
 facet normal -9.296754e-01  2.362129e-05  3.683796e-01
   outer loop
     vertex  2.191506e-01  2.200000e-01  6.096042e-02
     vertex  2.185947e-01  2.200000e-01  5.955753e-02
     vertex  2.186138e-01  1.900000e-01  5.960757e-02
   endloop
 endfacet
 facet normal -9.076863e-01  2.204756e-05  4.196493e-01
   outer loop
     vertex  2.203983e-01 -1.900000e-01  6.376285e-02
     vertex  2.197656e-01 -1.900000e-01  6.239424e-02
     vertex  2.203768e-01 -2.200000e-01  6.371783e-02
   endloop
 endfacet
 facet normal -8.962398e-01 -2.206597e-05  4.435699e-01
   outer loop
     vertex  2.210461e-01 -2.200000e-01  6.507027e-02
     vertex  2.203983e-01 -1.900000e-01  6.376285e-02
     vertex  2.203768e-01 -2.200000e-01  6.371783e-02
   endloop
 endfacet
 facet normal -9.188486e-01 -2.256645e-05  3.946102e-01
   outer loop
     vertex  2.197448e-01  2.200000e-01  6.234754e-02
     vertex  2.191706e-01  1.900000e-01  6.100880e-02
     vertex  2.197656e-01  1.900000e-01  6.239424e-02
   endloop
 endfacet
 facet normal -9.192194e-01  2.310375e-05  3.937458e-01
   outer loop
     vertex  2.197448e-01  2.200000e-01  6.234754e-02
     vertex  2.191506e-01  2.200000e-01  6.096042e-02
     vertex  2.191706e-01  1.900000e-01  6.100880e-02
   endloop
 endfacet
 facet normal -8.958418e-01  2.152777e-05  4.443730e-01
   outer loop
     vertex  2.210683e-01 -1.900000e-01  6.511359e-02
     vertex  2.203983e-01 -1.900000e-01  6.376285e-02
     vertex  2.210461e-01 -2.200000e-01  6.507027e-02
   endloop
 endfacet
 facet normal -8.837335e-01 -2.154573e-05  4.679904e-01
   outer loop
     vertex  2.217523e-01 -2.200000e-01  6.640384e-02
     vertex  2.210683e-01 -1.900000e-01  6.511359e-02
     vertex  2.210461e-01 -2.200000e-01  6.507027e-02
   endloop
 endfacet
 facet normal -9.076863e-01 -2.204756e-05  4.196493e-01
   outer loop
     vertex  2.203768e-01  2.200000e-01  6.371783e-02
     vertex  2.197656e-01  1.900000e-01  6.239424e-02
     vertex  2.203983e-01  1.900000e-01  6.376285e-02
   endloop
 endfacet
 facet normal -9.080714e-01  2.258531e-05  4.188155e-01
   outer loop
     vertex  2.203768e-01  2.200000e-01  6.371783e-02
     vertex  2.197448e-01  2.200000e-01  6.234754e-02
     vertex  2.197656e-01  1.900000e-01  6.239424e-02
   endloop
 endfacet
 facet normal -8.833241e-01  2.100709e-05  4.687628e-01
   outer loop
     vertex  2.217751e-01 -1.900000e-01  6.644547e-02
     vertex  2.210683e-01 -1.900000e-01  6.511359e-02
     vertex  2.217523e-01 -2.200000e-01  6.640384e-02
   endloop
 endfacet
 facet normal -8.705620e-01 -2.102460e-05  4.920587e-01
   outer loop
     vertex  2.224949e-01 -2.200000e-01  6.771753e-02
     vertex  2.217751e-01 -1.900000e-01  6.644547e-02
     vertex  2.217523e-01 -2.200000e-01  6.640384e-02
   endloop
 endfacet
 facet normal -8.958418e-01 -2.152777e-05  4.443730e-01
   outer loop
     vertex  2.210461e-01  2.200000e-01  6.507027e-02
     vertex  2.203983e-01  1.900000e-01  6.376285e-02
     vertex  2.210683e-01  1.900000e-01  6.511359e-02
   endloop
 endfacet
 facet normal -8.962398e-01  2.206597e-05  4.435699e-01
   outer loop
     vertex  2.210461e-01  2.200000e-01  6.507027e-02
     vertex  2.203768e-01  2.200000e-01  6.371783e-02
     vertex  2.203983e-01  1.900000e-01  6.376285e-02
   endloop
 endfacet
 facet normal -8.701425e-01  2.048550e-05  4.928003e-01
   outer loop
     vertex  2.225182e-01 -1.900000e-01  6.775747e-02
     vertex  2.217751e-01 -1.900000e-01  6.644547e-02
     vertex  2.224949e-01 -2.200000e-01  6.771753e-02
   endloop
 endfacet
 facet normal -8.567352e-01 -2.050256e-05  5.157565e-01
   outer loop
     vertex  2.232731e-01 -2.200000e-01  6.901035e-02
     vertex  2.225182e-01 -1.900000e-01  6.775747e-02
     vertex  2.224949e-01 -2.200000e-01  6.771753e-02
   endloop
 endfacet
 facet normal -8.837335e-01  2.154573e-05  4.679904e-01
   outer loop
     vertex  2.217523e-01  2.200000e-01  6.640384e-02
     vertex  2.210461e-01  2.200000e-01  6.507027e-02
     vertex  2.210683e-01  1.900000e-01  6.511359e-02
   endloop
 endfacet
 facet normal -8.833241e-01 -2.100709e-05  4.687628e-01
   outer loop
     vertex  2.217523e-01  2.200000e-01  6.640384e-02
     vertex  2.210683e-01  1.900000e-01  6.511359e-02
     vertex  2.217751e-01  1.900000e-01  6.644547e-02
   endloop
 endfacet
 facet normal -8.563069e-01  1.996302e-05  5.164674e-01
   outer loop
     vertex  2.232969e-01 -1.900000e-01  6.904860e-02
     vertex  2.225182e-01 -1.900000e-01  6.775747e-02
     vertex  2.232731e-01 -2.200000e-01  6.901035e-02
   endloop
 endfacet
 facet normal -8.422635e-01 -1.997963e-05  5.390661e-01
   outer loop
     vertex  2.240866e-01 -2.200000e-01  7.028134e-02
     vertex  2.232969e-01 -1.900000e-01  6.904860e-02
     vertex  2.232731e-01 -2.200000e-01  6.901035e-02
   endloop
 endfacet
 facet normal -8.705620e-01  2.102460e-05  4.920587e-01
   outer loop
     vertex  2.224949e-01  2.200000e-01  6.771753e-02
     vertex  2.217523e-01  2.200000e-01  6.640384e-02
     vertex  2.217751e-01  1.900000e-01  6.644547e-02
   endloop
 endfacet
 facet normal -8.701425e-01 -2.048550e-05  4.928003e-01
   outer loop
     vertex  2.224949e-01  2.200000e-01  6.771753e-02
     vertex  2.217751e-01  1.900000e-01  6.644547e-02
     vertex  2.225182e-01  1.900000e-01  6.775747e-02
   endloop
 endfacet
 facet normal -8.418277e-01  1.943964e-05  5.397463e-01
   outer loop
     vertex  2.241107e-01 -1.900000e-01  7.031791e-02
     vertex  2.232969e-01 -1.900000e-01  6.904860e-02
     vertex  2.240866e-01 -2.200000e-01  7.028134e-02
   endloop
 endfacet
 facet normal -8.271577e-01 -1.945580e-05  5.619699e-01
   outer loop
     vertex  2.249346e-01 -2.200000e-01  7.152953e-02
     vertex  2.241107e-01 -1.900000e-01  7.031791e-02
     vertex  2.240866e-01 -2.200000e-01  7.028134e-02
   endloop
 endfacet
 facet normal -8.567352e-01  2.050256e-05  5.157565e-01
   outer loop
     vertex  2.232731e-01  2.200000e-01  6.901035e-02
     vertex  2.224949e-01  2.200000e-01  6.771753e-02
     vertex  2.225182e-01  1.900000e-01  6.775747e-02
   endloop
 endfacet
 facet normal -8.563069e-01 -1.996302e-05  5.164674e-01
   outer loop
     vertex  2.232731e-01  2.200000e-01  6.901035e-02
     vertex  2.225182e-01  1.900000e-01  6.775747e-02
     vertex  2.232969e-01  1.900000e-01  6.904860e-02
   endloop
 endfacet
 facet normal -8.267159e-01  1.891537e-05  5.626196e-01
   outer loop
     vertex  2.249591e-01 -1.900000e-01  7.156443e-02
     vertex  2.241107e-01 -1.900000e-01  7.031791e-02
     vertex  2.249346e-01 -2.200000e-01  7.152953e-02
   endloop
 endfacet
 facet normal -8.114292e-01 -1.893108e-05  5.844507e-01
   outer loop
     vertex  2.258166e-01 -2.200000e-01  7.275399e-02
     vertex  2.249591e-01 -1.900000e-01  7.156443e-02
     vertex  2.249346e-01 -2.200000e-01  7.152953e-02
   endloop
 endfacet
 facet normal -8.422635e-01  1.997963e-05  5.390661e-01
   outer loop
     vertex  2.240866e-01  2.200000e-01  7.028134e-02
     vertex  2.232731e-01  2.200000e-01  6.901035e-02
     vertex  2.232969e-01  1.900000e-01  6.904860e-02
   endloop
 endfacet
 facet normal -8.418277e-01 -1.943964e-05  5.397463e-01
   outer loop
     vertex  2.240866e-01  2.200000e-01  7.028134e-02
     vertex  2.232969e-01  1.900000e-01  6.904860e-02
     vertex  2.241107e-01  1.900000e-01  7.031791e-02
   endloop
 endfacet
 facet normal -8.109828e-01  1.839019e-05  5.850700e-01
   outer loop
     vertex  2.258412e-01 -1.900000e-01  7.278723e-02
     vertex  2.249591e-01 -1.900000e-01  7.156443e-02
     vertex  2.258166e-01 -2.200000e-01  7.275399e-02
   endloop
 endfacet
 facet normal -7.950900e-01 -1.840545e-05  6.064915e-01
   outer loop
     vertex  2.267318e-01 -2.200000e-01  7.395379e-02
     vertex  2.258412e-01 -1.900000e-01  7.278723e-02
     vertex  2.258166e-01 -2.200000e-01  7.275399e-02
   endloop
 endfacet
 facet normal -8.271577e-01  1.945580e-05  5.619699e-01
   outer loop
     vertex  2.249346e-01  2.200000e-01  7.152953e-02
     vertex  2.240866e-01  2.200000e-01  7.028134e-02
     vertex  2.241107e-01  1.900000e-01  7.031791e-02
   endloop
 endfacet
 facet normal -8.267159e-01 -1.891537e-05  5.626196e-01
   outer loop
     vertex  2.249346e-01  2.200000e-01  7.152953e-02
     vertex  2.241107e-01  1.900000e-01  7.031791e-02
     vertex  2.249591e-01  1.900000e-01  7.156443e-02
   endloop
 endfacet
 facet normal -7.946401e-01  1.786412e-05  6.070808e-01
   outer loop
     vertex  2.267566e-01 -1.900000e-01  7.398538e-02
     vertex  2.258412e-01 -1.900000e-01  7.278723e-02
     vertex  2.267318e-01 -2.200000e-01  7.395379e-02
   endloop
 endfacet
 facet normal -7.781522e-01 -1.787893e-05  6.280757e-01
   outer loop
     vertex  2.276795e-01 -2.200000e-01  7.512804e-02
     vertex  2.267566e-01 -1.900000e-01  7.398538e-02
     vertex  2.267318e-01 -2.200000e-01  7.395379e-02
   endloop
 endfacet
 facet normal -8.114292e-01  1.893108e-05  5.844507e-01
   outer loop
     vertex  2.258166e-01  2.200000e-01  7.275399e-02
     vertex  2.249346e-01  2.200000e-01  7.152953e-02
     vertex  2.249591e-01  1.900000e-01  7.156443e-02
   endloop
 endfacet
 facet normal -8.109828e-01 -1.839019e-05  5.850700e-01
   outer loop
     vertex  2.258166e-01  2.200000e-01  7.275399e-02
     vertex  2.249591e-01  1.900000e-01  7.156443e-02
     vertex  2.258412e-01  1.900000e-01  7.278723e-02
   endloop
 endfacet
 facet normal -7.777003e-01  1.733715e-05  6.286353e-01
   outer loop
     vertex  2.277044e-01 -1.900000e-01  7.515800e-02
     vertex  2.267566e-01 -1.900000e-01  7.398538e-02
     vertex  2.276795e-01 -2.200000e-01  7.512804e-02
   endloop
 endfacet
 facet normal -7.606287e-01 -1.735151e-05  6.491872e-01
   outer loop
     vertex  2.286592e-01 -2.200000e-01  7.627584e-02
     vertex  2.277044e-01 -1.900000e-01  7.515800e-02
     vertex  2.276795e-01 -2.200000e-01  7.512804e-02
   endloop
 endfacet
 facet normal -7.950900e-01  1.840545e-05  6.064915e-01
   outer loop
     vertex  2.267318e-01  2.200000e-01  7.395379e-02
     vertex  2.258166e-01  2.200000e-01  7.275399e-02
     vertex  2.258412e-01  1.900000e-01  7.278723e-02
   endloop
 endfacet
 facet normal -7.946401e-01 -1.786412e-05  6.070808e-01
   outer loop
     vertex  2.267318e-01  2.200000e-01  7.395379e-02
     vertex  2.258412e-01  1.900000e-01  7.278723e-02
     vertex  2.267566e-01  1.900000e-01  7.398538e-02
   endloop
 endfacet
 facet normal -7.601759e-01  1.680928e-05  6.497173e-01
   outer loop
     vertex  2.286841e-01 -1.900000e-01  7.630419e-02
     vertex  2.277044e-01 -1.900000e-01  7.515800e-02
     vertex  2.286592e-01 -2.200000e-01  7.627584e-02
   endloop
 endfacet
 facet normal -7.425325e-01 -1.682319e-05  6.698100e-01
   outer loop
     vertex  2.296699e-01 -2.200000e-01  7.739633e-02
     vertex  2.286841e-01 -1.900000e-01  7.630419e-02
     vertex  2.286592e-01 -2.200000e-01  7.627584e-02
   endloop
 endfacet
 facet normal -7.781522e-01  1.787893e-05  6.280757e-01
   outer loop
     vertex  2.276795e-01  2.200000e-01  7.512804e-02
     vertex  2.267318e-01  2.200000e-01  7.395379e-02
     vertex  2.267566e-01  1.900000e-01  7.398538e-02
   endloop
 endfacet
 facet normal -7.777003e-01 -1.733715e-05  6.286353e-01
   outer loop
     vertex  2.276795e-01  2.200000e-01  7.512804e-02
     vertex  2.267566e-01  1.900000e-01  7.398538e-02
     vertex  2.277044e-01  1.900000e-01  7.515800e-02
   endloop
 endfacet
 facet normal -7.420803e-01  1.628051e-05  6.703110e-01
   outer loop
     vertex  2.296948e-01 -1.900000e-01  7.742310e-02
     vertex  2.286841e-01 -1.900000e-01  7.630419e-02
     vertex  2.296699e-01 -2.200000e-01  7.739633e-02
   endloop
 endfacet
 facet normal -7.238775e-01 -1.629398e-05  6.899286e-01
   outer loop
     vertex  2.307110e-01 -2.200000e-01  7.848867e-02
     vertex  2.296948e-01 -1.900000e-01  7.742310e-02
     vertex  2.296699e-01 -2.200000e-01  7.739633e-02
   endloop
 endfacet
 facet normal -7.606287e-01  1.735151e-05  6.491872e-01
   outer loop
     vertex  2.286592e-01  2.200000e-01  7.627584e-02
     vertex  2.276795e-01  2.200000e-01  7.512804e-02
     vertex  2.277044e-01  1.900000e-01  7.515800e-02
   endloop
 endfacet
 facet normal -7.601759e-01 -1.680928e-05  6.497173e-01
   outer loop
     vertex  2.286592e-01  2.200000e-01  7.627584e-02
     vertex  2.277044e-01  1.900000e-01  7.515800e-02
     vertex  2.286841e-01  1.900000e-01  7.630419e-02
   endloop
 endfacet
 facet normal -7.234269e-01  1.575084e-05  6.904010e-01
   outer loop
     vertex  2.307358e-01 -1.900000e-01  7.851388e-02
     vertex  2.296948e-01 -1.900000e-01  7.742310e-02
     vertex  2.307110e-01 -2.200000e-01  7.848867e-02
   endloop
 endfacet
 facet normal -7.046775e-01 -1.576386e-05  7.095278e-01
   outer loop
     vertex  2.317817e-01 -2.200000e-01  7.955204e-02
     vertex  2.307358e-01 -1.900000e-01  7.851388e-02
     vertex  2.307110e-01 -2.200000e-01  7.848867e-02
   endloop
 endfacet
 facet normal -7.420803e-01 -1.628051e-05  6.703110e-01
   outer loop
     vertex  2.296699e-01  2.200000e-01  7.739633e-02
     vertex  2.286841e-01  1.900000e-01  7.630419e-02
     vertex  2.296948e-01  1.900000e-01  7.742310e-02
   endloop
 endfacet
 facet normal -7.425325e-01  1.682319e-05  6.698100e-01
   outer loop
     vertex  2.296699e-01  2.200000e-01  7.739633e-02
     vertex  2.286592e-01  2.200000e-01  7.627584e-02
     vertex  2.286841e-01  1.900000e-01  7.630419e-02
   endloop
 endfacet
 facet normal -7.042298e-01  1.522028e-05  7.099721e-01
   outer loop
     vertex  2.318062e-01 -1.900000e-01  7.957571e-02
     vertex  2.307358e-01 -1.900000e-01  7.851388e-02
     vertex  2.317817e-01 -2.200000e-01  7.955204e-02
   endloop
 endfacet
 facet normal -6.849470e-01 -1.523285e-05  7.285929e-01
   outer loop
     vertex  2.328812e-01 -2.200000e-01  8.058563e-02
     vertex  2.318062e-01 -1.900000e-01  7.957571e-02
     vertex  2.317817e-01 -2.200000e-01  7.955204e-02
   endloop
 endfacet
 facet normal -7.234269e-01 -1.575084e-05  6.904010e-01
   outer loop
     vertex  2.307110e-01  2.200000e-01  7.848867e-02
     vertex  2.296948e-01  1.900000e-01  7.742310e-02
     vertex  2.307358e-01  1.900000e-01  7.851388e-02
   endloop
 endfacet
 facet normal -7.238775e-01  1.629398e-05  6.899286e-01
   outer loop
     vertex  2.307110e-01  2.200000e-01  7.848867e-02
     vertex  2.296699e-01  2.200000e-01  7.739633e-02
     vertex  2.296948e-01  1.900000e-01  7.742310e-02
   endloop
 endfacet
 facet normal -6.845035e-01  1.468882e-05  7.290096e-01
   outer loop
     vertex  2.329054e-01 -1.900000e-01  8.060781e-02
     vertex  2.318062e-01 -1.900000e-01  7.957571e-02
     vertex  2.328812e-01 -2.200000e-01  8.058563e-02
   endloop
 endfacet
 facet normal -6.647010e-01 -1.470094e-05  7.471095e-01
   outer loop
     vertex  2.340086e-01 -2.200000e-01  8.158868e-02
     vertex  2.329054e-01 -1.900000e-01  8.060781e-02
     vertex  2.328812e-01 -2.200000e-01  8.058563e-02
   endloop
 endfacet
 facet normal -7.042298e-01 -1.522028e-05  7.099721e-01
   outer loop
     vertex  2.317817e-01  2.200000e-01  7.955204e-02
     vertex  2.307358e-01  1.900000e-01  7.851388e-02
     vertex  2.318062e-01  1.900000e-01  7.957571e-02
   endloop
 endfacet
 facet normal -7.046775e-01  1.576386e-05  7.095278e-01
   outer loop
     vertex  2.317817e-01  2.200000e-01  7.955204e-02
     vertex  2.307110e-01  2.200000e-01  7.848867e-02
     vertex  2.307358e-01  1.900000e-01  7.851388e-02
   endloop
 endfacet
 facet normal -6.642627e-01  1.415646e-05  7.474992e-01
   outer loop
     vertex  2.340325e-01 -1.900000e-01  8.160938e-02
     vertex  2.329054e-01 -1.900000e-01  8.060781e-02
     vertex  2.340086e-01 -2.200000e-01  8.158868e-02
   endloop
 endfacet
 facet normal -6.439545e-01 -1.416814e-05  7.650637e-01
   outer loop
     vertex  2.351631e-01 -2.200000e-01  8.256042e-02
     vertex  2.340325e-01 -1.900000e-01  8.160938e-02
     vertex  2.340086e-01 -2.200000e-01  8.158868e-02
   endloop
 endfacet
 facet normal -6.849470e-01  1.523285e-05  7.285929e-01
   outer loop
     vertex  2.328812e-01  2.200000e-01  8.058563e-02
     vertex  2.317817e-01  2.200000e-01  7.955204e-02
     vertex  2.318062e-01  1.900000e-01  7.957571e-02
   endloop
 endfacet
 facet normal -6.845035e-01 -1.468882e-05  7.290096e-01
   outer loop
     vertex  2.328812e-01  2.200000e-01  8.058563e-02
     vertex  2.318062e-01  1.900000e-01  7.957571e-02
     vertex  2.329054e-01  1.900000e-01  8.060781e-02
   endloop
 endfacet
 facet normal -6.435227e-01  1.362321e-05  7.654270e-01
   outer loop
     vertex  2.351866e-01 -1.900000e-01  8.257968e-02
     vertex  2.340325e-01 -1.900000e-01  8.160938e-02
     vertex  2.351631e-01 -2.200000e-01  8.256042e-02
   endloop
 endfacet
 facet normal -6.227234e-01 -1.363443e-05  7.824421e-01
   outer loop
     vertex  2.363438e-01 -2.200000e-01  8.350011e-02
     vertex  2.351866e-01 -1.900000e-01  8.257968e-02
     vertex  2.351631e-01 -2.200000e-01  8.256042e-02
   endloop
 endfacet
 facet normal -6.647010e-01  1.470094e-05  7.471095e-01
   outer loop
     vertex  2.340086e-01  2.200000e-01  8.158868e-02
     vertex  2.328812e-01  2.200000e-01  8.058563e-02
     vertex  2.329054e-01  1.900000e-01  8.060781e-02
   endloop
 endfacet
 facet normal -6.642627e-01 -1.415646e-05  7.474992e-01
   outer loop
     vertex  2.340086e-01  2.200000e-01  8.158868e-02
     vertex  2.329054e-01  1.900000e-01  8.060781e-02
     vertex  2.340325e-01  1.900000e-01  8.160938e-02
   endloop
 endfacet
 facet normal -6.222990e-01  1.308905e-05  7.827796e-01
   outer loop
     vertex  2.363669e-01 -1.900000e-01  8.351798e-02
     vertex  2.351866e-01 -1.900000e-01  8.257968e-02
     vertex  2.363438e-01 -2.200000e-01  8.350011e-02
   endloop
 endfacet
 facet normal -6.010234e-01 -1.309983e-05  7.992314e-01
   outer loop
     vertex  2.375498e-01 -2.200000e-01  8.440707e-02
     vertex  2.363669e-01 -1.900000e-01  8.351798e-02
     vertex  2.363438e-01 -2.200000e-01  8.350011e-02
   endloop
 endfacet
 facet normal -6.439545e-01  1.416814e-05  7.650637e-01
   outer loop
     vertex  2.351631e-01  2.200000e-01  8.256042e-02
     vertex  2.340086e-01  2.200000e-01  8.158868e-02
     vertex  2.340325e-01  1.900000e-01  8.160938e-02
   endloop
 endfacet
 facet normal -6.435227e-01 -1.362321e-05  7.654270e-01
   outer loop
     vertex  2.351631e-01  2.200000e-01  8.256042e-02
     vertex  2.340325e-01  1.900000e-01  8.160938e-02
     vertex  2.351866e-01  1.900000e-01  8.257968e-02
   endloop
 endfacet
 facet normal -6.006077e-01  1.255400e-05  7.995439e-01
   outer loop
     vertex  2.375725e-01 -1.900000e-01  8.442358e-02
     vertex  2.363669e-01 -1.900000e-01  8.351798e-02
     vertex  2.375498e-01 -2.200000e-01  8.440707e-02
   endloop
 endfacet
 facet normal -5.788711e-01 -1.256433e-05  8.154191e-01
   outer loop
     vertex  2.387803e-01 -2.200000e-01  8.528059e-02
     vertex  2.375725e-01 -1.900000e-01  8.442358e-02
     vertex  2.375498e-01 -2.200000e-01  8.440707e-02
   endloop
 endfacet
 facet normal -6.227234e-01  1.363443e-05  7.824421e-01
   outer loop
     vertex  2.363438e-01  2.200000e-01  8.350011e-02
     vertex  2.351631e-01  2.200000e-01  8.256042e-02
     vertex  2.351866e-01  1.900000e-01  8.257968e-02
   endloop
 endfacet
 facet normal -6.222990e-01 -1.308905e-05  7.827796e-01
   outer loop
     vertex  2.363438e-01  2.200000e-01  8.350011e-02
     vertex  2.351866e-01  1.900000e-01  8.257968e-02
     vertex  2.363669e-01  1.900000e-01  8.351798e-02
   endloop
 endfacet
 facet normal -5.784650e-01  1.201805e-05  8.157072e-01
   outer loop
     vertex  2.388024e-01 -1.900000e-01  8.529579e-02
     vertex  2.375725e-01 -1.900000e-01  8.442358e-02
     vertex  2.387803e-01 -2.200000e-01  8.528059e-02
   endloop
 endfacet
 facet normal -5.562829e-01 -1.202793e-05  8.309929e-01
   outer loop
     vertex  2.400343e-01 -2.200000e-01  8.612003e-02
     vertex  2.388024e-01 -1.900000e-01  8.529579e-02
     vertex  2.387803e-01 -2.200000e-01  8.528059e-02
   endloop
 endfacet
 facet normal -6.010234e-01  1.309983e-05  7.992314e-01
   outer loop
     vertex  2.375498e-01  2.200000e-01  8.440707e-02
     vertex  2.363438e-01  2.200000e-01  8.350011e-02
     vertex  2.363669e-01  1.900000e-01  8.351798e-02
   endloop
 endfacet
 facet normal -6.006077e-01 -1.255400e-05  7.995439e-01
   outer loop
     vertex  2.375498e-01  2.200000e-01  8.440707e-02
     vertex  2.363669e-01  1.900000e-01  8.351798e-02
     vertex  2.375725e-01  1.900000e-01  8.442358e-02
   endloop
 endfacet
 facet normal -5.558875e-01  1.148120e-05  8.312575e-01
   outer loop
     vertex  2.400557e-01 -1.900000e-01  8.613395e-02
     vertex  2.388024e-01 -1.900000e-01  8.529579e-02
     vertex  2.400343e-01 -2.200000e-01  8.612003e-02
   endloop
 endfacet
 facet normal -5.332761e-01 -1.149063e-05  8.459413e-01
   outer loop
     vertex  2.413108e-01 -2.200000e-01  8.692475e-02
     vertex  2.400557e-01 -1.900000e-01  8.613395e-02
     vertex  2.400343e-01 -2.200000e-01  8.612003e-02
   endloop
 endfacet
 facet normal -5.788711e-01  1.256433e-05  8.154191e-01
   outer loop
     vertex  2.387803e-01  2.200000e-01  8.528059e-02
     vertex  2.375498e-01  2.200000e-01  8.440707e-02
     vertex  2.375725e-01  1.900000e-01  8.442358e-02
   endloop
 endfacet
 facet normal -5.784650e-01 -1.201805e-05  8.157072e-01
   outer loop
     vertex  2.387803e-01  2.200000e-01  8.528059e-02
     vertex  2.375725e-01  1.900000e-01  8.442358e-02
     vertex  2.388024e-01  1.900000e-01  8.529579e-02
   endloop
 endfacet
 facet normal -5.328922e-01  1.094346e-05  8.461831e-01
   outer loop
     vertex  2.413316e-01 -1.900000e-01  8.693745e-02
     vertex  2.400557e-01 -1.900000e-01  8.613395e-02
     vertex  2.413108e-01 -2.200000e-01  8.692475e-02
   endloop
 endfacet
 facet normal -5.098678e-01 -1.095244e-05  8.602528e-01
   outer loop
     vertex  2.426090e-01 -2.200000e-01  8.769415e-02
     vertex  2.413316e-01 -1.900000e-01  8.693745e-02
     vertex  2.413108e-01 -2.200000e-01  8.692475e-02
   endloop
 endfacet
 facet normal -5.562829e-01  1.202793e-05  8.309929e-01
   outer loop
     vertex  2.400343e-01  2.200000e-01  8.612003e-02
     vertex  2.387803e-01  2.200000e-01  8.528059e-02
     vertex  2.388024e-01  1.900000e-01  8.529579e-02
   endloop
 endfacet
 facet normal -5.558875e-01 -1.148120e-05  8.312575e-01
   outer loop
     vertex  2.400343e-01  2.200000e-01  8.612003e-02
     vertex  2.388024e-01  1.900000e-01  8.529579e-02
     vertex  2.400557e-01  1.900000e-01  8.613395e-02
   endloop
 endfacet
 facet normal -5.094965e-01  1.040481e-05  8.604727e-01
   outer loop
     vertex  2.426290e-01 -1.900000e-01  8.770566e-02
     vertex  2.413316e-01 -1.900000e-01  8.693745e-02
     vertex  2.426090e-01 -2.200000e-01  8.769415e-02
   endloop
 endfacet
 facet normal -4.860756e-01 -1.041334e-05  8.739167e-01
   outer loop
     vertex  2.439277e-01 -2.200000e-01  8.842765e-02
     vertex  2.426290e-01 -1.900000e-01  8.770566e-02
     vertex  2.426090e-01 -2.200000e-01  8.769415e-02
   endloop
 endfacet
 facet normal -5.332761e-01  1.149063e-05  8.459413e-01
   outer loop
     vertex  2.413108e-01  2.200000e-01  8.692475e-02
     vertex  2.400343e-01  2.200000e-01  8.612003e-02
     vertex  2.400557e-01  1.900000e-01  8.613395e-02
   endloop
 endfacet
 facet normal -5.328922e-01 -1.094346e-05  8.461831e-01
   outer loop
     vertex  2.413108e-01  2.200000e-01  8.692475e-02
     vertex  2.400557e-01  1.900000e-01  8.613395e-02
     vertex  2.413316e-01  1.900000e-01  8.693745e-02
   endloop
 endfacet
 facet normal -4.857178e-01  9.865274e-06  8.741157e-01
   outer loop
     vertex  2.439470e-01 -1.900000e-01  8.843803e-02
     vertex  2.426290e-01 -1.900000e-01  8.770566e-02
     vertex  2.439277e-01 -2.200000e-01  8.842765e-02
   endloop
 endfacet
 facet normal -4.619176e-01 -9.873354e-06  8.869228e-01
   outer loop
     vertex  2.452661e-01 -2.200000e-01  8.912469e-02
     vertex  2.439470e-01 -1.900000e-01  8.843803e-02
     vertex  2.439277e-01 -2.200000e-01  8.842765e-02
   endloop
 endfacet
 facet normal -5.098678e-01  1.095244e-05  8.602528e-01
   outer loop
     vertex  2.426090e-01  2.200000e-01  8.769415e-02
     vertex  2.413108e-01  2.200000e-01  8.692475e-02
     vertex  2.413316e-01  1.900000e-01  8.693745e-02
   endloop
 endfacet
 facet normal -5.094965e-01 -1.040481e-05  8.604727e-01
   outer loop
     vertex  2.426090e-01  2.200000e-01  8.769415e-02
     vertex  2.413316e-01  1.900000e-01  8.693745e-02
     vertex  2.426290e-01  1.900000e-01  8.770566e-02
   endloop
 endfacet
 facet normal -4.615741e-01  9.324835e-06  8.871017e-01
   outer loop
     vertex  2.452846e-01 -1.900000e-01  8.913399e-02
     vertex  2.439470e-01 -1.900000e-01  8.843803e-02
     vertex  2.452661e-01 -2.200000e-01  8.912469e-02
   endloop
 endfacet
 facet normal -4.374119e-01 -9.332466e-06  8.992613e-01
   outer loop
     vertex  2.466231e-01 -2.200000e-01  8.978475e-02
     vertex  2.452846e-01 -1.900000e-01  8.913399e-02
     vertex  2.452661e-01 -2.200000e-01  8.912469e-02
   endloop
 endfacet
 facet normal -4.860756e-01  1.041334e-05  8.739167e-01
   outer loop
     vertex  2.439277e-01  2.200000e-01  8.842765e-02
     vertex  2.426090e-01  2.200000e-01  8.769415e-02
     vertex  2.426290e-01  1.900000e-01  8.770566e-02
   endloop
 endfacet
 facet normal -4.857178e-01 -9.865274e-06  8.741157e-01
   outer loop
     vertex  2.439277e-01  2.200000e-01  8.842765e-02
     vertex  2.426290e-01  1.900000e-01  8.770566e-02
     vertex  2.439470e-01  1.900000e-01  8.843803e-02
   endloop
 endfacet
 facet normal -4.370835e-01  8.783498e-06  8.994209e-01
   outer loop
     vertex  2.466407e-01 -1.900000e-01  8.979302e-02
     vertex  2.452846e-01 -1.900000e-01  8.913399e-02
     vertex  2.466231e-01 -2.200000e-01  8.978475e-02
   endloop
 endfacet
 facet normal -4.125769e-01 -8.790681e-06  9.109228e-01
   outer loop
     vertex  2.479977e-01 -2.200000e-01  9.040733e-02
     vertex  2.466407e-01 -1.900000e-01  8.979302e-02
     vertex  2.466231e-01 -2.200000e-01  8.978475e-02
   endloop
 endfacet
 facet normal -4.619176e-01  9.873354e-06  8.869228e-01
   outer loop
     vertex  2.452661e-01  2.200000e-01  8.912469e-02
     vertex  2.439277e-01  2.200000e-01  8.842765e-02
     vertex  2.439470e-01  1.900000e-01  8.843803e-02
   endloop
 endfacet
 facet normal -4.615741e-01 -9.324835e-06  8.871017e-01
   outer loop
     vertex  2.452661e-01  2.200000e-01  8.912469e-02
     vertex  2.439470e-01  1.900000e-01  8.843803e-02
     vertex  2.452846e-01  1.900000e-01  8.913399e-02
   endloop
 endfacet
 facet normal -4.122644e-01  8.241263e-06  9.110643e-01
   outer loop
     vertex  2.480144e-01 -1.900000e-01  9.041463e-02
     vertex  2.466407e-01 -1.900000e-01  8.979302e-02
     vertex  2.479977e-01 -2.200000e-01  9.040733e-02
   endloop
 endfacet
 facet normal -3.874313e-01 -8.247997e-06  9.218986e-01
   outer loop
     vertex  2.493889e-01 -2.200000e-01  9.099197e-02
     vertex  2.480144e-01 -1.900000e-01  9.041463e-02
     vertex  2.479977e-01 -2.200000e-01  9.040733e-02
   endloop
 endfacet
 facet normal -4.370835e-01 -8.783498e-06  8.994209e-01
   outer loop
     vertex  2.466231e-01  2.200000e-01  8.978475e-02
     vertex  2.452846e-01  1.900000e-01  8.913399e-02
     vertex  2.466407e-01  1.900000e-01  8.979302e-02
   endloop
 endfacet
 facet normal -4.374119e-01  9.332466e-06  8.992613e-01
   outer loop
     vertex  2.466231e-01  2.200000e-01  8.978475e-02
     vertex  2.452661e-01  2.200000e-01  8.912469e-02
     vertex  2.452846e-01  1.900000e-01  8.913399e-02
   endloop
 endfacet
 facet normal -3.871354e-01  7.698130e-06  9.220229e-01
   outer loop
     vertex  2.494047e-01 -1.900000e-01  9.099835e-02
     vertex  2.480144e-01 -1.900000e-01  9.041463e-02
     vertex  2.493889e-01 -2.200000e-01  9.099197e-02
   endloop
 endfacet
 facet normal -3.619940e-01 -7.704415e-06  9.321804e-01
   outer loop
     vertex  2.507955e-01 -2.200000e-01  9.153823e-02
     vertex  2.494047e-01 -1.900000e-01  9.099835e-02
     vertex  2.493889e-01 -2.200000e-01  9.099197e-02
   endloop
 endfacet
 facet normal -4.122644e-01 -8.241263e-06  9.110643e-01
   outer loop
     vertex  2.479977e-01  2.200000e-01  9.040733e-02
     vertex  2.466407e-01  1.900000e-01  8.979302e-02
     vertex  2.480144e-01  1.900000e-01  9.041463e-02
   endloop
 endfacet
 facet normal -4.125769e-01  8.790681e-06  9.109228e-01
   outer loop
     vertex  2.479977e-01  2.200000e-01  9.040733e-02
     vertex  2.466231e-01  2.200000e-01  8.978475e-02
     vertex  2.466407e-01  1.900000e-01  8.979302e-02
   endloop
 endfacet
 facet normal -3.617155e-01  7.154100e-06  9.322885e-01
   outer loop
     vertex  2.508104e-01 -1.900000e-01  9.154375e-02
     vertex  2.494047e-01 -1.900000e-01  9.099835e-02
     vertex  2.507955e-01 -2.200000e-01  9.153823e-02
   endloop
 endfacet
 facet normal -3.362843e-01 -7.159936e-06  9.417605e-01
   outer loop
     vertex  2.522167e-01 -2.200000e-01  9.204568e-02
     vertex  2.508104e-01 -1.900000e-01  9.154375e-02
     vertex  2.507955e-01 -2.200000e-01  9.153823e-02
   endloop
 endfacet
 facet normal -3.874313e-01  8.247997e-06  9.218986e-01
   outer loop
     vertex  2.493889e-01  2.200000e-01  9.099197e-02
     vertex  2.479977e-01  2.200000e-01  9.040733e-02
     vertex  2.480144e-01  1.900000e-01  9.041463e-02
   endloop
 endfacet
 facet normal -3.871354e-01 -7.698130e-06  9.220229e-01
   outer loop
     vertex  2.493889e-01  2.200000e-01  9.099197e-02
     vertex  2.480144e-01  1.900000e-01  9.041463e-02
     vertex  2.494047e-01  1.900000e-01  9.099835e-02
   endloop
 endfacet
 facet normal -3.360238e-01  6.609172e-06  9.418535e-01
   outer loop
     vertex  2.522305e-01 -1.900000e-01  9.205040e-02
     vertex  2.508104e-01 -1.900000e-01  9.154375e-02
     vertex  2.522167e-01 -2.200000e-01  9.204568e-02
   endloop
 endfacet
 facet normal -3.103214e-01 -6.614559e-06  9.506317e-01
   outer loop
     vertex  2.536512e-01 -2.200000e-01  9.251396e-02
     vertex  2.522305e-01 -1.900000e-01  9.205040e-02
     vertex  2.522167e-01 -2.200000e-01  9.204568e-02
   endloop
 endfacet
 facet normal -3.617155e-01 -7.154100e-06  9.322885e-01
   outer loop
     vertex  2.507955e-01  2.200000e-01  9.153823e-02
     vertex  2.494047e-01  1.900000e-01  9.099835e-02
     vertex  2.508104e-01  1.900000e-01  9.154375e-02
   endloop
 endfacet
 facet normal -3.619940e-01  7.704415e-06  9.321804e-01
   outer loop
     vertex  2.507955e-01  2.200000e-01  9.153823e-02
     vertex  2.493889e-01  2.200000e-01  9.099197e-02
     vertex  2.494047e-01  1.900000e-01  9.099835e-02
   endloop
 endfacet
 facet normal -3.100795e-01  6.063346e-06  9.507106e-01
   outer loop
     vertex  2.536640e-01 -1.900000e-01  9.251794e-02
     vertex  2.522305e-01 -1.900000e-01  9.205040e-02
     vertex  2.536512e-01 -2.200000e-01  9.251396e-02
   endloop
 endfacet
 facet normal -2.841250e-01 -6.068284e-06  9.587873e-01
   outer loop
     vertex  2.550980e-01 -2.200000e-01  9.294271e-02
     vertex  2.536640e-01 -1.900000e-01  9.251794e-02
     vertex  2.536512e-01 -2.200000e-01  9.251396e-02
   endloop
 endfacet
 facet normal -3.362843e-01  7.159936e-06  9.417605e-01
   outer loop
     vertex  2.522167e-01  2.200000e-01  9.204568e-02
     vertex  2.507955e-01  2.200000e-01  9.153823e-02
     vertex  2.508104e-01  1.900000e-01  9.154375e-02
   endloop
 endfacet
 facet normal -3.360238e-01 -6.609172e-06  9.418535e-01
   outer loop
     vertex  2.522167e-01  2.200000e-01  9.204568e-02
     vertex  2.508104e-01  1.900000e-01  9.154375e-02
     vertex  2.522305e-01  1.900000e-01  9.205040e-02
   endloop
 endfacet
 facet normal -2.839022e-01  5.516622e-06  9.588533e-01
   outer loop
     vertex  2.551097e-01 -1.900000e-01  9.294601e-02
     vertex  2.536640e-01 -1.900000e-01  9.251794e-02
     vertex  2.550980e-01 -2.200000e-01  9.294271e-02
   endloop
 endfacet
 facet normal -2.577146e-01 -5.521111e-06  9.662211e-01
   outer loop
     vertex  2.565561e-01 -2.200000e-01  9.333161e-02
     vertex  2.551097e-01 -1.900000e-01  9.294601e-02
     vertex  2.550980e-01 -2.200000e-01  9.294271e-02
   endloop
 endfacet
 facet normal -3.103214e-01  6.614559e-06  9.506317e-01
   outer loop
     vertex  2.536512e-01  2.200000e-01  9.251396e-02
     vertex  2.522167e-01  2.200000e-01  9.204568e-02
     vertex  2.522305e-01  1.900000e-01  9.205040e-02
   endloop
 endfacet
 facet normal -3.100795e-01 -6.063346e-06  9.507106e-01
   outer loop
     vertex  2.536512e-01  2.200000e-01  9.251396e-02
     vertex  2.522305e-01  1.900000e-01  9.205040e-02
     vertex  2.536640e-01  1.900000e-01  9.251794e-02
   endloop
 endfacet
 facet normal -2.575115e-01  4.969000e-06  9.662752e-01
   outer loop
     vertex  2.565667e-01 -1.900000e-01  9.333428e-02
     vertex  2.551097e-01 -1.900000e-01  9.294601e-02
     vertex  2.565561e-01 -2.200000e-01  9.333161e-02
   endloop
 endfacet
 facet normal -2.311102e-01 -4.973040e-06  9.729276e-01
   outer loop
     vertex  2.580242e-01 -2.200000e-01  9.368036e-02
     vertex  2.565667e-01 -1.900000e-01  9.333428e-02
     vertex  2.565561e-01 -2.200000e-01  9.333161e-02
   endloop
 endfacet
 facet normal -2.841250e-01  6.068284e-06  9.587873e-01
   outer loop
     vertex  2.550980e-01  2.200000e-01  9.294271e-02
     vertex  2.536512e-01  2.200000e-01  9.251396e-02
     vertex  2.536640e-01  1.900000e-01  9.251794e-02
   endloop
 endfacet
 facet normal -2.839022e-01 -5.516622e-06  9.588533e-01
   outer loop
     vertex  2.550980e-01  2.200000e-01  9.294271e-02
     vertex  2.536640e-01  1.900000e-01  9.251794e-02
     vertex  2.551097e-01  1.900000e-01  9.294601e-02
   endloop
 endfacet
 facet normal -2.309272e-01  4.420480e-06  9.729710e-01
   outer loop
     vertex  2.580337e-01 -1.900000e-01  9.368247e-02
     vertex  2.565667e-01 -1.900000e-01  9.333428e-02
     vertex  2.580242e-01 -2.200000e-01  9.368036e-02
   endloop
 endfacet
 facet normal -2.043319e-01 -4.424072e-06  9.789017e-01
   outer loop
     vertex  2.595014e-01 -2.200000e-01  9.398870e-02
     vertex  2.580337e-01 -1.900000e-01  9.368247e-02
     vertex  2.580242e-01 -2.200000e-01  9.368036e-02
   endloop
 endfacet
 facet normal -2.577146e-01  5.521111e-06  9.662211e-01
   outer loop
     vertex  2.565561e-01  2.200000e-01  9.333161e-02
     vertex  2.550980e-01  2.200000e-01  9.294271e-02
     vertex  2.551097e-01  1.900000e-01  9.294601e-02
   endloop
 endfacet
 facet normal -2.575115e-01 -4.969000e-06  9.662752e-01
   outer loop
     vertex  2.565561e-01  2.200000e-01  9.333161e-02
     vertex  2.551097e-01  1.900000e-01  9.294601e-02
     vertex  2.565667e-01  1.900000e-01  9.333428e-02
   endloop
 endfacet
 facet normal -2.041694e-01  3.871063e-06  9.789356e-01
   outer loop
     vertex  2.595098e-01 -1.900000e-01  9.399032e-02
     vertex  2.580337e-01 -1.900000e-01  9.368247e-02
     vertex  2.595014e-01 -2.200000e-01  9.398870e-02
   endloop
 endfacet
 facet normal -1.773998e-01 -3.874205e-06  9.841389e-01
   outer loop
     vertex  2.609865e-01 -2.200000e-01  9.425639e-02
     vertex  2.595098e-01 -1.900000e-01  9.399032e-02
     vertex  2.595014e-01 -2.200000e-01  9.398870e-02
   endloop
 endfacet
 facet normal -2.311102e-01  4.973040e-06  9.729276e-01
   outer loop
     vertex  2.580242e-01  2.200000e-01  9.368036e-02
     vertex  2.565561e-01  2.200000e-01  9.333161e-02
     vertex  2.565667e-01  1.900000e-01  9.333428e-02
   endloop
 endfacet
 facet normal -2.309272e-01 -4.420480e-06  9.729710e-01
   outer loop
     vertex  2.580242e-01  2.200000e-01  9.368036e-02
     vertex  2.565667e-01  1.900000e-01  9.333428e-02
     vertex  2.580337e-01  1.900000e-01  9.368247e-02
   endloop
 endfacet
 facet normal -1.772582e-01  3.320747e-06  9.841644e-01
   outer loop
     vertex  2.609937e-01 -1.900000e-01  9.425759e-02
     vertex  2.595098e-01 -1.900000e-01  9.399032e-02
     vertex  2.609865e-01 -2.200000e-01  9.425639e-02
   endloop
 endfacet
 facet normal -1.503341e-01 -3.323441e-06  9.886353e-01
   outer loop
     vertex  2.624783e-01 -2.200000e-01  9.448325e-02
     vertex  2.609937e-01 -1.900000e-01  9.425759e-02
     vertex  2.609865e-01 -2.200000e-01  9.425639e-02
   endloop
 endfacet
 facet normal -2.043319e-01  4.424072e-06  9.789017e-01
   outer loop
     vertex  2.595014e-01  2.200000e-01  9.398870e-02
     vertex  2.580242e-01  2.200000e-01  9.368036e-02
     vertex  2.580337e-01  1.900000e-01  9.368247e-02
   endloop
 endfacet
 facet normal -2.041694e-01 -3.871063e-06  9.789356e-01
   outer loop
     vertex  2.595014e-01  2.200000e-01  9.398870e-02
     vertex  2.580337e-01  1.900000e-01  9.368247e-02
     vertex  2.595098e-01  1.900000e-01  9.399032e-02
   endloop
 endfacet
 facet normal -1.502138e-01  2.769534e-06  9.886535e-01
   outer loop
     vertex  2.624844e-01 -1.900000e-01  9.448408e-02
     vertex  2.609937e-01 -1.900000e-01  9.425759e-02
     vertex  2.624783e-01 -2.200000e-01  9.448325e-02
   endloop
 endfacet
 facet normal -1.231552e-01 -2.771779e-06  9.923874e-01
   outer loop
     vertex  2.639759e-01 -2.200000e-01  9.466909e-02
     vertex  2.624844e-01 -1.900000e-01  9.448408e-02
     vertex  2.624783e-01 -2.200000e-01  9.448325e-02
   endloop
 endfacet
 facet normal -1.773998e-01  3.874205e-06  9.841389e-01
   outer loop
     vertex  2.609865e-01  2.200000e-01  9.425639e-02
     vertex  2.595014e-01  2.200000e-01  9.398870e-02
     vertex  2.595098e-01  1.900000e-01  9.399032e-02
   endloop
 endfacet
 facet normal -1.772582e-01 -3.320747e-06  9.841644e-01
   outer loop
     vertex  2.609865e-01  2.200000e-01  9.425639e-02
     vertex  2.595098e-01  1.900000e-01  9.399032e-02
     vertex  2.609937e-01  1.900000e-01  9.425759e-02
   endloop
 endfacet
 facet normal -1.230564e-01  2.217423e-06  9.923997e-01
   outer loop
     vertex  2.639807e-01 -1.900000e-01  9.466963e-02
     vertex  2.624844e-01 -1.900000e-01  9.448408e-02
     vertex  2.639759e-01 -2.200000e-01  9.466909e-02
   endloop
 endfacet
 facet normal -9.588368e-02 -2.219219e-06  9.953925e-01
   outer loop
     vertex  2.654779e-01 -2.200000e-01  9.481378e-02
     vertex  2.639807e-01 -1.900000e-01  9.466963e-02
     vertex  2.639759e-01 -2.200000e-01  9.466909e-02
   endloop
 endfacet
 facet normal -1.503341e-01  3.323441e-06  9.886353e-01
   outer loop
     vertex  2.624783e-01  2.200000e-01  9.448325e-02
     vertex  2.609865e-01  2.200000e-01  9.425639e-02
     vertex  2.609937e-01  1.900000e-01  9.425759e-02
   endloop
 endfacet
 facet normal -1.502138e-01 -2.769534e-06  9.886535e-01
   outer loop
     vertex  2.624783e-01  2.200000e-01  9.448325e-02
     vertex  2.609937e-01  1.900000e-01  9.425759e-02
     vertex  2.624844e-01  1.900000e-01  9.448408e-02
   endloop
 endfacet
 facet normal -9.580658e-02  1.664414e-06  9.954000e-01
   outer loop
     vertex  2.654816e-01 -1.900000e-01  9.481408e-02
     vertex  2.639807e-01 -1.900000e-01  9.466963e-02
     vertex  2.654779e-01 -2.200000e-01  9.481378e-02
   endloop
 endfacet
 facet normal -6.853995e-02 -1.665761e-06  9.976484e-01
   outer loop
     vertex  2.669834e-01 -2.200000e-01  9.491721e-02
     vertex  2.654816e-01 -1.900000e-01  9.481408e-02
     vertex  2.654779e-01 -2.200000e-01  9.481378e-02
   endloop
 endfacet
 facet normal -1.230564e-01 -2.217423e-06  9.923997e-01
   outer loop
     vertex  2.639759e-01  2.200000e-01  9.466909e-02
     vertex  2.624844e-01  1.900000e-01  9.448408e-02
     vertex  2.639807e-01  1.900000e-01  9.466963e-02
   endloop
 endfacet
 facet normal -1.231552e-01  2.771779e-06  9.923874e-01
   outer loop
     vertex  2.639759e-01  2.200000e-01  9.466909e-02
     vertex  2.624783e-01  2.200000e-01  9.448325e-02
     vertex  2.624844e-01  1.900000e-01  9.448408e-02
   endloop
 endfacet
 facet normal -6.848475e-02  1.110507e-06  9.976522e-01
   outer loop
     vertex  2.669858e-01 -1.900000e-01  9.491734e-02
     vertex  2.654816e-01 -1.900000e-01  9.481408e-02
     vertex  2.669834e-01 -2.200000e-01  9.491721e-02
   endloop
 endfacet
 facet normal -4.114462e-02 -1.111405e-06  9.991532e-01
   outer loop
     vertex  2.684911e-01 -2.200000e-01  9.497930e-02
     vertex  2.669858e-01 -1.900000e-01  9.491734e-02
     vertex  2.669834e-01 -2.200000e-01  9.491721e-02
   endloop
 endfacet
 facet normal -9.580658e-02 -1.664414e-06  9.954000e-01
   outer loop
     vertex  2.654779e-01  2.200000e-01  9.481378e-02
     vertex  2.639807e-01  1.900000e-01  9.466963e-02
     vertex  2.654816e-01  1.900000e-01  9.481408e-02
   endloop
 endfacet
 facet normal -9.588368e-02  2.219219e-06  9.953925e-01
   outer loop
     vertex  2.654779e-01  2.200000e-01  9.481378e-02
     vertex  2.639759e-01  2.200000e-01  9.466909e-02
     vertex  2.639807e-01  1.900000e-01  9.466963e-02
   endloop
 endfacet
 facet normal -4.111145e-02  5.557025e-07  9.991546e-01
   outer loop
     vertex  2.684923e-01 -1.900000e-01  9.497933e-02
     vertex  2.669858e-01 -1.900000e-01  9.491734e-02
     vertex  2.684911e-01 -2.200000e-01  9.497930e-02
   endloop
 endfacet
 facet normal -1.371831e-02 -5.561514e-07  9.999059e-01
   outer loop
     vertex  2.700000e-01 -2.200000e-01  9.500000e-02
     vertex  2.684923e-01 -1.900000e-01  9.497933e-02
     vertex  2.684911e-01 -2.200000e-01  9.497930e-02
   endloop
 endfacet
 facet normal -6.848475e-02 -1.110507e-06  9.976522e-01
   outer loop
     vertex  2.669834e-01  2.200000e-01  9.491721e-02
     vertex  2.654816e-01  1.900000e-01  9.481408e-02
     vertex  2.669858e-01  1.900000e-01  9.491734e-02
   endloop
 endfacet
 facet normal -6.853995e-02  1.665761e-06  9.976484e-01
   outer loop
     vertex  2.669834e-01  2.200000e-01  9.491721e-02
     vertex  2.654779e-01  2.200000e-01  9.481378e-02
     vertex  2.654816e-01  1.900000e-01  9.481408e-02
   endloop
 endfacet
 facet normal -1.370725e-02  0.000000e+00  9.999061e-01
   outer loop
     vertex  2.700000e-01 -1.900000e-01  9.500000e-02
     vertex  2.684923e-01 -1.900000e-01  9.497933e-02
     vertex  2.700000e-01 -2.200000e-01  9.500000e-02
   endloop
 endfacet
 facet normal -4.114462e-02  1.111405e-06  9.991532e-01
   outer loop
     vertex  2.684911e-01  2.200000e-01  9.497930e-02
     vertex  2.669834e-01  2.200000e-01  9.491721e-02
     vertex  2.669858e-01  1.900000e-01  9.491734e-02
   endloop
 endfacet
 facet normal -4.111145e-02 -5.557025e-07  9.991546e-01
   outer loop
     vertex  2.684911e-01  2.200000e-01  9.497930e-02
     vertex  2.669858e-01  1.900000e-01  9.491734e-02
     vertex  2.684923e-01  1.900000e-01  9.497933e-02
   endloop
 endfacet
 facet normal -1.370725e-02  0.000000e+00  9.999061e-01
   outer loop
     vertex  2.700000e-01  2.200000e-01  9.500000e-02
     vertex  2.684923e-01  1.900000e-01  9.497933e-02
     vertex  2.700000e-01  1.900000e-01  9.500000e-02
   endloop
 endfacet
 facet normal -1.371831e-02  5.561514e-07  9.999059e-01
   outer loop
     vertex  2.700000e-01  2.200000e-01  9.500000e-02
     vertex  2.684911e-01  2.200000e-01  9.497930e-02
     vertex  2.684923e-01  1.900000e-01  9.497933e-02
   endloop
 endfacet
 facet normal -0.000000e+00  0.000000e+00 -1.000000e+00
   outer loop
     vertex  3.600000e-01  1.900000e-01  0.000000e+00
     vertex  3.077492e-01 -1.900000e-01  0.000000e+00
     vertex  3.077492e-01  1.900000e-01  0.000000e+00
   endloop
 endfacet
 facet normal  0.000000e+00 -0.000000e+00 -1.000000e+00
   outer loop
     vertex  3.600000e-01  1.900000e-01  0.000000e+00
     vertex  3.600000e-01 -1.900000e-01  0.000000e+00
     vertex  3.077492e-01 -1.900000e-01  0.000000e+00
   endloop
 endfacet
 facet normal  1.000000e+00  0.000000e+00  0.000000e+00
   outer loop
     vertex  3.600000e-01 -1.900000e-01  2.000000e-01
     vertex  3.600000e-01 -1.900000e-01  0.000000e+00
     vertex  3.600000e-01  1.900000e-01  0.000000e+00
   endloop
 endfacet
 facet normal  1.000000e+00 -0.000000e+00  0.000000e+00
   outer loop
     vertex  3.600000e-01 -1.900000e-01  2.000000e-01
     vertex  3.600000e-01  1.900000e-01  0.000000e+00
     vertex  3.600000e-01  1.900000e-01  2.000000e-01
   endloop
 endfacet
 facet normal  0.000000e+00 -1.000000e+00  0.000000e+00
   outer loop
     vertex -3.208494e-01 -2.200000e-01  6.096042e-02
     vertex -3.214053e-01 -2.200000e-01  5.955753e-02
     vertex -3.219225e-01 -2.200000e-01  5.813991e-02
   endloop
 endfacet
 facet normal  0.000000e+00 -1.000000e+00  0.000000e+00
   outer loop
     vertex -3.113408e-01 -2.200000e-01  7.627584e-02
     vertex -3.123205e-01 -2.200000e-01  7.512804e-02
     vertex -3.132682e-01 -2.200000e-01  7.395379e-02
   endloop
 endfacet
 facet normal  0.000000e+00 -1.000000e+00  0.000000e+00
   outer loop
     vertex -3.048369e-01 -2.200000e-01  8.256042e-02
     vertex -3.059914e-01 -2.200000e-01  8.158868e-02
     vertex -3.071188e-01 -2.200000e-01  8.058563e-02
   endloop
 endfacet
 facet normal  0.000000e+00 -1.000000e+00  0.000000e+00
   outer loop
     vertex -3.036562e-01 -2.200000e-01  8.350011e-02
     vertex -3.048369e-01 -2.200000e-01  8.256042e-02
     vertex -3.071188e-01 -2.200000e-01  8.058563e-02
   endloop
 endfacet
 facet normal  0.000000e+00 -1.000000e+00  0.000000e+00
   outer loop
     vertex -3.012197e-01 -2.200000e-01  8.528059e-02
     vertex -3.024502e-01 -2.200000e-01  8.440707e-02
     vertex -3.036562e-01 -2.200000e-01  8.350011e-02
   endloop
 endfacet
 facet normal  0.000000e+00 -1.000000e+00  0.000000e+00
   outer loop
     vertex -2.973910e-01 -2.200000e-01  8.769415e-02
     vertex -2.986892e-01 -2.200000e-01  8.692475e-02
     vertex -2.999657e-01 -2.200000e-01  8.612003e-02
   endloop
 endfacet
 facet normal  0.000000e+00 -1.000000e+00  0.000000e+00
   outer loop
     vertex -2.947339e-01 -2.200000e-01  8.912469e-02
     vertex -2.960723e-01 -2.200000e-01  8.842765e-02
     vertex -2.973910e-01 -2.200000e-01  8.769415e-02
   endloop
 endfacet
 facet normal  0.000000e+00 -1.000000e+00  0.000000e+00
   outer loop
     vertex -2.200561e-01 -2.200000e-01  1.696515e-02
     vertex -2.213947e-01 -2.200000e-01  1.426053e-02
     vertex -2.207068e-01 -2.200000e-01  1.560366e-02
   endloop
 endfacet
 facet normal  0.000000e+00 -1.000000e+00  0.000000e+00
   outer loop
     vertex -2.920023e-01 -2.200000e-01  9.040733e-02
     vertex -2.933769e-01 -2.200000e-01  8.978475e-02
     vertex -2.947339e-01 -2.200000e-01  8.912469e-02
   endloop
 endfacet
 facet normal  0.000000e+00 -1.000000e+00  0.000000e+00
   outer loop
     vertex -2.877833e-01 -2.200000e-01  9.204568e-02
     vertex -2.892045e-01 -2.200000e-01  9.153823e-02
     vertex -2.906111e-01 -2.200000e-01  9.099197e-02
   endloop
 endfacet
 facet normal  0.000000e+00 -1.000000e+00  0.000000e+00
   outer loop
     vertex -2.863488e-01 -2.200000e-01  9.251396e-02
     vertex -2.877833e-01 -2.200000e-01  9.204568e-02
     vertex -2.906111e-01 -2.200000e-01  9.099197e-02
   endloop
 endfacet
 facet normal  0.000000e+00 -1.000000e+00  0.000000e+00
   outer loop
     vertex -2.775217e-01 -2.200000e-01  9.448325e-02
     vertex -2.790135e-01 -2.200000e-01  9.425639e-02
     vertex -2.804986e-01 -2.200000e-01  9.398870e-02
   endloop
 endfacet
 facet normal  0.000000e+00 -1.000000e+00  0.000000e+00
   outer loop
     vertex -2.715089e-01 -2.200000e-01  9.497930e-02
     vertex -2.730166e-01 -2.200000e-01  9.491721e-02
     vertex -2.745221e-01 -2.200000e-01  9.481378e-02
   endloop
 endfacet
 facet normal  0.000000e+00 -1.000000e+00  0.000000e+00
   outer loop
     vertex -2.595014e-01 -2.200000e-01  9.398870e-02
     vertex -2.609865e-01 -2.200000e-01  9.425639e-02
     vertex -2.624783e-01 -2.200000e-01  9.448325e-02
   endloop
 endfacet
 facet normal  0.000000e+00 -1.000000e+00  0.000000e+00
   outer loop
     vertex -2.439277e-01 -2.200000e-01  8.842765e-02
     vertex -2.452661e-01 -2.200000e-01  8.912469e-02
     vertex -2.466231e-01 -2.200000e-01  8.978475e-02
   endloop
 endfacet
 facet normal  0.000000e+00 -1.000000e+00  0.000000e+00
   outer loop
     vertex -2.363438e-01 -2.200000e-01  8.350011e-02
     vertex -2.387803e-01 -2.200000e-01  8.528059e-02
     vertex -2.400343e-01 -2.200000e-01  8.612003e-02
   endloop
 endfacet
 facet normal  0.000000e+00 -1.000000e+00  0.000000e+00
   outer loop
     vertex -2.363438e-01 -2.200000e-01  8.350011e-02
     vertex -2.375498e-01 -2.200000e-01  8.440707e-02
     vertex -2.387803e-01 -2.200000e-01  8.528059e-02
   endloop
 endfacet
 facet normal  0.000000e+00 -1.000000e+00  0.000000e+00
   outer loop
     vertex -2.267318e-01 -2.200000e-01  7.395379e-02
     vertex -2.249346e-01 -2.200000e-01  7.152953e-02
     vertex -2.258166e-01 -2.200000e-01  7.275399e-02
   endloop
 endfacet
 facet normal  0.000000e+00 -1.000000e+00  0.000000e+00
   outer loop
     vertex -2.296699e-01 -2.200000e-01  7.739633e-02
     vertex -2.276795e-01 -2.200000e-01  7.512804e-02
     vertex -2.286592e-01 -2.200000e-01  7.627584e-02
   endloop
 endfacet
 facet normal  0.000000e+00 -1.000000e+00  0.000000e+00
   outer loop
     vertex -2.307110e-01 -2.200000e-01  7.848867e-02
     vertex -2.684911e-01 -2.200000e-01  9.497930e-02
     vertex -2.700000e-01 -2.200000e-01  9.500000e-02
   endloop
 endfacet
 facet normal  0.000000e+00 -1.000000e+00  0.000000e+00
   outer loop
     vertex -2.307110e-01 -2.200000e-01  7.848867e-02
     vertex -2.669834e-01 -2.200000e-01  9.491721e-02
     vertex -2.684911e-01 -2.200000e-01  9.497930e-02
   endloop
 endfacet
 facet normal  0.000000e+00 -1.000000e+00  0.000000e+00
   outer loop
     vertex -2.307110e-01 -2.200000e-01  7.848867e-02
     vertex -2.654779e-01 -2.200000e-01  9.481378e-02
     vertex -2.669834e-01 -2.200000e-01  9.491721e-02
   endloop
 endfacet
 facet normal  0.000000e+00 -1.000000e+00  0.000000e+00
   outer loop
     vertex -2.307110e-01 -2.200000e-01  7.848867e-02
     vertex -2.639759e-01 -2.200000e-01  9.466909e-02
     vertex -2.654779e-01 -2.200000e-01  9.481378e-02
   endloop
 endfacet
 facet normal  0.000000e+00 -1.000000e+00  0.000000e+00
   outer loop
     vertex -2.307110e-01 -2.200000e-01  7.848867e-02
     vertex -2.624783e-01 -2.200000e-01  9.448325e-02
     vertex -2.639759e-01 -2.200000e-01  9.466909e-02
   endloop
 endfacet
 facet normal  0.000000e+00 -1.000000e+00  0.000000e+00
   outer loop
     vertex -2.307110e-01 -2.200000e-01  7.848867e-02
     vertex -2.580242e-01 -2.200000e-01  9.368036e-02
     vertex -2.595014e-01 -2.200000e-01  9.398870e-02
   endloop
 endfacet
 facet normal  0.000000e+00 -1.000000e+00  0.000000e+00
   outer loop
     vertex -2.307110e-01 -2.200000e-01  7.848867e-02
     vertex -2.565561e-01 -2.200000e-01  9.333161e-02
     vertex -2.580242e-01 -2.200000e-01  9.368036e-02
   endloop
 endfacet
 facet normal  0.000000e+00 -1.000000e+00  0.000000e+00
   outer loop
     vertex -2.307110e-01 -2.200000e-01  7.848867e-02
     vertex -2.550980e-01 -2.200000e-01  9.294271e-02
     vertex -2.565561e-01 -2.200000e-01  9.333161e-02
   endloop
 endfacet
 facet normal  0.000000e+00 -1.000000e+00  0.000000e+00
   outer loop
     vertex -2.307110e-01 -2.200000e-01  7.848867e-02
     vertex -2.536512e-01 -2.200000e-01  9.251396e-02
     vertex -2.550980e-01 -2.200000e-01  9.294271e-02
   endloop
 endfacet
 facet normal  0.000000e+00 -1.000000e+00  0.000000e+00
   outer loop
     vertex -2.307110e-01 -2.200000e-01  7.848867e-02
     vertex -2.522167e-01 -2.200000e-01  9.204568e-02
     vertex -2.536512e-01 -2.200000e-01  9.251396e-02
   endloop
 endfacet
 facet normal  0.000000e+00 -1.000000e+00  0.000000e+00
   outer loop
     vertex -2.307110e-01 -2.200000e-01  7.848867e-02
     vertex -2.507955e-01 -2.200000e-01  9.153823e-02
     vertex -2.522167e-01 -2.200000e-01  9.204568e-02
   endloop
 endfacet
 facet normal  0.000000e+00 -1.000000e+00  0.000000e+00
   outer loop
     vertex -2.307110e-01 -2.200000e-01  7.848867e-02
     vertex -2.493889e-01 -2.200000e-01  9.099197e-02
     vertex -2.507955e-01 -2.200000e-01  9.153823e-02
   endloop
 endfacet
 facet normal  0.000000e+00 -1.000000e+00  0.000000e+00
   outer loop
     vertex -2.307110e-01 -2.200000e-01  7.848867e-02
     vertex -2.479977e-01 -2.200000e-01  9.040733e-02
     vertex -2.493889e-01 -2.200000e-01  9.099197e-02
   endloop
 endfacet
 facet normal  0.000000e+00 -1.000000e+00  0.000000e+00
   outer loop
     vertex -2.307110e-01 -2.200000e-01  7.848867e-02
     vertex -2.466231e-01 -2.200000e-01  8.978475e-02
     vertex -2.479977e-01 -2.200000e-01  9.040733e-02
   endloop
 endfacet
 facet normal  0.000000e+00 -1.000000e+00  0.000000e+00
   outer loop
     vertex -2.307110e-01 -2.200000e-01  7.848867e-02
     vertex -2.426090e-01 -2.200000e-01  8.769415e-02
     vertex -2.439277e-01 -2.200000e-01  8.842765e-02
   endloop
 endfacet
 facet normal  0.000000e+00 -1.000000e+00  0.000000e+00
   outer loop
     vertex -2.307110e-01 -2.200000e-01  7.848867e-02
     vertex -2.413108e-01 -2.200000e-01  8.692475e-02
     vertex -2.426090e-01 -2.200000e-01  8.769415e-02
   endloop
 endfacet
 facet normal  0.000000e+00 -1.000000e+00  0.000000e+00
   outer loop
     vertex -2.307110e-01 -2.200000e-01  7.848867e-02
     vertex -2.400343e-01 -2.200000e-01  8.612003e-02
     vertex -2.413108e-01 -2.200000e-01  8.692475e-02
   endloop
 endfacet
 facet normal  0.000000e+00 -1.000000e+00  0.000000e+00
   outer loop
     vertex -2.307110e-01 -2.200000e-01  7.848867e-02
     vertex -2.351631e-01 -2.200000e-01  8.256042e-02
     vertex -2.363438e-01 -2.200000e-01  8.350011e-02
   endloop
 endfacet
 facet normal  0.000000e+00 -1.000000e+00  0.000000e+00
   outer loop
     vertex -2.307110e-01 -2.200000e-01  7.848867e-02
     vertex -2.340086e-01 -2.200000e-01  8.158868e-02
     vertex -2.351631e-01 -2.200000e-01  8.256042e-02
   endloop
 endfacet
 facet normal  0.000000e+00 -1.000000e+00  0.000000e+00
   outer loop
     vertex -2.307110e-01 -2.200000e-01  7.848867e-02
     vertex -2.328812e-01 -2.200000e-01  8.058563e-02
     vertex -2.340086e-01 -2.200000e-01  8.158868e-02
   endloop
 endfacet
 facet normal  0.000000e+00 -1.000000e+00  0.000000e+00
   outer loop
     vertex -2.307110e-01 -2.200000e-01  7.848867e-02
     vertex -2.317817e-01 -2.200000e-01  7.955204e-02
     vertex -2.328812e-01 -2.200000e-01  8.058563e-02
   endloop
 endfacet
 facet normal  0.000000e+00 -1.000000e+00  0.000000e+00
   outer loop
     vertex -2.307110e-01 -2.200000e-01  7.848867e-02
     vertex -2.267318e-01 -2.200000e-01  7.395379e-02
     vertex -2.276795e-01 -2.200000e-01  7.512804e-02
   endloop
 endfacet
 facet normal  0.000000e+00 -1.000000e+00  0.000000e+00
   outer loop
     vertex -2.307110e-01 -2.200000e-01  7.848867e-02
     vertex -2.240866e-01 -2.200000e-01  7.028134e-02
     vertex -2.249346e-01 -2.200000e-01  7.152953e-02
   endloop
 endfacet
 facet normal  0.000000e+00 -1.000000e+00  0.000000e+00
   outer loop
     vertex -2.307110e-01 -2.200000e-01  7.848867e-02
     vertex -2.232731e-01 -2.200000e-01  6.901035e-02
     vertex -2.240866e-01 -2.200000e-01  7.028134e-02
   endloop
 endfacet
 facet normal  0.000000e+00 -1.000000e+00  0.000000e+00
   outer loop
     vertex -2.307110e-01 -2.200000e-01  7.848867e-02
     vertex -2.224949e-01 -2.200000e-01  6.771753e-02
     vertex -2.232731e-01 -2.200000e-01  6.901035e-02
   endloop
 endfacet
 facet normal  0.000000e+00 -1.000000e+00  0.000000e+00
   outer loop
     vertex -2.307110e-01 -2.200000e-01  7.848867e-02
     vertex -2.217523e-01 -2.200000e-01  6.640384e-02
     vertex -2.224949e-01 -2.200000e-01  6.771753e-02
   endloop
 endfacet
 facet normal  0.000000e+00 -1.000000e+00  0.000000e+00
   outer loop
     vertex -2.307110e-01 -2.200000e-01  7.848867e-02
     vertex -2.210461e-01 -2.200000e-01  6.507027e-02
     vertex -2.217523e-01 -2.200000e-01  6.640384e-02
   endloop
 endfacet
 facet normal  0.000000e+00 -1.000000e+00  0.000000e+00
   outer loop
     vertex -2.307110e-01 -2.200000e-01  7.848867e-02
     vertex -2.203768e-01 -2.200000e-01  6.371783e-02
     vertex -2.210461e-01 -2.200000e-01  6.507027e-02
   endloop
 endfacet
 facet normal  0.000000e+00 -1.000000e+00  0.000000e+00
   outer loop
     vertex -2.307110e-01 -2.200000e-01  7.848867e-02
     vertex -2.197448e-01 -2.200000e-01  6.234754e-02
     vertex -2.203768e-01 -2.200000e-01  6.371783e-02
   endloop
 endfacet
 facet normal  0.000000e+00 -1.000000e+00  0.000000e+00
   outer loop
     vertex -2.307110e-01 -2.200000e-01  7.848867e-02
     vertex -2.191506e-01 -2.200000e-01  6.096042e-02
     vertex -2.197448e-01 -2.200000e-01  6.234754e-02
   endloop
 endfacet
 facet normal  0.000000e+00 -1.000000e+00  0.000000e+00
   outer loop
     vertex -2.307110e-01 -2.200000e-01  7.848867e-02
     vertex -2.185947e-01 -2.200000e-01  5.955753e-02
     vertex -2.191506e-01 -2.200000e-01  6.096042e-02
   endloop
 endfacet
 facet normal  0.000000e+00 -1.000000e+00  0.000000e+00
   outer loop
     vertex -2.307110e-01 -2.200000e-01  7.848867e-02
     vertex -2.180775e-01 -2.200000e-01  5.813991e-02
     vertex -2.185947e-01 -2.200000e-01  5.955753e-02
   endloop
 endfacet
 facet normal  0.000000e+00 -1.000000e+00  0.000000e+00
   outer loop
     vertex -2.307110e-01 -2.200000e-01  7.848867e-02
     vertex -2.175994e-01 -2.200000e-01  5.670864e-02
     vertex -2.180775e-01 -2.200000e-01  5.813991e-02
   endloop
 endfacet
 facet normal  0.000000e+00 -1.000000e+00  0.000000e+00
   outer loop
     vertex -2.307110e-01 -2.200000e-01  7.848867e-02
     vertex -2.171608e-01 -2.200000e-01  5.526479e-02
     vertex -2.175994e-01 -2.200000e-01  5.670864e-02
   endloop
 endfacet
 facet normal  0.000000e+00 -1.000000e+00  0.000000e+00
   outer loop
     vertex -2.307110e-01 -2.200000e-01  7.848867e-02
     vertex -2.167619e-01 -2.200000e-01  5.380945e-02
     vertex -2.171608e-01 -2.200000e-01  5.526479e-02
   endloop
 endfacet
 facet normal  0.000000e+00 -1.000000e+00  0.000000e+00
   outer loop
     vertex -2.307110e-01 -2.200000e-01  7.848867e-02
     vertex -2.164031e-01 -2.200000e-01  5.234372e-02
     vertex -2.167619e-01 -2.200000e-01  5.380945e-02
   endloop
 endfacet
 facet normal  0.000000e+00 -1.000000e+00  0.000000e+00
   outer loop
     vertex -2.307110e-01 -2.200000e-01  7.848867e-02
     vertex -2.160846e-01 -2.200000e-01  5.086869e-02
     vertex -2.164031e-01 -2.200000e-01  5.234372e-02
   endloop
 endfacet
 facet normal  0.000000e+00 -1.000000e+00  0.000000e+00
   outer loop
     vertex -2.307110e-01 -2.200000e-01  7.848867e-02
     vertex -2.158067e-01 -2.200000e-01  4.938548e-02
     vertex -2.160846e-01 -2.200000e-01  5.086869e-02
   endloop
 endfacet
 facet normal  0.000000e+00 -1.000000e+00  0.000000e+00
   outer loop
     vertex -2.307110e-01 -2.200000e-01  7.848867e-02
     vertex -2.155696e-01 -2.200000e-01  4.789521e-02
     vertex -2.158067e-01 -2.200000e-01  4.938548e-02
   endloop
 endfacet
 facet normal  0.000000e+00 -1.000000e+00  0.000000e+00
   outer loop
     vertex -2.307110e-01 -2.200000e-01  7.848867e-02
     vertex -2.153735e-01 -2.200000e-01  4.639899e-02
     vertex -2.155696e-01 -2.200000e-01  4.789521e-02
   endloop
 endfacet
 facet normal  0.000000e+00 -1.000000e+00  0.000000e+00
   outer loop
     vertex -2.307110e-01 -2.200000e-01  7.848867e-02
     vertex -2.152185e-01 -2.200000e-01  4.489795e-02
     vertex -2.153735e-01 -2.200000e-01  4.639899e-02
   endloop
 endfacet
 facet normal  0.000000e+00 -1.000000e+00  0.000000e+00
   outer loop
     vertex -2.307110e-01 -2.200000e-01  7.848867e-02
     vertex -2.151048e-01 -2.200000e-01  4.339323e-02
     vertex -2.152185e-01 -2.200000e-01  4.489795e-02
   endloop
 endfacet
 facet normal  0.000000e+00 -1.000000e+00  0.000000e+00
   outer loop
     vertex -2.307110e-01 -2.200000e-01  7.848867e-02
     vertex -2.150323e-01 -2.200000e-01  4.188596e-02
     vertex -2.151048e-01 -2.200000e-01  4.339323e-02
   endloop
 endfacet
 facet normal  0.000000e+00 -1.000000e+00  0.000000e+00
   outer loop
     vertex -2.307110e-01 -2.200000e-01  7.848867e-02
     vertex -2.150013e-01 -2.200000e-01  4.037726e-02
     vertex -2.150323e-01 -2.200000e-01  4.188596e-02
   endloop
 endfacet
 facet normal  0.000000e+00 -1.000000e+00  0.000000e+00
   outer loop
     vertex -2.307110e-01 -2.200000e-01  7.848867e-02
     vertex -2.150116e-01 -2.200000e-01  3.886828e-02
     vertex -2.150013e-01 -2.200000e-01  4.037726e-02
   endloop
 endfacet
 facet normal  0.000000e+00 -1.000000e+00  0.000000e+00
   outer loop
     vertex -2.307110e-01 -2.200000e-01  7.848867e-02
     vertex -2.150634e-01 -2.200000e-01  3.736016e-02
     vertex -2.150116e-01 -2.200000e-01  3.886828e-02
   endloop
 endfacet
 facet normal  0.000000e+00 -1.000000e+00  0.000000e+00
   outer loop
     vertex -2.307110e-01 -2.200000e-01  7.848867e-02
     vertex -2.151565e-01 -2.200000e-01  3.585402e-02
     vertex -2.150634e-01 -2.200000e-01  3.736016e-02
   endloop
 endfacet
 facet normal  0.000000e+00 -1.000000e+00  0.000000e+00
   outer loop
     vertex -2.307110e-01 -2.200000e-01  7.848867e-02
     vertex -2.152909e-01 -2.200000e-01  3.435100e-02
     vertex -2.151565e-01 -2.200000e-01  3.585402e-02
   endloop
 endfacet
 facet normal  0.000000e+00 -1.000000e+00  0.000000e+00
   outer loop
     vertex -2.307110e-01 -2.200000e-01  7.848867e-02
     vertex -2.154664e-01 -2.200000e-01  3.285223e-02
     vertex -2.152909e-01 -2.200000e-01  3.435100e-02
   endloop
 endfacet
 facet normal  0.000000e+00 -1.000000e+00  0.000000e+00
   outer loop
     vertex -2.307110e-01 -2.200000e-01  7.848867e-02
     vertex -2.156831e-01 -2.200000e-01  3.135884e-02
     vertex -2.154664e-01 -2.200000e-01  3.285223e-02
   endloop
 endfacet
 facet normal  0.000000e+00 -1.000000e+00  0.000000e+00
   outer loop
     vertex -2.307110e-01 -2.200000e-01  7.848867e-02
     vertex -2.159406e-01 -2.200000e-01  2.987196e-02
     vertex -2.156831e-01 -2.200000e-01  3.135884e-02
   endloop
 endfacet
 facet normal  0.000000e+00 -1.000000e+00  0.000000e+00
   outer loop
     vertex -2.307110e-01 -2.200000e-01  7.848867e-02
     vertex -2.162388e-01 -2.200000e-01  2.839271e-02
     vertex -2.159406e-01 -2.200000e-01  2.987196e-02
   endloop
 endfacet
 facet normal  0.000000e+00 -1.000000e+00  0.000000e+00
   outer loop
     vertex -2.307110e-01 -2.200000e-01  7.848867e-02
     vertex -2.165774e-01 -2.200000e-01  2.692219e-02
     vertex -2.162388e-01 -2.200000e-01  2.839271e-02
   endloop
 endfacet
 facet normal  0.000000e+00 -1.000000e+00  0.000000e+00
   outer loop
     vertex -2.307110e-01 -2.200000e-01  7.848867e-02
     vertex -2.169563e-01 -2.200000e-01  2.546151e-02
     vertex -2.165774e-01 -2.200000e-01  2.692219e-02
   endloop
 endfacet
 facet normal  0.000000e+00 -1.000000e+00  0.000000e+00
   outer loop
     vertex -2.307110e-01 -2.200000e-01  7.848867e-02
     vertex -2.173751e-01 -2.200000e-01  2.401178e-02
     vertex -2.169563e-01 -2.200000e-01  2.546151e-02
   endloop
 endfacet
 facet normal  0.000000e+00 -1.000000e+00  0.000000e+00
   outer loop
     vertex -2.307110e-01 -2.200000e-01  7.848867e-02
     vertex -2.178336e-01 -2.200000e-01  2.257408e-02
     vertex -2.173751e-01 -2.200000e-01  2.401178e-02
   endloop
 endfacet
 facet normal  0.000000e+00 -1.000000e+00  0.000000e+00
   outer loop
     vertex -2.307110e-01 -2.200000e-01  7.848867e-02
     vertex -2.183313e-01 -2.200000e-01  2.114951e-02
     vertex -2.178336e-01 -2.200000e-01  2.257408e-02
   endloop
 endfacet
 facet normal  0.000000e+00 -1.000000e+00  0.000000e+00
   outer loop
     vertex -2.307110e-01 -2.200000e-01  7.848867e-02
     vertex -2.188679e-01 -2.200000e-01  1.973912e-02
     vertex -2.183313e-01 -2.200000e-01  2.114951e-02
   endloop
 endfacet
 facet normal  0.000000e+00 -1.000000e+00  0.000000e+00
   outer loop
     vertex -2.307110e-01 -2.200000e-01  7.848867e-02
     vertex -2.194429e-01 -2.200000e-01  1.834398e-02
     vertex -2.188679e-01 -2.200000e-01  1.973912e-02
   endloop
 endfacet
 facet normal  0.000000e+00 -1.000000e+00  0.000000e+00
   outer loop
     vertex -2.307110e-01 -2.200000e-01  7.848867e-02
     vertex -2.200561e-01 -2.200000e-01  1.696515e-02
     vertex -2.194429e-01 -2.200000e-01  1.834398e-02
   endloop
 endfacet
 facet normal  0.000000e+00 -1.000000e+00  0.000000e+00
   outer loop
     vertex -2.307110e-01 -2.200000e-01  7.848867e-02
     vertex -2.221191e-01 -2.200000e-01  1.293677e-02
     vertex -2.213947e-01 -2.200000e-01  1.426053e-02
   endloop
 endfacet
 facet normal  0.000000e+00 -1.000000e+00  0.000000e+00
   outer loop
     vertex -2.307110e-01 -2.200000e-01  7.848867e-02
     vertex -2.228796e-01 -2.200000e-01  1.163339e-02
     vertex -2.221191e-01 -2.200000e-01  1.293677e-02
   endloop
 endfacet
 facet normal  0.000000e+00 -1.000000e+00  0.000000e+00
   outer loop
     vertex -2.307110e-01 -2.200000e-01  7.848867e-02
     vertex -2.236755e-01 -2.200000e-01  1.035136e-02
     vertex -2.228796e-01 -2.200000e-01  1.163339e-02
   endloop
 endfacet
 facet normal  0.000000e+00 -1.000000e+00  0.000000e+00
   outer loop
     vertex -2.307110e-01 -2.200000e-01  7.848867e-02
     vertex -2.245063e-01 -2.200000e-01  9.091655e-03
     vertex -2.236755e-01 -2.200000e-01  1.035136e-02
   endloop
 endfacet
 facet normal  0.000000e+00 -1.000000e+00  0.000000e+00
   outer loop
     vertex -2.307110e-01 -2.200000e-01  7.848867e-02
     vertex -2.253714e-01 -2.200000e-01  7.855213e-03
     vertex -2.245063e-01 -2.200000e-01  9.091655e-03
   endloop
 endfacet
 facet normal  0.000000e+00 -1.000000e+00  0.000000e+00
   outer loop
     vertex -2.307110e-01 -2.200000e-01  7.848867e-02
     vertex -2.262701e-01 -2.200000e-01  6.642968e-03
     vertex -2.253714e-01 -2.200000e-01  7.855213e-03
   endloop
 endfacet
 facet normal  0.000000e+00 -1.000000e+00  0.000000e+00
   outer loop
     vertex -2.307110e-01 -2.200000e-01  7.848867e-02
     vertex -2.272016e-01 -2.200000e-01  5.455834e-03
     vertex -2.262701e-01 -2.200000e-01  6.642968e-03
   endloop
 endfacet
 facet normal  0.000000e+00 -1.000000e+00  0.000000e+00
   outer loop
     vertex -2.307110e-01 -2.200000e-01  7.848867e-02
     vertex -2.281654e-01 -2.200000e-01  4.294703e-03
     vertex -2.272016e-01 -2.200000e-01  5.455834e-03
   endloop
 endfacet
 facet normal  0.000000e+00 -1.000000e+00  0.000000e+00
   outer loop
     vertex -2.307110e-01 -2.200000e-01  7.848867e-02
     vertex -2.291607e-01 -2.200000e-01  3.160450e-03
     vertex -2.281654e-01 -2.200000e-01  4.294703e-03
   endloop
 endfacet
 facet normal  0.000000e+00 -1.000000e+00  0.000000e+00
   outer loop
     vertex -2.307110e-01 -2.200000e-01  7.848867e-02
     vertex -2.301867e-01 -2.200000e-01  2.053929e-03
     vertex -2.291607e-01 -2.200000e-01  3.160450e-03
   endloop
 endfacet
 facet normal  0.000000e+00 -1.000000e+00 -0.000000e+00
   outer loop
     vertex -2.307110e-01 -2.200000e-01  7.848867e-02
     vertex -2.312427e-01 -2.200000e-01  9.759725e-04
     vertex -2.301867e-01 -2.200000e-01  2.053929e-03
   endloop
 endfacet
 facet normal  0.000000e+00 -1.000000e+00  0.000000e+00
   outer loop
     vertex -2.307110e-01 -2.200000e-01  7.848867e-02
     vertex -2.323279e-01 -2.200000e-01 -7.260799e-05
     vertex -2.312427e-01 -2.200000e-01  9.759725e-04
   endloop
 endfacet
 facet normal  0.000000e+00 -1.000000e+00  0.000000e+00
   outer loop
     vertex -2.307110e-01 -2.200000e-01  7.848867e-02
     vertex -2.334414e-01 -2.200000e-01 -1.091023e-03
     vertex -2.323279e-01 -2.200000e-01 -7.260799e-05
   endloop
 endfacet
 facet normal  0.000000e+00 -1.000000e+00  0.000000e+00
   outer loop
     vertex -2.307110e-01 -2.200000e-01  7.848867e-02
     vertex -2.345825e-01 -2.200000e-01 -2.078506e-03
     vertex -2.334414e-01 -2.200000e-01 -1.091023e-03
   endloop
 endfacet
 facet normal  0.000000e+00 -1.000000e+00  0.000000e+00
   outer loop
     vertex -2.307110e-01 -2.200000e-01  7.848867e-02
     vertex -2.357502e-01 -2.200000e-01 -3.034314e-03
     vertex -2.345825e-01 -2.200000e-01 -2.078506e-03
   endloop
 endfacet
 facet normal  0.000000e+00 -1.000000e+00  0.000000e+00
   outer loop
     vertex -2.307110e-01 -2.200000e-01  7.848867e-02
     vertex -2.369437e-01 -2.200000e-01 -3.957727e-03
     vertex -2.357502e-01 -2.200000e-01 -3.034314e-03
   endloop
 endfacet
 facet normal  0.000000e+00 -1.000000e+00  0.000000e+00
   outer loop
     vertex -2.307110e-01 -2.200000e-01  7.848867e-02
     vertex -2.381621e-01 -2.200000e-01 -4.848050e-03
     vertex -2.369437e-01 -2.200000e-01 -3.957727e-03
   endloop
 endfacet
 facet normal  0.000000e+00 -1.000000e+00  0.000000e+00
   outer loop
     vertex -2.307110e-01 -2.200000e-01  7.848867e-02
     vertex -2.394044e-01 -2.200000e-01 -5.704612e-03
     vertex -2.381621e-01 -2.200000e-01 -4.848050e-03
   endloop
 endfacet
 facet normal  0.000000e+00 -1.000000e+00  0.000000e+00
   outer loop
     vertex -2.307110e-01 -2.200000e-01  7.848867e-02
     vertex -2.406698e-01 -2.200000e-01 -6.526770e-03
     vertex -2.394044e-01 -2.200000e-01 -5.704612e-03
   endloop
 endfacet
 facet normal  0.000000e+00 -1.000000e+00  0.000000e+00
   outer loop
     vertex -2.307110e-01 -2.200000e-01  7.848867e-02
     vertex -2.419573e-01 -2.200000e-01 -7.313904e-03
     vertex -2.406698e-01 -2.200000e-01 -6.526770e-03
   endloop
 endfacet
 facet normal  0.000000e+00 -1.000000e+00  0.000000e+00
   outer loop
     vertex -2.307110e-01 -2.200000e-01  7.848867e-02
     vertex -2.432658e-01 -2.200000e-01 -8.065421e-03
     vertex -2.419573e-01 -2.200000e-01 -7.313904e-03
   endloop
 endfacet
 facet normal  0.000000e+00 -1.000000e+00  0.000000e+00
   outer loop
     vertex -2.307110e-01 -2.200000e-01  7.848867e-02
     vertex -2.445945e-01 -2.200000e-01 -8.780756e-03
     vertex -2.432658e-01 -2.200000e-01 -8.065421e-03
   endloop
 endfacet
 facet normal  0.000000e+00 -1.000000e+00  0.000000e+00
   outer loop
     vertex -2.307110e-01 -2.200000e-01  7.848867e-02
     vertex -2.459423e-01 -2.200000e-01 -9.459371e-03
     vertex -2.445945e-01 -2.200000e-01 -8.780756e-03
   endloop
 endfacet
 facet normal  0.000000e+00 -1.000000e+00  0.000000e+00
   outer loop
     vertex -2.307110e-01 -2.200000e-01  7.848867e-02
     vertex -2.473083e-01 -2.200000e-01 -1.010075e-02
     vertex -2.459423e-01 -2.200000e-01 -9.459371e-03
   endloop
 endfacet
 facet normal  0.000000e+00 -1.000000e+00  0.000000e+00
   outer loop
     vertex -2.307110e-01 -2.200000e-01  7.848867e-02
     vertex -2.486913e-01 -2.200000e-01 -1.070442e-02
     vertex -2.473083e-01 -2.200000e-01 -1.010075e-02
   endloop
 endfacet
 facet normal  0.000000e+00 -1.000000e+00  0.000000e+00
   outer loop
     vertex -2.307110e-01 -2.200000e-01  7.848867e-02
     vertex -2.500903e-01 -2.200000e-01 -1.126992e-02
     vertex -2.486913e-01 -2.200000e-01 -1.070442e-02
   endloop
 endfacet
 facet normal  0.000000e+00 -1.000000e+00  0.000000e+00
   outer loop
     vertex -2.307110e-01 -2.200000e-01  7.848867e-02
     vertex -2.515044e-01 -2.200000e-01 -1.179683e-02
     vertex -2.500903e-01 -2.200000e-01 -1.126992e-02
   endloop
 endfacet
 facet normal  0.000000e+00 -1.000000e+00  0.000000e+00
   outer loop
     vertex -2.307110e-01 -2.200000e-01  7.848867e-02
     vertex -2.529323e-01 -2.200000e-01 -1.228474e-02
     vertex -2.515044e-01 -2.200000e-01 -1.179683e-02
   endloop
 endfacet
 facet normal  0.000000e+00 -1.000000e+00  0.000000e+00
   outer loop
     vertex -2.307110e-01 -2.200000e-01  7.848867e-02
     vertex -2.543731e-01 -2.200000e-01 -1.273330e-02
     vertex -2.529323e-01 -2.200000e-01 -1.228474e-02
   endloop
 endfacet
 facet normal  0.000000e+00 -1.000000e+00  0.000000e+00
   outer loop
     vertex -2.307110e-01 -2.200000e-01  7.848867e-02
     vertex -2.558257e-01 -2.200000e-01 -1.314216e-02
     vertex -2.543731e-01 -2.200000e-01 -1.273330e-02
   endloop
 endfacet
 facet normal  0.000000e+00 -1.000000e+00  0.000000e+00
   outer loop
     vertex -2.307110e-01 -2.200000e-01  7.848867e-02
     vertex -2.572889e-01 -2.200000e-01 -1.351102e-02
     vertex -2.558257e-01 -2.200000e-01 -1.314216e-02
   endloop
 endfacet
 facet normal  0.000000e+00 -1.000000e+00  0.000000e+00
   outer loop
     vertex -2.307110e-01 -2.200000e-01  7.848867e-02
     vertex -2.587617e-01 -2.200000e-01 -1.383959e-02
     vertex -2.572889e-01 -2.200000e-01 -1.351102e-02
   endloop
 endfacet
 facet normal  0.000000e+00 -1.000000e+00  0.000000e+00
   outer loop
     vertex -2.307110e-01 -2.200000e-01  7.848867e-02
     vertex -2.602430e-01 -2.200000e-01 -1.412764e-02
     vertex -2.587617e-01 -2.200000e-01 -1.383959e-02
   endloop
 endfacet
 facet normal  0.000000e+00 -1.000000e+00  0.000000e+00
   outer loop
     vertex -2.307110e-01 -2.200000e-01  7.848867e-02
     vertex -2.617316e-01 -2.200000e-01 -1.437494e-02
     vertex -2.602430e-01 -2.200000e-01 -1.412764e-02
   endloop
 endfacet
 facet normal  0.000000e+00 -1.000000e+00  0.000000e+00
   outer loop
     vertex -2.307110e-01 -2.200000e-01  7.848867e-02
     vertex -2.632265e-01 -2.200000e-01 -1.458131e-02
     vertex -2.617316e-01 -2.200000e-01 -1.437494e-02
   endloop
 endfacet
 facet normal  0.000000e+00 -1.000000e+00  0.000000e+00
   outer loop
     vertex -2.307110e-01 -2.200000e-01  7.848867e-02
     vertex -2.647264e-01 -2.200000e-01 -1.474659e-02
     vertex -2.632265e-01 -2.200000e-01 -1.458131e-02
   endloop
 endfacet
 facet normal  0.000000e+00 -1.000000e+00  0.000000e+00
   outer loop
     vertex -2.307110e-01 -2.200000e-01  7.848867e-02
     vertex -2.662303e-01 -2.200000e-01 -1.487066e-02
     vertex -2.647264e-01 -2.200000e-01 -1.474659e-02
   endloop
 endfacet
 facet normal  0.000000e+00 -1.000000e+00  0.000000e+00
   outer loop
     vertex -2.307110e-01 -2.200000e-01  7.848867e-02
     vertex -2.677370e-01 -2.200000e-01 -1.495343e-02
     vertex -2.662303e-01 -2.200000e-01 -1.487066e-02
   endloop
 endfacet
 facet normal  0.000000e+00 -1.000000e+00  0.000000e+00
   outer loop
     vertex -2.307110e-01 -2.200000e-01  7.848867e-02
     vertex -2.692455e-01 -2.200000e-01 -1.499482e-02
     vertex -2.677370e-01 -2.200000e-01 -1.495343e-02
   endloop
 endfacet
 facet normal  0.000000e+00 -1.000000e+00  0.000000e+00
   outer loop
     vertex -2.307110e-01 -2.200000e-01  7.848867e-02
     vertex -2.707545e-01 -2.200000e-01 -1.499482e-02
     vertex -2.692455e-01 -2.200000e-01 -1.499482e-02
   endloop
 endfacet
 facet normal  0.000000e+00 -1.000000e+00  0.000000e+00
   outer loop
     vertex -2.307110e-01 -2.200000e-01  7.848867e-02
     vertex -2.722630e-01 -2.200000e-01 -1.495343e-02
     vertex -2.707545e-01 -2.200000e-01 -1.499482e-02
   endloop
 endfacet
 facet normal  0.000000e+00 -1.000000e+00  0.000000e+00
   outer loop
     vertex -2.307110e-01 -2.200000e-01  7.848867e-02
     vertex -2.737697e-01 -2.200000e-01 -1.487066e-02
     vertex -2.722630e-01 -2.200000e-01 -1.495343e-02
   endloop
 endfacet
 facet normal  0.000000e+00 -1.000000e+00  0.000000e+00
   outer loop
     vertex -2.307110e-01 -2.200000e-01  7.848867e-02
     vertex -2.752736e-01 -2.200000e-01 -1.474659e-02
     vertex -2.737697e-01 -2.200000e-01 -1.487066e-02
   endloop
 endfacet
 facet normal  0.000000e+00 -1.000000e+00  0.000000e+00
   outer loop
     vertex -2.307110e-01 -2.200000e-01  7.848867e-02
     vertex -2.767735e-01 -2.200000e-01 -1.458131e-02
     vertex -2.752736e-01 -2.200000e-01 -1.474659e-02
   endloop
 endfacet
 facet normal  0.000000e+00 -1.000000e+00  0.000000e+00
   outer loop
     vertex -2.307110e-01 -2.200000e-01  7.848867e-02
     vertex -2.782684e-01 -2.200000e-01 -1.437494e-02
     vertex -2.767735e-01 -2.200000e-01 -1.458131e-02
   endloop
 endfacet
 facet normal  0.000000e+00 -1.000000e+00  0.000000e+00
   outer loop
     vertex -2.307110e-01 -2.200000e-01  7.848867e-02
     vertex -2.797570e-01 -2.200000e-01 -1.412764e-02
     vertex -2.782684e-01 -2.200000e-01 -1.437494e-02
   endloop
 endfacet
 facet normal  0.000000e+00 -1.000000e+00  0.000000e+00
   outer loop
     vertex -2.307110e-01 -2.200000e-01  7.848867e-02
     vertex -2.812383e-01 -2.200000e-01 -1.383959e-02
     vertex -2.797570e-01 -2.200000e-01 -1.412764e-02
   endloop
 endfacet
 facet normal  0.000000e+00 -1.000000e+00  0.000000e+00
   outer loop
     vertex -2.307110e-01 -2.200000e-01  7.848867e-02
     vertex -2.827111e-01 -2.200000e-01 -1.351102e-02
     vertex -2.812383e-01 -2.200000e-01 -1.383959e-02
   endloop
 endfacet
 facet normal  0.000000e+00 -1.000000e+00  0.000000e+00
   outer loop
     vertex -2.307110e-01 -2.200000e-01  7.848867e-02
     vertex -2.841743e-01 -2.200000e-01 -1.314216e-02
     vertex -2.827111e-01 -2.200000e-01 -1.351102e-02
   endloop
 endfacet
 facet normal  0.000000e+00 -1.000000e+00  0.000000e+00
   outer loop
     vertex -2.307110e-01 -2.200000e-01  7.848867e-02
     vertex -2.856269e-01 -2.200000e-01 -1.273330e-02
     vertex -2.841743e-01 -2.200000e-01 -1.314216e-02
   endloop
 endfacet
 facet normal  0.000000e+00 -1.000000e+00  0.000000e+00
   outer loop
     vertex -2.307110e-01 -2.200000e-01  7.848867e-02
     vertex -2.870677e-01 -2.200000e-01 -1.228474e-02
     vertex -2.856269e-01 -2.200000e-01 -1.273330e-02
   endloop
 endfacet
 facet normal  0.000000e+00 -1.000000e+00  0.000000e+00
   outer loop
     vertex -2.307110e-01 -2.200000e-01  7.848867e-02
     vertex -2.884956e-01 -2.200000e-01 -1.179683e-02
     vertex -2.870677e-01 -2.200000e-01 -1.228474e-02
   endloop
 endfacet
 facet normal  0.000000e+00 -1.000000e+00  0.000000e+00
   outer loop
     vertex -2.307110e-01 -2.200000e-01  7.848867e-02
     vertex -2.899097e-01 -2.200000e-01 -1.126992e-02
     vertex -2.884956e-01 -2.200000e-01 -1.179683e-02
   endloop
 endfacet
 facet normal  0.000000e+00 -1.000000e+00  0.000000e+00
   outer loop
     vertex -2.307110e-01 -2.200000e-01  7.848867e-02
     vertex -2.913087e-01 -2.200000e-01 -1.070442e-02
     vertex -2.899097e-01 -2.200000e-01 -1.126992e-02
   endloop
 endfacet
 facet normal  0.000000e+00 -1.000000e+00  0.000000e+00
   outer loop
     vertex -2.307110e-01 -2.200000e-01  7.848867e-02
     vertex -2.926917e-01 -2.200000e-01 -1.010075e-02
     vertex -2.913087e-01 -2.200000e-01 -1.070442e-02
   endloop
 endfacet
 facet normal  0.000000e+00 -1.000000e+00  0.000000e+00
   outer loop
     vertex -2.307110e-01 -2.200000e-01  7.848867e-02
     vertex -2.940577e-01 -2.200000e-01 -9.459371e-03
     vertex -2.926917e-01 -2.200000e-01 -1.010075e-02
   endloop
 endfacet
 facet normal  0.000000e+00 -1.000000e+00  0.000000e+00
   outer loop
     vertex -2.307110e-01 -2.200000e-01  7.848867e-02
     vertex -2.954055e-01 -2.200000e-01 -8.780756e-03
     vertex -2.940577e-01 -2.200000e-01 -9.459371e-03
   endloop
 endfacet
 facet normal  0.000000e+00 -1.000000e+00  0.000000e+00
   outer loop
     vertex -2.307110e-01 -2.200000e-01  7.848867e-02
     vertex -2.967342e-01 -2.200000e-01 -8.065421e-03
     vertex -2.954055e-01 -2.200000e-01 -8.780756e-03
   endloop
 endfacet
 facet normal  0.000000e+00 -1.000000e+00  0.000000e+00
   outer loop
     vertex -2.307110e-01 -2.200000e-01  7.848867e-02
     vertex -2.980427e-01 -2.200000e-01 -7.313904e-03
     vertex -2.967342e-01 -2.200000e-01 -8.065421e-03
   endloop
 endfacet
 facet normal  0.000000e+00 -1.000000e+00  0.000000e+00
   outer loop
     vertex -2.307110e-01 -2.200000e-01  7.848867e-02
     vertex -2.993302e-01 -2.200000e-01 -6.526770e-03
     vertex -2.980427e-01 -2.200000e-01 -7.313904e-03
   endloop
 endfacet
 facet normal  0.000000e+00 -1.000000e+00  0.000000e+00
   outer loop
     vertex -2.307110e-01 -2.200000e-01  7.848867e-02
     vertex -3.005956e-01 -2.200000e-01 -5.704612e-03
     vertex -2.993302e-01 -2.200000e-01 -6.526770e-03
   endloop
 endfacet
 facet normal  0.000000e+00 -1.000000e+00  0.000000e+00
   outer loop
     vertex -2.307110e-01 -2.200000e-01  7.848867e-02
     vertex -3.018379e-01 -2.200000e-01 -4.848050e-03
     vertex -3.005956e-01 -2.200000e-01 -5.704612e-03
   endloop
 endfacet
 facet normal  0.000000e+00 -1.000000e+00  0.000000e+00
   outer loop
     vertex -2.307110e-01 -2.200000e-01  7.848867e-02
     vertex -3.030563e-01 -2.200000e-01 -3.957727e-03
     vertex -3.018379e-01 -2.200000e-01 -4.848050e-03
   endloop
 endfacet
 facet normal  0.000000e+00 -1.000000e+00  0.000000e+00
   outer loop
     vertex -2.307110e-01 -2.200000e-01  7.848867e-02
     vertex -3.042498e-01 -2.200000e-01 -3.034314e-03
     vertex -3.030563e-01 -2.200000e-01 -3.957727e-03
   endloop
 endfacet
 facet normal  0.000000e+00 -1.000000e+00  0.000000e+00
   outer loop
     vertex -2.307110e-01 -2.200000e-01  7.848867e-02
     vertex -3.054175e-01 -2.200000e-01 -2.078506e-03
     vertex -3.042498e-01 -2.200000e-01 -3.034314e-03
   endloop
 endfacet
 facet normal  0.000000e+00 -1.000000e+00  0.000000e+00
   outer loop
     vertex -2.307110e-01 -2.200000e-01  7.848867e-02
     vertex -3.065586e-01 -2.200000e-01 -1.091023e-03
     vertex -3.054175e-01 -2.200000e-01 -2.078506e-03
   endloop
 endfacet
 facet normal  0.000000e+00 -1.000000e+00  0.000000e+00
   outer loop
     vertex -2.307110e-01 -2.200000e-01  7.848867e-02
     vertex -3.076721e-01 -2.200000e-01 -7.260799e-05
     vertex -3.065586e-01 -2.200000e-01 -1.091023e-03
   endloop
 endfacet
 facet normal  0.000000e+00 -1.000000e+00  0.000000e+00
   outer loop
     vertex -2.307110e-01 -2.200000e-01  7.848867e-02
     vertex -3.087573e-01 -2.200000e-01  9.759725e-04
     vertex -3.076721e-01 -2.200000e-01 -7.260799e-05
   endloop
 endfacet
 facet normal  0.000000e+00 -1.000000e+00  0.000000e+00
   outer loop
     vertex -2.307110e-01 -2.200000e-01  7.848867e-02
     vertex -3.098133e-01 -2.200000e-01  2.053929e-03
     vertex -3.087573e-01 -2.200000e-01  9.759725e-04
   endloop
 endfacet
 facet normal  0.000000e+00 -1.000000e+00  0.000000e+00
   outer loop
     vertex -2.307110e-01 -2.200000e-01  7.848867e-02
     vertex -3.108393e-01 -2.200000e-01  3.160450e-03
     vertex -3.098133e-01 -2.200000e-01  2.053929e-03
   endloop
 endfacet
 facet normal  0.000000e+00 -1.000000e+00  0.000000e+00
   outer loop
     vertex -2.307110e-01 -2.200000e-01  7.848867e-02
     vertex -3.118346e-01 -2.200000e-01  4.294703e-03
     vertex -3.108393e-01 -2.200000e-01  3.160450e-03
   endloop
 endfacet
 facet normal  0.000000e+00 -1.000000e+00  0.000000e+00
   outer loop
     vertex -2.307110e-01 -2.200000e-01  7.848867e-02
     vertex -3.127984e-01 -2.200000e-01  5.455834e-03
     vertex -3.118346e-01 -2.200000e-01  4.294703e-03
   endloop
 endfacet
 facet normal  0.000000e+00 -1.000000e+00  0.000000e+00
   outer loop
     vertex -2.307110e-01 -2.200000e-01  7.848867e-02
     vertex -3.137299e-01 -2.200000e-01  6.642968e-03
     vertex -3.127984e-01 -2.200000e-01  5.455834e-03
   endloop
 endfacet
 facet normal  0.000000e+00 -1.000000e+00  0.000000e+00
   outer loop
     vertex -2.307110e-01 -2.200000e-01  7.848867e-02
     vertex -3.146286e-01 -2.200000e-01  7.855213e-03
     vertex -3.137299e-01 -2.200000e-01  6.642968e-03
   endloop
 endfacet
 facet normal  0.000000e+00 -1.000000e+00  0.000000e+00
   outer loop
     vertex -2.307110e-01 -2.200000e-01  7.848867e-02
     vertex -3.154937e-01 -2.200000e-01  9.091655e-03
     vertex -3.146286e-01 -2.200000e-01  7.855213e-03
   endloop
 endfacet
 facet normal  0.000000e+00 -1.000000e+00  0.000000e+00
   outer loop
     vertex -2.307110e-01 -2.200000e-01  7.848867e-02
     vertex -3.163245e-01 -2.200000e-01  1.035136e-02
     vertex -3.154937e-01 -2.200000e-01  9.091655e-03
   endloop
 endfacet
 facet normal  0.000000e+00 -1.000000e+00  0.000000e+00
   outer loop
     vertex -2.307110e-01 -2.200000e-01  7.848867e-02
     vertex -3.171204e-01 -2.200000e-01  1.163339e-02
     vertex -3.163245e-01 -2.200000e-01  1.035136e-02
   endloop
 endfacet
 facet normal  0.000000e+00 -1.000000e+00  0.000000e+00
   outer loop
     vertex -2.307110e-01 -2.200000e-01  7.848867e-02
     vertex -3.178809e-01 -2.200000e-01  1.293677e-02
     vertex -3.171204e-01 -2.200000e-01  1.163339e-02
   endloop
 endfacet
 facet normal  0.000000e+00 -1.000000e+00  0.000000e+00
   outer loop
     vertex -2.307110e-01 -2.200000e-01  7.848867e-02
     vertex -3.186053e-01 -2.200000e-01  1.426053e-02
     vertex -3.178809e-01 -2.200000e-01  1.293677e-02
   endloop
 endfacet
 facet normal  0.000000e+00 -1.000000e+00  0.000000e+00
   outer loop
     vertex -2.307110e-01 -2.200000e-01  7.848867e-02
     vertex -3.192932e-01 -2.200000e-01  1.560366e-02
     vertex -3.186053e-01 -2.200000e-01  1.426053e-02
   endloop
 endfacet
 facet normal  0.000000e+00 -1.000000e+00  0.000000e+00
   outer loop
     vertex -2.307110e-01 -2.200000e-01  7.848867e-02
     vertex -3.199439e-01 -2.200000e-01  1.696515e-02
     vertex -3.192932e-01 -2.200000e-01  1.560366e-02
   endloop
 endfacet
 facet normal  0.000000e+00 -1.000000e+00  0.000000e+00
   outer loop
     vertex -2.307110e-01 -2.200000e-01  7.848867e-02
     vertex -3.205571e-01 -2.200000e-01  1.834398e-02
     vertex -3.199439e-01 -2.200000e-01  1.696515e-02
   endloop
 endfacet
 facet normal  0.000000e+00 -1.000000e+00  0.000000e+00
   outer loop
     vertex -2.307110e-01 -2.200000e-01  7.848867e-02
     vertex -3.211321e-01 -2.200000e-01  1.973912e-02
     vertex -3.205571e-01 -2.200000e-01  1.834398e-02
   endloop
 endfacet
 facet normal  0.000000e+00 -1.000000e+00  0.000000e+00
   outer loop
     vertex -2.307110e-01 -2.200000e-01  7.848867e-02
     vertex -3.216687e-01 -2.200000e-01  2.114951e-02
     vertex -3.211321e-01 -2.200000e-01  1.973912e-02
   endloop
 endfacet
 facet normal  0.000000e+00 -1.000000e+00  0.000000e+00
   outer loop
     vertex -2.307110e-01 -2.200000e-01  7.848867e-02
     vertex -3.221664e-01 -2.200000e-01  2.257408e-02
     vertex -3.216687e-01 -2.200000e-01  2.114951e-02
   endloop
 endfacet
 facet normal  0.000000e+00 -1.000000e+00  0.000000e+00
   outer loop
     vertex -2.307110e-01 -2.200000e-01  7.848867e-02
     vertex -3.226249e-01 -2.200000e-01  2.401178e-02
     vertex -3.221664e-01 -2.200000e-01  2.257408e-02
   endloop
 endfacet
 facet normal  0.000000e+00 -1.000000e+00  0.000000e+00
   outer loop
     vertex -2.307110e-01 -2.200000e-01  7.848867e-02
     vertex -3.230437e-01 -2.200000e-01  2.546151e-02
     vertex -3.226249e-01 -2.200000e-01  2.401178e-02
   endloop
 endfacet
 facet normal  0.000000e+00 -1.000000e+00  0.000000e+00
   outer loop
     vertex -2.307110e-01 -2.200000e-01  7.848867e-02
     vertex -3.234226e-01 -2.200000e-01  2.692219e-02
     vertex -3.230437e-01 -2.200000e-01  2.546151e-02
   endloop
 endfacet
 facet normal  0.000000e+00 -1.000000e+00  0.000000e+00
   outer loop
     vertex -2.307110e-01 -2.200000e-01  7.848867e-02
     vertex -3.237612e-01 -2.200000e-01  2.839271e-02
     vertex -3.234226e-01 -2.200000e-01  2.692219e-02
   endloop
 endfacet
 facet normal  0.000000e+00 -1.000000e+00  0.000000e+00
   outer loop
     vertex -2.307110e-01 -2.200000e-01  7.848867e-02
     vertex -3.240594e-01 -2.200000e-01  2.987196e-02
     vertex -3.237612e-01 -2.200000e-01  2.839271e-02
   endloop
 endfacet
 facet normal  0.000000e+00 -1.000000e+00  0.000000e+00
   outer loop
     vertex -2.307110e-01 -2.200000e-01  7.848867e-02
     vertex -3.243169e-01 -2.200000e-01  3.135884e-02
     vertex -3.240594e-01 -2.200000e-01  2.987196e-02
   endloop
 endfacet
 facet normal  0.000000e+00 -1.000000e+00  0.000000e+00
   outer loop
     vertex -2.307110e-01 -2.200000e-01  7.848867e-02
     vertex -3.245336e-01 -2.200000e-01  3.285223e-02
     vertex -3.243169e-01 -2.200000e-01  3.135884e-02
   endloop
 endfacet
 facet normal  0.000000e+00 -1.000000e+00  0.000000e+00
   outer loop
     vertex -2.307110e-01 -2.200000e-01  7.848867e-02
     vertex -3.247091e-01 -2.200000e-01  3.435100e-02
     vertex -3.245336e-01 -2.200000e-01  3.285223e-02
   endloop
 endfacet
 facet normal  0.000000e+00 -1.000000e+00  0.000000e+00
   outer loop
     vertex -2.307110e-01 -2.200000e-01  7.848867e-02
     vertex -3.248435e-01 -2.200000e-01  3.585402e-02
     vertex -3.247091e-01 -2.200000e-01  3.435100e-02
   endloop
 endfacet
 facet normal  0.000000e+00 -1.000000e+00  0.000000e+00
   outer loop
     vertex -2.307110e-01 -2.200000e-01  7.848867e-02
     vertex -3.249366e-01 -2.200000e-01  3.736016e-02
     vertex -3.248435e-01 -2.200000e-01  3.585402e-02
   endloop
 endfacet
 facet normal  0.000000e+00 -1.000000e+00  0.000000e+00
   outer loop
     vertex -2.307110e-01 -2.200000e-01  7.848867e-02
     vertex -3.249884e-01 -2.200000e-01  3.886828e-02
     vertex -3.249366e-01 -2.200000e-01  3.736016e-02
   endloop
 endfacet
 facet normal  0.000000e+00 -1.000000e+00  0.000000e+00
   outer loop
     vertex -2.307110e-01 -2.200000e-01  7.848867e-02
     vertex -3.249987e-01 -2.200000e-01  4.037726e-02
     vertex -3.249884e-01 -2.200000e-01  3.886828e-02
   endloop
 endfacet
 facet normal  0.000000e+00 -1.000000e+00  0.000000e+00
   outer loop
     vertex -2.307110e-01 -2.200000e-01  7.848867e-02
     vertex -3.249677e-01 -2.200000e-01  4.188596e-02
     vertex -3.249987e-01 -2.200000e-01  4.037726e-02
   endloop
 endfacet
 facet normal  0.000000e+00 -1.000000e+00  0.000000e+00
   outer loop
     vertex -2.307110e-01 -2.200000e-01  7.848867e-02
     vertex -3.248952e-01 -2.200000e-01  4.339323e-02
     vertex -3.249677e-01 -2.200000e-01  4.188596e-02
   endloop
 endfacet
 facet normal  0.000000e+00 -1.000000e+00  0.000000e+00
   outer loop
     vertex -2.307110e-01 -2.200000e-01  7.848867e-02
     vertex -3.247815e-01 -2.200000e-01  4.489795e-02
     vertex -3.248952e-01 -2.200000e-01  4.339323e-02
   endloop
 endfacet
 facet normal  0.000000e+00 -1.000000e+00  0.000000e+00
   outer loop
     vertex -2.307110e-01 -2.200000e-01  7.848867e-02
     vertex -3.246265e-01 -2.200000e-01  4.639899e-02
     vertex -3.247815e-01 -2.200000e-01  4.489795e-02
   endloop
 endfacet
 facet normal  0.000000e+00 -1.000000e+00  0.000000e+00
   outer loop
     vertex -2.307110e-01 -2.200000e-01  7.848867e-02
     vertex -3.244304e-01 -2.200000e-01  4.789521e-02
     vertex -3.246265e-01 -2.200000e-01  4.639899e-02
   endloop
 endfacet
 facet normal  0.000000e+00 -1.000000e+00  0.000000e+00
   outer loop
     vertex -2.307110e-01 -2.200000e-01  7.848867e-02
     vertex -3.241933e-01 -2.200000e-01  4.938548e-02
     vertex -3.244304e-01 -2.200000e-01  4.789521e-02
   endloop
 endfacet
 facet normal  0.000000e+00 -1.000000e+00  0.000000e+00
   outer loop
     vertex -2.307110e-01 -2.200000e-01  7.848867e-02
     vertex -3.239154e-01 -2.200000e-01  5.086869e-02
     vertex -3.241933e-01 -2.200000e-01  4.938548e-02
   endloop
 endfacet
 facet normal  0.000000e+00 -1.000000e+00  0.000000e+00
   outer loop
     vertex -2.307110e-01 -2.200000e-01  7.848867e-02
     vertex -3.235969e-01 -2.200000e-01  5.234372e-02
     vertex -3.239154e-01 -2.200000e-01  5.086869e-02
   endloop
 endfacet
 facet normal  0.000000e+00 -1.000000e+00  0.000000e+00
   outer loop
     vertex -2.307110e-01 -2.200000e-01  7.848867e-02
     vertex -3.232381e-01 -2.200000e-01  5.380945e-02
     vertex -3.235969e-01 -2.200000e-01  5.234372e-02
   endloop
 endfacet
 facet normal  0.000000e+00 -1.000000e+00  0.000000e+00
   outer loop
     vertex -2.307110e-01 -2.200000e-01  7.848867e-02
     vertex -3.228392e-01 -2.200000e-01  5.526479e-02
     vertex -3.232381e-01 -2.200000e-01  5.380945e-02
   endloop
 endfacet
 facet normal  0.000000e+00 -1.000000e+00  0.000000e+00
   outer loop
     vertex -2.307110e-01 -2.200000e-01  7.848867e-02
     vertex -3.224006e-01 -2.200000e-01  5.670864e-02
     vertex -3.228392e-01 -2.200000e-01  5.526479e-02
   endloop
 endfacet
 facet normal  0.000000e+00 -1.000000e+00  0.000000e+00
   outer loop
     vertex -2.307110e-01 -2.200000e-01  7.848867e-02
     vertex -3.219225e-01 -2.200000e-01  5.813991e-02
     vertex -3.224006e-01 -2.200000e-01  5.670864e-02
   endloop
 endfacet
 facet normal  0.000000e+00 -1.000000e+00  0.000000e+00
   outer loop
     vertex -2.307110e-01 -2.200000e-01  7.848867e-02
     vertex -3.202552e-01 -2.200000e-01  6.234754e-02
     vertex -3.208494e-01 -2.200000e-01  6.096042e-02
   endloop
 endfacet
 facet normal  0.000000e+00 -1.000000e+00  0.000000e+00
   outer loop
     vertex -2.307110e-01 -2.200000e-01  7.848867e-02
     vertex -3.196232e-01 -2.200000e-01  6.371783e-02
     vertex -3.202552e-01 -2.200000e-01  6.234754e-02
   endloop
 endfacet
 facet normal  0.000000e+00 -1.000000e+00  0.000000e+00
   outer loop
     vertex -2.307110e-01 -2.200000e-01  7.848867e-02
     vertex -3.189539e-01 -2.200000e-01  6.507027e-02
     vertex -3.196232e-01 -2.200000e-01  6.371783e-02
   endloop
 endfacet
 facet normal  0.000000e+00 -1.000000e+00  0.000000e+00
   outer loop
     vertex -2.307110e-01 -2.200000e-01  7.848867e-02
     vertex -3.182477e-01 -2.200000e-01  6.640384e-02
     vertex -3.189539e-01 -2.200000e-01  6.507027e-02
   endloop
 endfacet
 facet normal  0.000000e+00 -1.000000e+00  0.000000e+00
   outer loop
     vertex -2.307110e-01 -2.200000e-01  7.848867e-02
     vertex -3.175051e-01 -2.200000e-01  6.771753e-02
     vertex -3.182477e-01 -2.200000e-01  6.640384e-02
   endloop
 endfacet
 facet normal  0.000000e+00 -1.000000e+00  0.000000e+00
   outer loop
     vertex -2.307110e-01 -2.200000e-01  7.848867e-02
     vertex -3.167269e-01 -2.200000e-01  6.901035e-02
     vertex -3.175051e-01 -2.200000e-01  6.771753e-02
   endloop
 endfacet
 facet normal  0.000000e+00 -1.000000e+00  0.000000e+00
   outer loop
     vertex -2.307110e-01 -2.200000e-01  7.848867e-02
     vertex -3.159134e-01 -2.200000e-01  7.028134e-02
     vertex -3.167269e-01 -2.200000e-01  6.901035e-02
   endloop
 endfacet
 facet normal  0.000000e+00 -1.000000e+00  0.000000e+00
   outer loop
     vertex -2.307110e-01 -2.200000e-01  7.848867e-02
     vertex -3.150654e-01 -2.200000e-01  7.152953e-02
     vertex -3.159134e-01 -2.200000e-01  7.028134e-02
   endloop
 endfacet
 facet normal  0.000000e+00 -1.000000e+00  0.000000e+00
   outer loop
     vertex -2.307110e-01 -2.200000e-01  7.848867e-02
     vertex -3.141834e-01 -2.200000e-01  7.275399e-02
     vertex -3.150654e-01 -2.200000e-01  7.152953e-02
   endloop
 endfacet
 facet normal  0.000000e+00 -1.000000e+00  0.000000e+00
   outer loop
     vertex -2.307110e-01 -2.200000e-01  7.848867e-02
     vertex -3.132682e-01 -2.200000e-01  7.395379e-02
     vertex -3.141834e-01 -2.200000e-01  7.275399e-02
   endloop
 endfacet
 facet normal  0.000000e+00 -1.000000e+00  0.000000e+00
   outer loop
     vertex -2.307110e-01 -2.200000e-01  7.848867e-02
     vertex -3.103301e-01 -2.200000e-01  7.739633e-02
     vertex -3.113408e-01 -2.200000e-01  7.627584e-02
   endloop
 endfacet
 facet normal -0.000000e+00 -1.000000e+00  0.000000e+00
   outer loop
     vertex -2.307110e-01 -2.200000e-01  7.848867e-02
     vertex -3.092890e-01 -2.200000e-01  7.848867e-02
     vertex -3.103301e-01 -2.200000e-01  7.739633e-02
   endloop
 endfacet
 facet normal  0.000000e+00 -1.000000e+00  0.000000e+00
   outer loop
     vertex -2.307110e-01 -2.200000e-01  7.848867e-02
     vertex -3.082183e-01 -2.200000e-01  7.955204e-02
     vertex -3.092890e-01 -2.200000e-01  7.848867e-02
   endloop
 endfacet
 facet normal  0.000000e+00 -1.000000e+00  0.000000e+00
   outer loop
     vertex -2.307110e-01 -2.200000e-01  7.848867e-02
     vertex -3.071188e-01 -2.200000e-01  8.058563e-02
     vertex -3.082183e-01 -2.200000e-01  7.955204e-02
   endloop
 endfacet
 facet normal  0.000000e+00 -1.000000e+00  0.000000e+00
   outer loop
     vertex -2.307110e-01 -2.200000e-01  7.848867e-02
     vertex -2.999657e-01 -2.200000e-01  8.612003e-02
     vertex -3.012197e-01 -2.200000e-01  8.528059e-02
   endloop
 endfacet
 facet normal  0.000000e+00 -1.000000e+00  0.000000e+00
   outer loop
     vertex -2.307110e-01 -2.200000e-01  7.848867e-02
     vertex -2.906111e-01 -2.200000e-01  9.099197e-02
     vertex -2.920023e-01 -2.200000e-01  9.040733e-02
   endloop
 endfacet
 facet normal  0.000000e+00 -1.000000e+00  0.000000e+00
   outer loop
     vertex -2.307110e-01 -2.200000e-01  7.848867e-02
     vertex -2.849020e-01 -2.200000e-01  9.294271e-02
     vertex -2.863488e-01 -2.200000e-01  9.251396e-02
   endloop
 endfacet
 facet normal  0.000000e+00 -1.000000e+00  0.000000e+00
   outer loop
     vertex -2.307110e-01 -2.200000e-01  7.848867e-02
     vertex -2.834439e-01 -2.200000e-01  9.333161e-02
     vertex -2.849020e-01 -2.200000e-01  9.294271e-02
   endloop
 endfacet
 facet normal  0.000000e+00 -1.000000e+00  0.000000e+00
   outer loop
     vertex -2.307110e-01 -2.200000e-01  7.848867e-02
     vertex -2.819758e-01 -2.200000e-01  9.368036e-02
     vertex -2.834439e-01 -2.200000e-01  9.333161e-02
   endloop
 endfacet
 facet normal  0.000000e+00 -1.000000e+00  0.000000e+00
   outer loop
     vertex -2.307110e-01 -2.200000e-01  7.848867e-02
     vertex -2.804986e-01 -2.200000e-01  9.398870e-02
     vertex -2.819758e-01 -2.200000e-01  9.368036e-02
   endloop
 endfacet
 facet normal  0.000000e+00 -1.000000e+00  0.000000e+00
   outer loop
     vertex -2.307110e-01 -2.200000e-01  7.848867e-02
     vertex -2.760241e-01 -2.200000e-01  9.466909e-02
     vertex -2.775217e-01 -2.200000e-01  9.448325e-02
   endloop
 endfacet
 facet normal  0.000000e+00 -1.000000e+00  0.000000e+00
   outer loop
     vertex -2.307110e-01 -2.200000e-01  7.848867e-02
     vertex -2.745221e-01 -2.200000e-01  9.481378e-02
     vertex -2.760241e-01 -2.200000e-01  9.466909e-02
   endloop
 endfacet
 facet normal  0.000000e+00 -1.000000e+00  0.000000e+00
   outer loop
     vertex -2.307110e-01 -2.200000e-01  7.848867e-02
     vertex -2.700000e-01 -2.200000e-01  9.500000e-02
     vertex -2.715089e-01 -2.200000e-01  9.497930e-02
   endloop
 endfacet
 facet normal  0.000000e+00 -1.000000e+00  0.000000e+00
   outer loop
     vertex -2.307110e-01 -2.200000e-01  7.848867e-02
     vertex -3.012197e-01 -2.200000e-01  8.528059e-02
     vertex -3.036562e-01 -2.200000e-01  8.350011e-02
   endloop
 endfacet
 facet normal  0.000000e+00 -1.000000e+00  0.000000e+00
   outer loop
     vertex -2.307110e-01 -2.200000e-01  7.848867e-02
     vertex -2.947339e-01 -2.200000e-01  8.912469e-02
     vertex -2.973910e-01 -2.200000e-01  8.769415e-02
   endloop
 endfacet
 facet normal  0.000000e+00 -1.000000e+00  0.000000e+00
   outer loop
     vertex -2.307110e-01 -2.200000e-01  7.848867e-02
     vertex -2.863488e-01 -2.200000e-01  9.251396e-02
     vertex -2.906111e-01 -2.200000e-01  9.099197e-02
   endloop
 endfacet
 facet normal  0.000000e+00 -1.000000e+00  0.000000e+00
   outer loop
     vertex -2.307110e-01 -2.200000e-01  7.848867e-02
     vertex -2.920023e-01 -2.200000e-01  9.040733e-02
     vertex -2.947339e-01 -2.200000e-01  8.912469e-02
   endloop
 endfacet
 facet normal  0.000000e+00 -1.000000e+00  0.000000e+00
   outer loop
     vertex -2.307110e-01 -2.200000e-01  7.848867e-02
     vertex -2.715089e-01 -2.200000e-01  9.497930e-02
     vertex -2.745221e-01 -2.200000e-01  9.481378e-02
   endloop
 endfacet
 facet normal  0.000000e+00 -1.000000e+00  0.000000e+00
   outer loop
     vertex -2.307110e-01 -2.200000e-01  7.848867e-02
     vertex -2.973910e-01 -2.200000e-01  8.769415e-02
     vertex -2.999657e-01 -2.200000e-01  8.612003e-02
   endloop
 endfacet
 facet normal  0.000000e+00 -1.000000e+00  0.000000e+00
   outer loop
     vertex -2.307110e-01 -2.200000e-01  7.848867e-02
     vertex -3.208494e-01 -2.200000e-01  6.096042e-02
     vertex -3.219225e-01 -2.200000e-01  5.813991e-02
   endloop
 endfacet
 facet normal  0.000000e+00 -1.000000e+00  0.000000e+00
   outer loop
     vertex -2.307110e-01 -2.200000e-01  7.848867e-02
     vertex -3.036562e-01 -2.200000e-01  8.350011e-02
     vertex -3.071188e-01 -2.200000e-01  8.058563e-02
   endloop
 endfacet
 facet normal  0.000000e+00 -1.000000e+00  0.000000e+00
   outer loop
     vertex -2.307110e-01 -2.200000e-01  7.848867e-02
     vertex -2.439277e-01 -2.200000e-01  8.842765e-02
     vertex -2.466231e-01 -2.200000e-01  8.978475e-02
   endloop
 endfacet
 facet normal  0.000000e+00 -1.000000e+00  0.000000e+00
   outer loop
     vertex -2.307110e-01 -2.200000e-01  7.848867e-02
     vertex -3.113408e-01 -2.200000e-01  7.627584e-02
     vertex -3.132682e-01 -2.200000e-01  7.395379e-02
   endloop
 endfacet
 facet normal  0.000000e+00 -1.000000e+00  0.000000e+00
   outer loop
     vertex -2.307110e-01 -2.200000e-01  7.848867e-02
     vertex -2.363438e-01 -2.200000e-01  8.350011e-02
     vertex -2.400343e-01 -2.200000e-01  8.612003e-02
   endloop
 endfacet
 facet normal  0.000000e+00 -1.000000e+00  0.000000e+00
   outer loop
     vertex -2.307110e-01 -2.200000e-01  7.848867e-02
     vertex -2.595014e-01 -2.200000e-01  9.398870e-02
     vertex -2.624783e-01 -2.200000e-01  9.448325e-02
   endloop
 endfacet
 facet normal  0.000000e+00 -1.000000e+00  0.000000e+00
   outer loop
     vertex -2.307110e-01 -2.200000e-01  7.848867e-02
     vertex -2.276795e-01 -2.200000e-01  7.512804e-02
     vertex -2.296699e-01 -2.200000e-01  7.739633e-02
   endloop
 endfacet
 facet normal  0.000000e+00 -1.000000e+00  0.000000e+00
   outer loop
     vertex -2.307110e-01 -2.200000e-01  7.848867e-02
     vertex -2.213947e-01 -2.200000e-01  1.426053e-02
     vertex -2.200561e-01 -2.200000e-01  1.696515e-02
   endloop
 endfacet
 facet normal  0.000000e+00 -1.000000e+00  0.000000e+00
   outer loop
     vertex -2.307110e-01 -2.200000e-01  7.848867e-02
     vertex -2.775217e-01 -2.200000e-01  9.448325e-02
     vertex -2.804986e-01 -2.200000e-01  9.398870e-02
   endloop
 endfacet
 facet normal  0.000000e+00 -1.000000e+00  0.000000e+00
   outer loop
     vertex -2.307110e-01 -2.200000e-01  7.848867e-02
     vertex -2.249346e-01 -2.200000e-01  7.152953e-02
     vertex -2.267318e-01 -2.200000e-01  7.395379e-02
   endloop
 endfacet
 facet normal  0.000000e+00  1.000000e+00  0.000000e+00
   outer loop
     vertex -3.208494e-01  2.200000e-01  6.096042e-02
     vertex -3.219225e-01  2.200000e-01  5.813991e-02
     vertex -3.214053e-01  2.200000e-01  5.955753e-02
   endloop
 endfacet
 facet normal  0.000000e+00  1.000000e+00  0.000000e+00
   outer loop
     vertex -3.113408e-01  2.200000e-01  7.627584e-02
     vertex -3.132682e-01  2.200000e-01  7.395379e-02
     vertex -3.123205e-01  2.200000e-01  7.512804e-02
   endloop
 endfacet
 facet normal  0.000000e+00  1.000000e+00  0.000000e+00
   outer loop
     vertex -3.048369e-01  2.200000e-01  8.256042e-02
     vertex -3.071188e-01  2.200000e-01  8.058563e-02
     vertex -3.059914e-01  2.200000e-01  8.158868e-02
   endloop
 endfacet
 facet normal  0.000000e+00  1.000000e+00  0.000000e+00
   outer loop
     vertex -3.036562e-01  2.200000e-01  8.350011e-02
     vertex -3.071188e-01  2.200000e-01  8.058563e-02
     vertex -3.048369e-01  2.200000e-01  8.256042e-02
   endloop
 endfacet
 facet normal  0.000000e+00  1.000000e+00  0.000000e+00
   outer loop
     vertex -3.012197e-01  2.200000e-01  8.528059e-02
     vertex -3.036562e-01  2.200000e-01  8.350011e-02
     vertex -3.024502e-01  2.200000e-01  8.440707e-02
   endloop
 endfacet
 facet normal  0.000000e+00  1.000000e+00  0.000000e+00
   outer loop
     vertex -2.973910e-01  2.200000e-01  8.769415e-02
     vertex -2.999657e-01  2.200000e-01  8.612003e-02
     vertex -2.986892e-01  2.200000e-01  8.692475e-02
   endloop
 endfacet
 facet normal  0.000000e+00  1.000000e+00  0.000000e+00
   outer loop
     vertex -2.947339e-01  2.200000e-01  8.912469e-02
     vertex -2.973910e-01  2.200000e-01  8.769415e-02
     vertex -2.960723e-01  2.200000e-01  8.842765e-02
   endloop
 endfacet
 facet normal  0.000000e+00  1.000000e+00  0.000000e+00
   outer loop
     vertex -2.200561e-01  2.200000e-01  1.696515e-02
     vertex -2.207068e-01  2.200000e-01  1.560366e-02
     vertex -2.213947e-01  2.200000e-01  1.426053e-02
   endloop
 endfacet
 facet normal  0.000000e+00  1.000000e+00  0.000000e+00
   outer loop
     vertex -2.920023e-01  2.200000e-01  9.040733e-02
     vertex -2.947339e-01  2.200000e-01  8.912469e-02
     vertex -2.933769e-01  2.200000e-01  8.978475e-02
   endloop
 endfacet
 facet normal  0.000000e+00  1.000000e+00  0.000000e+00
   outer loop
     vertex -2.877833e-01  2.200000e-01  9.204568e-02
     vertex -2.906111e-01  2.200000e-01  9.099197e-02
     vertex -2.892045e-01  2.200000e-01  9.153823e-02
   endloop
 endfacet
 facet normal  0.000000e+00  1.000000e+00  0.000000e+00
   outer loop
     vertex -2.863488e-01  2.200000e-01  9.251396e-02
     vertex -2.906111e-01  2.200000e-01  9.099197e-02
     vertex -2.877833e-01  2.200000e-01  9.204568e-02
   endloop
 endfacet
 facet normal  0.000000e+00  1.000000e+00  0.000000e+00
   outer loop
     vertex -2.775217e-01  2.200000e-01  9.448325e-02
     vertex -2.804986e-01  2.200000e-01  9.398870e-02
     vertex -2.790135e-01  2.200000e-01  9.425639e-02
   endloop
 endfacet
 facet normal  0.000000e+00  1.000000e+00  0.000000e+00
   outer loop
     vertex -2.715089e-01  2.200000e-01  9.497930e-02
     vertex -2.745221e-01  2.200000e-01  9.481378e-02
     vertex -2.730166e-01  2.200000e-01  9.491721e-02
   endloop
 endfacet
 facet normal  0.000000e+00  1.000000e+00  0.000000e+00
   outer loop
     vertex -2.595014e-01  2.200000e-01  9.398870e-02
     vertex -2.624783e-01  2.200000e-01  9.448325e-02
     vertex -2.609865e-01  2.200000e-01  9.425639e-02
   endloop
 endfacet
 facet normal  0.000000e+00  1.000000e+00  0.000000e+00
   outer loop
     vertex -2.439277e-01  2.200000e-01  8.842765e-02
     vertex -2.466231e-01  2.200000e-01  8.978475e-02
     vertex -2.452661e-01  2.200000e-01  8.912469e-02
   endloop
 endfacet
 facet normal  0.000000e+00  1.000000e+00  0.000000e+00
   outer loop
     vertex -2.363438e-01  2.200000e-01  8.350011e-02
     vertex -2.400343e-01  2.200000e-01  8.612003e-02
     vertex -2.387803e-01  2.200000e-01  8.528059e-02
   endloop
 endfacet
 facet normal  0.000000e+00  1.000000e+00  0.000000e+00
   outer loop
     vertex -2.363438e-01  2.200000e-01  8.350011e-02
     vertex -2.387803e-01  2.200000e-01  8.528059e-02
     vertex -2.375498e-01  2.200000e-01  8.440707e-02
   endloop
 endfacet
 facet normal  0.000000e+00  1.000000e+00  0.000000e+00
   outer loop
     vertex -2.267318e-01  2.200000e-01  7.395379e-02
     vertex -2.258166e-01  2.200000e-01  7.275399e-02
     vertex -2.249346e-01  2.200000e-01  7.152953e-02
   endloop
 endfacet
 facet normal  0.000000e+00  1.000000e+00  0.000000e+00
   outer loop
     vertex -2.296699e-01  2.200000e-01  7.739633e-02
     vertex -2.286592e-01  2.200000e-01  7.627584e-02
     vertex -2.276795e-01  2.200000e-01  7.512804e-02
   endloop
 endfacet
 facet normal  0.000000e+00  1.000000e+00  0.000000e+00
   outer loop
     vertex -2.307110e-01  2.200000e-01  7.848867e-02
     vertex -2.700000e-01  2.200000e-01  9.500000e-02
     vertex -2.684911e-01  2.200000e-01  9.497930e-02
   endloop
 endfacet
 facet normal  0.000000e+00  1.000000e+00  0.000000e+00
   outer loop
     vertex -2.307110e-01  2.200000e-01  7.848867e-02
     vertex -2.684911e-01  2.200000e-01  9.497930e-02
     vertex -2.669834e-01  2.200000e-01  9.491721e-02
   endloop
 endfacet
 facet normal  0.000000e+00  1.000000e+00  0.000000e+00
   outer loop
     vertex -2.307110e-01  2.200000e-01  7.848867e-02
     vertex -2.669834e-01  2.200000e-01  9.491721e-02
     vertex -2.654779e-01  2.200000e-01  9.481378e-02
   endloop
 endfacet
 facet normal  0.000000e+00  1.000000e+00  0.000000e+00
   outer loop
     vertex -2.307110e-01  2.200000e-01  7.848867e-02
     vertex -2.654779e-01  2.200000e-01  9.481378e-02
     vertex -2.639759e-01  2.200000e-01  9.466909e-02
   endloop
 endfacet
 facet normal  0.000000e+00  1.000000e+00  0.000000e+00
   outer loop
     vertex -2.307110e-01  2.200000e-01  7.848867e-02
     vertex -2.639759e-01  2.200000e-01  9.466909e-02
     vertex -2.624783e-01  2.200000e-01  9.448325e-02
   endloop
 endfacet
 facet normal  0.000000e+00  1.000000e+00  0.000000e+00
   outer loop
     vertex -2.307110e-01  2.200000e-01  7.848867e-02
     vertex -2.595014e-01  2.200000e-01  9.398870e-02
     vertex -2.580242e-01  2.200000e-01  9.368036e-02
   endloop
 endfacet
 facet normal  0.000000e+00  1.000000e+00  0.000000e+00
   outer loop
     vertex -2.307110e-01  2.200000e-01  7.848867e-02
     vertex -2.580242e-01  2.200000e-01  9.368036e-02
     vertex -2.565561e-01  2.200000e-01  9.333161e-02
   endloop
 endfacet
 facet normal  0.000000e+00  1.000000e+00  0.000000e+00
   outer loop
     vertex -2.307110e-01  2.200000e-01  7.848867e-02
     vertex -2.565561e-01  2.200000e-01  9.333161e-02
     vertex -2.550980e-01  2.200000e-01  9.294271e-02
   endloop
 endfacet
 facet normal  0.000000e+00  1.000000e+00  0.000000e+00
   outer loop
     vertex -2.307110e-01  2.200000e-01  7.848867e-02
     vertex -2.550980e-01  2.200000e-01  9.294271e-02
     vertex -2.536512e-01  2.200000e-01  9.251396e-02
   endloop
 endfacet
 facet normal  0.000000e+00  1.000000e+00  0.000000e+00
   outer loop
     vertex -2.307110e-01  2.200000e-01  7.848867e-02
     vertex -2.536512e-01  2.200000e-01  9.251396e-02
     vertex -2.522167e-01  2.200000e-01  9.204568e-02
   endloop
 endfacet
 facet normal  0.000000e+00  1.000000e+00  0.000000e+00
   outer loop
     vertex -2.307110e-01  2.200000e-01  7.848867e-02
     vertex -2.522167e-01  2.200000e-01  9.204568e-02
     vertex -2.507955e-01  2.200000e-01  9.153823e-02
   endloop
 endfacet
 facet normal  0.000000e+00  1.000000e+00  0.000000e+00
   outer loop
     vertex -2.307110e-01  2.200000e-01  7.848867e-02
     vertex -2.507955e-01  2.200000e-01  9.153823e-02
     vertex -2.493889e-01  2.200000e-01  9.099197e-02
   endloop
 endfacet
 facet normal  0.000000e+00  1.000000e+00  0.000000e+00
   outer loop
     vertex -2.307110e-01  2.200000e-01  7.848867e-02
     vertex -2.493889e-01  2.200000e-01  9.099197e-02
     vertex -2.479977e-01  2.200000e-01  9.040733e-02
   endloop
 endfacet
 facet normal  0.000000e+00  1.000000e+00  0.000000e+00
   outer loop
     vertex -2.307110e-01  2.200000e-01  7.848867e-02
     vertex -2.479977e-01  2.200000e-01  9.040733e-02
     vertex -2.466231e-01  2.200000e-01  8.978475e-02
   endloop
 endfacet
 facet normal  0.000000e+00  1.000000e+00  0.000000e+00
   outer loop
     vertex -2.307110e-01  2.200000e-01  7.848867e-02
     vertex -2.439277e-01  2.200000e-01  8.842765e-02
     vertex -2.426090e-01  2.200000e-01  8.769415e-02
   endloop
 endfacet
 facet normal  0.000000e+00  1.000000e+00  0.000000e+00
   outer loop
     vertex -2.307110e-01  2.200000e-01  7.848867e-02
     vertex -2.426090e-01  2.200000e-01  8.769415e-02
     vertex -2.413108e-01  2.200000e-01  8.692475e-02
   endloop
 endfacet
 facet normal  0.000000e+00  1.000000e+00  0.000000e+00
   outer loop
     vertex -2.307110e-01  2.200000e-01  7.848867e-02
     vertex -2.413108e-01  2.200000e-01  8.692475e-02
     vertex -2.400343e-01  2.200000e-01  8.612003e-02
   endloop
 endfacet
 facet normal  0.000000e+00  1.000000e+00  0.000000e+00
   outer loop
     vertex -2.307110e-01  2.200000e-01  7.848867e-02
     vertex -2.363438e-01  2.200000e-01  8.350011e-02
     vertex -2.351631e-01  2.200000e-01  8.256042e-02
   endloop
 endfacet
 facet normal  0.000000e+00  1.000000e+00  0.000000e+00
   outer loop
     vertex -2.307110e-01  2.200000e-01  7.848867e-02
     vertex -2.351631e-01  2.200000e-01  8.256042e-02
     vertex -2.340086e-01  2.200000e-01  8.158868e-02
   endloop
 endfacet
 facet normal  0.000000e+00  1.000000e+00  0.000000e+00
   outer loop
     vertex -2.307110e-01  2.200000e-01  7.848867e-02
     vertex -2.340086e-01  2.200000e-01  8.158868e-02
     vertex -2.328812e-01  2.200000e-01  8.058563e-02
   endloop
 endfacet
 facet normal  0.000000e+00  1.000000e+00  0.000000e+00
   outer loop
     vertex -2.307110e-01  2.200000e-01  7.848867e-02
     vertex -2.328812e-01  2.200000e-01  8.058563e-02
     vertex -2.317817e-01  2.200000e-01  7.955204e-02
   endloop
 endfacet
 facet normal  0.000000e+00  1.000000e+00  0.000000e+00
   outer loop
     vertex -2.307110e-01  2.200000e-01  7.848867e-02
     vertex -2.276795e-01  2.200000e-01  7.512804e-02
     vertex -2.267318e-01  2.200000e-01  7.395379e-02
   endloop
 endfacet
 facet normal  0.000000e+00  1.000000e+00  0.000000e+00
   outer loop
     vertex -2.307110e-01  2.200000e-01  7.848867e-02
     vertex -2.249346e-01  2.200000e-01  7.152953e-02
     vertex -2.240866e-01  2.200000e-01  7.028134e-02
   endloop
 endfacet
 facet normal  0.000000e+00  1.000000e+00  0.000000e+00
   outer loop
     vertex -2.307110e-01  2.200000e-01  7.848867e-02
     vertex -2.240866e-01  2.200000e-01  7.028134e-02
     vertex -2.232731e-01  2.200000e-01  6.901035e-02
   endloop
 endfacet
 facet normal  0.000000e+00  1.000000e+00  0.000000e+00
   outer loop
     vertex -2.307110e-01  2.200000e-01  7.848867e-02
     vertex -2.232731e-01  2.200000e-01  6.901035e-02
     vertex -2.224949e-01  2.200000e-01  6.771753e-02
   endloop
 endfacet
 facet normal  0.000000e+00  1.000000e+00  0.000000e+00
   outer loop
     vertex -2.307110e-01  2.200000e-01  7.848867e-02
     vertex -2.224949e-01  2.200000e-01  6.771753e-02
     vertex -2.217523e-01  2.200000e-01  6.640384e-02
   endloop
 endfacet
 facet normal  0.000000e+00  1.000000e+00  0.000000e+00
   outer loop
     vertex -2.307110e-01  2.200000e-01  7.848867e-02
     vertex -2.217523e-01  2.200000e-01  6.640384e-02
     vertex -2.210461e-01  2.200000e-01  6.507027e-02
   endloop
 endfacet
 facet normal  0.000000e+00  1.000000e+00  0.000000e+00
   outer loop
     vertex -2.307110e-01  2.200000e-01  7.848867e-02
     vertex -2.210461e-01  2.200000e-01  6.507027e-02
     vertex -2.203768e-01  2.200000e-01  6.371783e-02
   endloop
 endfacet
 facet normal  0.000000e+00  1.000000e+00  0.000000e+00
   outer loop
     vertex -2.307110e-01  2.200000e-01  7.848867e-02
     vertex -2.203768e-01  2.200000e-01  6.371783e-02
     vertex -2.197448e-01  2.200000e-01  6.234754e-02
   endloop
 endfacet
 facet normal  0.000000e+00  1.000000e+00  0.000000e+00
   outer loop
     vertex -2.307110e-01  2.200000e-01  7.848867e-02
     vertex -2.197448e-01  2.200000e-01  6.234754e-02
     vertex -2.191506e-01  2.200000e-01  6.096042e-02
   endloop
 endfacet
 facet normal  0.000000e+00  1.000000e+00  0.000000e+00
   outer loop
     vertex -2.307110e-01  2.200000e-01  7.848867e-02
     vertex -2.191506e-01  2.200000e-01  6.096042e-02
     vertex -2.185947e-01  2.200000e-01  5.955753e-02
   endloop
 endfacet
 facet normal  0.000000e+00  1.000000e+00  0.000000e+00
   outer loop
     vertex -2.307110e-01  2.200000e-01  7.848867e-02
     vertex -2.185947e-01  2.200000e-01  5.955753e-02
     vertex -2.180775e-01  2.200000e-01  5.813991e-02
   endloop
 endfacet
 facet normal  0.000000e+00  1.000000e+00  0.000000e+00
   outer loop
     vertex -2.307110e-01  2.200000e-01  7.848867e-02
     vertex -2.180775e-01  2.200000e-01  5.813991e-02
     vertex -2.175994e-01  2.200000e-01  5.670864e-02
   endloop
 endfacet
 facet normal  0.000000e+00  1.000000e+00  0.000000e+00
   outer loop
     vertex -2.307110e-01  2.200000e-01  7.848867e-02
     vertex -2.175994e-01  2.200000e-01  5.670864e-02
     vertex -2.171608e-01  2.200000e-01  5.526479e-02
   endloop
 endfacet
 facet normal  0.000000e+00  1.000000e+00  0.000000e+00
   outer loop
     vertex -2.307110e-01  2.200000e-01  7.848867e-02
     vertex -2.171608e-01  2.200000e-01  5.526479e-02
     vertex -2.167619e-01  2.200000e-01  5.380945e-02
   endloop
 endfacet
 facet normal  0.000000e+00  1.000000e+00  0.000000e+00
   outer loop
     vertex -2.307110e-01  2.200000e-01  7.848867e-02
     vertex -2.167619e-01  2.200000e-01  5.380945e-02
     vertex -2.164031e-01  2.200000e-01  5.234372e-02
   endloop
 endfacet
 facet normal  0.000000e+00  1.000000e+00  0.000000e+00
   outer loop
     vertex -2.307110e-01  2.200000e-01  7.848867e-02
     vertex -2.164031e-01  2.200000e-01  5.234372e-02
     vertex -2.160846e-01  2.200000e-01  5.086869e-02
   endloop
 endfacet
 facet normal  0.000000e+00  1.000000e+00  0.000000e+00
   outer loop
     vertex -2.307110e-01  2.200000e-01  7.848867e-02
     vertex -2.160846e-01  2.200000e-01  5.086869e-02
     vertex -2.158067e-01  2.200000e-01  4.938548e-02
   endloop
 endfacet
 facet normal  0.000000e+00  1.000000e+00  0.000000e+00
   outer loop
     vertex -2.307110e-01  2.200000e-01  7.848867e-02
     vertex -2.158067e-01  2.200000e-01  4.938548e-02
     vertex -2.155696e-01  2.200000e-01  4.789521e-02
   endloop
 endfacet
 facet normal  0.000000e+00  1.000000e+00  0.000000e+00
   outer loop
     vertex -2.307110e-01  2.200000e-01  7.848867e-02
     vertex -2.155696e-01  2.200000e-01  4.789521e-02
     vertex -2.153735e-01  2.200000e-01  4.639899e-02
   endloop
 endfacet
 facet normal  0.000000e+00  1.000000e+00  0.000000e+00
   outer loop
     vertex -2.307110e-01  2.200000e-01  7.848867e-02
     vertex -2.153735e-01  2.200000e-01  4.639899e-02
     vertex -2.152185e-01  2.200000e-01  4.489795e-02
   endloop
 endfacet
 facet normal  0.000000e+00  1.000000e+00  0.000000e+00
   outer loop
     vertex -2.307110e-01  2.200000e-01  7.848867e-02
     vertex -2.152185e-01  2.200000e-01  4.489795e-02
     vertex -2.151048e-01  2.200000e-01  4.339323e-02
   endloop
 endfacet
 facet normal  0.000000e+00  1.000000e+00  0.000000e+00
   outer loop
     vertex -2.307110e-01  2.200000e-01  7.848867e-02
     vertex -2.151048e-01  2.200000e-01  4.339323e-02
     vertex -2.150323e-01  2.200000e-01  4.188596e-02
   endloop
 endfacet
 facet normal  0.000000e+00  1.000000e+00  0.000000e+00
   outer loop
     vertex -2.307110e-01  2.200000e-01  7.848867e-02
     vertex -2.150323e-01  2.200000e-01  4.188596e-02
     vertex -2.150013e-01  2.200000e-01  4.037726e-02
   endloop
 endfacet
 facet normal  0.000000e+00  1.000000e+00  0.000000e+00
   outer loop
     vertex -2.307110e-01  2.200000e-01  7.848867e-02
     vertex -2.150013e-01  2.200000e-01  4.037726e-02
     vertex -2.150116e-01  2.200000e-01  3.886828e-02
   endloop
 endfacet
 facet normal  0.000000e+00  1.000000e+00  0.000000e+00
   outer loop
     vertex -2.307110e-01  2.200000e-01  7.848867e-02
     vertex -2.150116e-01  2.200000e-01  3.886828e-02
     vertex -2.150634e-01  2.200000e-01  3.736016e-02
   endloop
 endfacet
 facet normal  0.000000e+00  1.000000e+00  0.000000e+00
   outer loop
     vertex -2.307110e-01  2.200000e-01  7.848867e-02
     vertex -2.150634e-01  2.200000e-01  3.736016e-02
     vertex -2.151565e-01  2.200000e-01  3.585402e-02
   endloop
 endfacet
 facet normal  0.000000e+00  1.000000e+00  0.000000e+00
   outer loop
     vertex -2.307110e-01  2.200000e-01  7.848867e-02
     vertex -2.151565e-01  2.200000e-01  3.585402e-02
     vertex -2.152909e-01  2.200000e-01  3.435100e-02
   endloop
 endfacet
 facet normal  0.000000e+00  1.000000e+00  0.000000e+00
   outer loop
     vertex -2.307110e-01  2.200000e-01  7.848867e-02
     vertex -2.152909e-01  2.200000e-01  3.435100e-02
     vertex -2.154664e-01  2.200000e-01  3.285223e-02
   endloop
 endfacet
 facet normal  0.000000e+00  1.000000e+00  0.000000e+00
   outer loop
     vertex -2.307110e-01  2.200000e-01  7.848867e-02
     vertex -2.154664e-01  2.200000e-01  3.285223e-02
     vertex -2.156831e-01  2.200000e-01  3.135884e-02
   endloop
 endfacet
 facet normal  0.000000e+00  1.000000e+00  0.000000e+00
   outer loop
     vertex -2.307110e-01  2.200000e-01  7.848867e-02
     vertex -2.156831e-01  2.200000e-01  3.135884e-02
     vertex -2.159406e-01  2.200000e-01  2.987196e-02
   endloop
 endfacet
 facet normal  0.000000e+00  1.000000e+00  0.000000e+00
   outer loop
     vertex -2.307110e-01  2.200000e-01  7.848867e-02
     vertex -2.159406e-01  2.200000e-01  2.987196e-02
     vertex -2.162388e-01  2.200000e-01  2.839271e-02
   endloop
 endfacet
 facet normal  0.000000e+00  1.000000e+00  0.000000e+00
   outer loop
     vertex -2.307110e-01  2.200000e-01  7.848867e-02
     vertex -2.162388e-01  2.200000e-01  2.839271e-02
     vertex -2.165774e-01  2.200000e-01  2.692219e-02
   endloop
 endfacet
 facet normal  0.000000e+00  1.000000e+00  0.000000e+00
   outer loop
     vertex -2.307110e-01  2.200000e-01  7.848867e-02
     vertex -2.165774e-01  2.200000e-01  2.692219e-02
     vertex -2.169563e-01  2.200000e-01  2.546151e-02
   endloop
 endfacet
 facet normal  0.000000e+00  1.000000e+00  0.000000e+00
   outer loop
     vertex -2.307110e-01  2.200000e-01  7.848867e-02
     vertex -2.169563e-01  2.200000e-01  2.546151e-02
     vertex -2.173751e-01  2.200000e-01  2.401178e-02
   endloop
 endfacet
 facet normal  0.000000e+00  1.000000e+00  0.000000e+00
   outer loop
     vertex -2.307110e-01  2.200000e-01  7.848867e-02
     vertex -2.173751e-01  2.200000e-01  2.401178e-02
     vertex -2.178336e-01  2.200000e-01  2.257408e-02
   endloop
 endfacet
 facet normal  0.000000e+00  1.000000e+00  0.000000e+00
   outer loop
     vertex -2.307110e-01  2.200000e-01  7.848867e-02
     vertex -2.178336e-01  2.200000e-01  2.257408e-02
     vertex -2.183313e-01  2.200000e-01  2.114951e-02
   endloop
 endfacet
 facet normal  0.000000e+00  1.000000e+00  0.000000e+00
   outer loop
     vertex -2.307110e-01  2.200000e-01  7.848867e-02
     vertex -2.183313e-01  2.200000e-01  2.114951e-02
     vertex -2.188679e-01  2.200000e-01  1.973912e-02
   endloop
 endfacet
 facet normal  0.000000e+00  1.000000e+00  0.000000e+00
   outer loop
     vertex -2.307110e-01  2.200000e-01  7.848867e-02
     vertex -2.188679e-01  2.200000e-01  1.973912e-02
     vertex -2.194429e-01  2.200000e-01  1.834398e-02
   endloop
 endfacet
 facet normal  0.000000e+00  1.000000e+00  0.000000e+00
   outer loop
     vertex -2.307110e-01  2.200000e-01  7.848867e-02
     vertex -2.194429e-01  2.200000e-01  1.834398e-02
     vertex -2.200561e-01  2.200000e-01  1.696515e-02
   endloop
 endfacet
 facet normal  0.000000e+00  1.000000e+00  0.000000e+00
   outer loop
     vertex -2.307110e-01  2.200000e-01  7.848867e-02
     vertex -2.213947e-01  2.200000e-01  1.426053e-02
     vertex -2.221191e-01  2.200000e-01  1.293677e-02
   endloop
 endfacet
 facet normal  0.000000e+00  1.000000e+00  0.000000e+00
   outer loop
     vertex -2.307110e-01  2.200000e-01  7.848867e-02
     vertex -2.221191e-01  2.200000e-01  1.293677e-02
     vertex -2.228796e-01  2.200000e-01  1.163339e-02
   endloop
 endfacet
 facet normal  0.000000e+00  1.000000e+00  0.000000e+00
   outer loop
     vertex -2.307110e-01  2.200000e-01  7.848867e-02
     vertex -2.228796e-01  2.200000e-01  1.163339e-02
     vertex -2.236755e-01  2.200000e-01  1.035136e-02
   endloop
 endfacet
 facet normal  0.000000e+00  1.000000e+00  0.000000e+00
   outer loop
     vertex -2.307110e-01  2.200000e-01  7.848867e-02
     vertex -2.236755e-01  2.200000e-01  1.035136e-02
     vertex -2.245063e-01  2.200000e-01  9.091655e-03
   endloop
 endfacet
 facet normal  0.000000e+00  1.000000e+00  0.000000e+00
   outer loop
     vertex -2.307110e-01  2.200000e-01  7.848867e-02
     vertex -2.245063e-01  2.200000e-01  9.091655e-03
     vertex -2.253714e-01  2.200000e-01  7.855213e-03
   endloop
 endfacet
 facet normal  0.000000e+00  1.000000e+00  0.000000e+00
   outer loop
     vertex -2.307110e-01  2.200000e-01  7.848867e-02
     vertex -2.253714e-01  2.200000e-01  7.855213e-03
     vertex -2.262701e-01  2.200000e-01  6.642968e-03
   endloop
 endfacet
 facet normal  0.000000e+00  1.000000e+00  0.000000e+00
   outer loop
     vertex -2.307110e-01  2.200000e-01  7.848867e-02
     vertex -2.262701e-01  2.200000e-01  6.642968e-03
     vertex -2.272016e-01  2.200000e-01  5.455834e-03
   endloop
 endfacet
 facet normal  0.000000e+00  1.000000e+00  0.000000e+00
   outer loop
     vertex -2.307110e-01  2.200000e-01  7.848867e-02
     vertex -2.272016e-01  2.200000e-01  5.455834e-03
     vertex -2.281654e-01  2.200000e-01  4.294703e-03
   endloop
 endfacet
 facet normal  0.000000e+00  1.000000e+00  0.000000e+00
   outer loop
     vertex -2.307110e-01  2.200000e-01  7.848867e-02
     vertex -2.281654e-01  2.200000e-01  4.294703e-03
     vertex -2.291607e-01  2.200000e-01  3.160450e-03
   endloop
 endfacet
 facet normal  0.000000e+00  1.000000e+00  0.000000e+00
   outer loop
     vertex -2.307110e-01  2.200000e-01  7.848867e-02
     vertex -2.291607e-01  2.200000e-01  3.160450e-03
     vertex -2.301867e-01  2.200000e-01  2.053929e-03
   endloop
 endfacet
 facet normal  0.000000e+00  1.000000e+00  0.000000e+00
   outer loop
     vertex -2.307110e-01  2.200000e-01  7.848867e-02
     vertex -2.301867e-01  2.200000e-01  2.053929e-03
     vertex -2.312427e-01  2.200000e-01  9.759725e-04
   endloop
 endfacet
 facet normal  0.000000e+00  1.000000e+00  0.000000e+00
   outer loop
     vertex -2.307110e-01  2.200000e-01  7.848867e-02
     vertex -2.312427e-01  2.200000e-01  9.759725e-04
     vertex -2.323279e-01  2.200000e-01 -7.260799e-05
   endloop
 endfacet
 facet normal  0.000000e+00  1.000000e+00  0.000000e+00
   outer loop
     vertex -2.307110e-01  2.200000e-01  7.848867e-02
     vertex -2.323279e-01  2.200000e-01 -7.260799e-05
     vertex -2.334414e-01  2.200000e-01 -1.091023e-03
   endloop
 endfacet
 facet normal  0.000000e+00  1.000000e+00  0.000000e+00
   outer loop
     vertex -2.307110e-01  2.200000e-01  7.848867e-02
     vertex -2.334414e-01  2.200000e-01 -1.091023e-03
     vertex -2.345825e-01  2.200000e-01 -2.078506e-03
   endloop
 endfacet
 facet normal  0.000000e+00  1.000000e+00  0.000000e+00
   outer loop
     vertex -2.307110e-01  2.200000e-01  7.848867e-02
     vertex -2.345825e-01  2.200000e-01 -2.078506e-03
     vertex -2.357502e-01  2.200000e-01 -3.034314e-03
   endloop
 endfacet
 facet normal  0.000000e+00  1.000000e+00  0.000000e+00
   outer loop
     vertex -2.307110e-01  2.200000e-01  7.848867e-02
     vertex -2.357502e-01  2.200000e-01 -3.034314e-03
     vertex -2.369437e-01  2.200000e-01 -3.957727e-03
   endloop
 endfacet
 facet normal  0.000000e+00  1.000000e+00  0.000000e+00
   outer loop
     vertex -2.307110e-01  2.200000e-01  7.848867e-02
     vertex -2.369437e-01  2.200000e-01 -3.957727e-03
     vertex -2.381621e-01  2.200000e-01 -4.848050e-03
   endloop
 endfacet
 facet normal  0.000000e+00  1.000000e+00  0.000000e+00
   outer loop
     vertex -2.307110e-01  2.200000e-01  7.848867e-02
     vertex -2.381621e-01  2.200000e-01 -4.848050e-03
     vertex -2.394044e-01  2.200000e-01 -5.704612e-03
   endloop
 endfacet
 facet normal  0.000000e+00  1.000000e+00  0.000000e+00
   outer loop
     vertex -2.307110e-01  2.200000e-01  7.848867e-02
     vertex -2.394044e-01  2.200000e-01 -5.704612e-03
     vertex -2.406698e-01  2.200000e-01 -6.526770e-03
   endloop
 endfacet
 facet normal  0.000000e+00  1.000000e+00  0.000000e+00
   outer loop
     vertex -2.307110e-01  2.200000e-01  7.848867e-02
     vertex -2.406698e-01  2.200000e-01 -6.526770e-03
     vertex -2.419573e-01  2.200000e-01 -7.313904e-03
   endloop
 endfacet
 facet normal  0.000000e+00  1.000000e+00  0.000000e+00
   outer loop
     vertex -2.307110e-01  2.200000e-01  7.848867e-02
     vertex -2.419573e-01  2.200000e-01 -7.313904e-03
     vertex -2.432658e-01  2.200000e-01 -8.065421e-03
   endloop
 endfacet
 facet normal  0.000000e+00  1.000000e+00  0.000000e+00
   outer loop
     vertex -2.307110e-01  2.200000e-01  7.848867e-02
     vertex -2.432658e-01  2.200000e-01 -8.065421e-03
     vertex -2.445945e-01  2.200000e-01 -8.780756e-03
   endloop
 endfacet
 facet normal  0.000000e+00  1.000000e+00  0.000000e+00
   outer loop
     vertex -2.307110e-01  2.200000e-01  7.848867e-02
     vertex -2.445945e-01  2.200000e-01 -8.780756e-03
     vertex -2.459423e-01  2.200000e-01 -9.459371e-03
   endloop
 endfacet
 facet normal  0.000000e+00  1.000000e+00  0.000000e+00
   outer loop
     vertex -2.307110e-01  2.200000e-01  7.848867e-02
     vertex -2.459423e-01  2.200000e-01 -9.459371e-03
     vertex -2.473083e-01  2.200000e-01 -1.010075e-02
   endloop
 endfacet
 facet normal  0.000000e+00  1.000000e+00  0.000000e+00
   outer loop
     vertex -2.307110e-01  2.200000e-01  7.848867e-02
     vertex -2.473083e-01  2.200000e-01 -1.010075e-02
     vertex -2.486913e-01  2.200000e-01 -1.070442e-02
   endloop
 endfacet
 facet normal  0.000000e+00  1.000000e+00  0.000000e+00
   outer loop
     vertex -2.307110e-01  2.200000e-01  7.848867e-02
     vertex -2.486913e-01  2.200000e-01 -1.070442e-02
     vertex -2.500903e-01  2.200000e-01 -1.126992e-02
   endloop
 endfacet
 facet normal  0.000000e+00  1.000000e+00  0.000000e+00
   outer loop
     vertex -2.307110e-01  2.200000e-01  7.848867e-02
     vertex -2.500903e-01  2.200000e-01 -1.126992e-02
     vertex -2.515044e-01  2.200000e-01 -1.179683e-02
   endloop
 endfacet
 facet normal  0.000000e+00  1.000000e+00  0.000000e+00
   outer loop
     vertex -2.307110e-01  2.200000e-01  7.848867e-02
     vertex -2.515044e-01  2.200000e-01 -1.179683e-02
     vertex -2.529323e-01  2.200000e-01 -1.228474e-02
   endloop
 endfacet
 facet normal  0.000000e+00  1.000000e+00  0.000000e+00
   outer loop
     vertex -2.307110e-01  2.200000e-01  7.848867e-02
     vertex -2.529323e-01  2.200000e-01 -1.228474e-02
     vertex -2.543731e-01  2.200000e-01 -1.273330e-02
   endloop
 endfacet
 facet normal  0.000000e+00  1.000000e+00  0.000000e+00
   outer loop
     vertex -2.307110e-01  2.200000e-01  7.848867e-02
     vertex -2.543731e-01  2.200000e-01 -1.273330e-02
     vertex -2.558257e-01  2.200000e-01 -1.314216e-02
   endloop
 endfacet
 facet normal  0.000000e+00  1.000000e+00  0.000000e+00
   outer loop
     vertex -2.307110e-01  2.200000e-01  7.848867e-02
     vertex -2.558257e-01  2.200000e-01 -1.314216e-02
     vertex -2.572889e-01  2.200000e-01 -1.351102e-02
   endloop
 endfacet
 facet normal  0.000000e+00  1.000000e+00  0.000000e+00
   outer loop
     vertex -2.307110e-01  2.200000e-01  7.848867e-02
     vertex -2.572889e-01  2.200000e-01 -1.351102e-02
     vertex -2.587617e-01  2.200000e-01 -1.383959e-02
   endloop
 endfacet
 facet normal  0.000000e+00  1.000000e+00  0.000000e+00
   outer loop
     vertex -2.307110e-01  2.200000e-01  7.848867e-02
     vertex -2.587617e-01  2.200000e-01 -1.383959e-02
     vertex -2.602430e-01  2.200000e-01 -1.412764e-02
   endloop
 endfacet
 facet normal  0.000000e+00  1.000000e+00  0.000000e+00
   outer loop
     vertex -2.307110e-01  2.200000e-01  7.848867e-02
     vertex -2.602430e-01  2.200000e-01 -1.412764e-02
     vertex -2.617316e-01  2.200000e-01 -1.437494e-02
   endloop
 endfacet
 facet normal  0.000000e+00  1.000000e+00  0.000000e+00
   outer loop
     vertex -2.307110e-01  2.200000e-01  7.848867e-02
     vertex -2.617316e-01  2.200000e-01 -1.437494e-02
     vertex -2.632265e-01  2.200000e-01 -1.458131e-02
   endloop
 endfacet
 facet normal  0.000000e+00  1.000000e+00  0.000000e+00
   outer loop
     vertex -2.307110e-01  2.200000e-01  7.848867e-02
     vertex -2.632265e-01  2.200000e-01 -1.458131e-02
     vertex -2.647264e-01  2.200000e-01 -1.474659e-02
   endloop
 endfacet
 facet normal  0.000000e+00  1.000000e+00  0.000000e+00
   outer loop
     vertex -2.307110e-01  2.200000e-01  7.848867e-02
     vertex -2.647264e-01  2.200000e-01 -1.474659e-02
     vertex -2.662303e-01  2.200000e-01 -1.487066e-02
   endloop
 endfacet
 facet normal  0.000000e+00  1.000000e+00  0.000000e+00
   outer loop
     vertex -2.307110e-01  2.200000e-01  7.848867e-02
     vertex -2.662303e-01  2.200000e-01 -1.487066e-02
     vertex -2.677370e-01  2.200000e-01 -1.495343e-02
   endloop
 endfacet
 facet normal  0.000000e+00  1.000000e+00  0.000000e+00
   outer loop
     vertex -2.307110e-01  2.200000e-01  7.848867e-02
     vertex -2.677370e-01  2.200000e-01 -1.495343e-02
     vertex -2.692455e-01  2.200000e-01 -1.499482e-02
   endloop
 endfacet
 facet normal  0.000000e+00  1.000000e+00  0.000000e+00
   outer loop
     vertex -2.307110e-01  2.200000e-01  7.848867e-02
     vertex -2.692455e-01  2.200000e-01 -1.499482e-02
     vertex -2.707545e-01  2.200000e-01 -1.499482e-02
   endloop
 endfacet
 facet normal  0.000000e+00  1.000000e+00  0.000000e+00
   outer loop
     vertex -2.307110e-01  2.200000e-01  7.848867e-02
     vertex -2.707545e-01  2.200000e-01 -1.499482e-02
     vertex -2.722630e-01  2.200000e-01 -1.495343e-02
   endloop
 endfacet
 facet normal  0.000000e+00  1.000000e+00  0.000000e+00
   outer loop
     vertex -2.307110e-01  2.200000e-01  7.848867e-02
     vertex -2.722630e-01  2.200000e-01 -1.495343e-02
     vertex -2.737697e-01  2.200000e-01 -1.487066e-02
   endloop
 endfacet
 facet normal  0.000000e+00  1.000000e+00  0.000000e+00
   outer loop
     vertex -2.307110e-01  2.200000e-01  7.848867e-02
     vertex -2.737697e-01  2.200000e-01 -1.487066e-02
     vertex -2.752736e-01  2.200000e-01 -1.474659e-02
   endloop
 endfacet
 facet normal  0.000000e+00  1.000000e+00  0.000000e+00
   outer loop
     vertex -2.307110e-01  2.200000e-01  7.848867e-02
     vertex -2.752736e-01  2.200000e-01 -1.474659e-02
     vertex -2.767735e-01  2.200000e-01 -1.458131e-02
   endloop
 endfacet
 facet normal  0.000000e+00  1.000000e+00  0.000000e+00
   outer loop
     vertex -2.307110e-01  2.200000e-01  7.848867e-02
     vertex -2.767735e-01  2.200000e-01 -1.458131e-02
     vertex -2.782684e-01  2.200000e-01 -1.437494e-02
   endloop
 endfacet
 facet normal  0.000000e+00  1.000000e+00  0.000000e+00
   outer loop
     vertex -2.307110e-01  2.200000e-01  7.848867e-02
     vertex -2.782684e-01  2.200000e-01 -1.437494e-02
     vertex -2.797570e-01  2.200000e-01 -1.412764e-02
   endloop
 endfacet
 facet normal  0.000000e+00  1.000000e+00  0.000000e+00
   outer loop
     vertex -2.307110e-01  2.200000e-01  7.848867e-02
     vertex -2.797570e-01  2.200000e-01 -1.412764e-02
     vertex -2.812383e-01  2.200000e-01 -1.383959e-02
   endloop
 endfacet
 facet normal  0.000000e+00  1.000000e+00  0.000000e+00
   outer loop
     vertex -2.307110e-01  2.200000e-01  7.848867e-02
     vertex -2.812383e-01  2.200000e-01 -1.383959e-02
     vertex -2.827111e-01  2.200000e-01 -1.351102e-02
   endloop
 endfacet
 facet normal  0.000000e+00  1.000000e+00  0.000000e+00
   outer loop
     vertex -2.307110e-01  2.200000e-01  7.848867e-02
     vertex -2.827111e-01  2.200000e-01 -1.351102e-02
     vertex -2.841743e-01  2.200000e-01 -1.314216e-02
   endloop
 endfacet
 facet normal  0.000000e+00  1.000000e+00  0.000000e+00
   outer loop
     vertex -2.307110e-01  2.200000e-01  7.848867e-02
     vertex -2.841743e-01  2.200000e-01 -1.314216e-02
     vertex -2.856269e-01  2.200000e-01 -1.273330e-02
   endloop
 endfacet
 facet normal  0.000000e+00  1.000000e+00  0.000000e+00
   outer loop
     vertex -2.307110e-01  2.200000e-01  7.848867e-02
     vertex -2.856269e-01  2.200000e-01 -1.273330e-02
     vertex -2.870677e-01  2.200000e-01 -1.228474e-02
   endloop
 endfacet
 facet normal  0.000000e+00  1.000000e+00  0.000000e+00
   outer loop
     vertex -2.307110e-01  2.200000e-01  7.848867e-02
     vertex -2.870677e-01  2.200000e-01 -1.228474e-02
     vertex -2.884956e-01  2.200000e-01 -1.179683e-02
   endloop
 endfacet
 facet normal  0.000000e+00  1.000000e+00  0.000000e+00
   outer loop
     vertex -2.307110e-01  2.200000e-01  7.848867e-02
     vertex -2.884956e-01  2.200000e-01 -1.179683e-02
     vertex -2.899097e-01  2.200000e-01 -1.126992e-02
   endloop
 endfacet
 facet normal  0.000000e+00  1.000000e+00  0.000000e+00
   outer loop
     vertex -2.307110e-01  2.200000e-01  7.848867e-02
     vertex -2.899097e-01  2.200000e-01 -1.126992e-02
     vertex -2.913087e-01  2.200000e-01 -1.070442e-02
   endloop
 endfacet
 facet normal  0.000000e+00  1.000000e+00  0.000000e+00
   outer loop
     vertex -2.307110e-01  2.200000e-01  7.848867e-02
     vertex -2.913087e-01  2.200000e-01 -1.070442e-02
     vertex -2.926917e-01  2.200000e-01 -1.010075e-02
   endloop
 endfacet
 facet normal  0.000000e+00  1.000000e+00  0.000000e+00
   outer loop
     vertex -2.307110e-01  2.200000e-01  7.848867e-02
     vertex -2.926917e-01  2.200000e-01 -1.010075e-02
     vertex -2.940577e-01  2.200000e-01 -9.459371e-03
   endloop
 endfacet
 facet normal  0.000000e+00  1.000000e+00  0.000000e+00
   outer loop
     vertex -2.307110e-01  2.200000e-01  7.848867e-02
     vertex -2.940577e-01  2.200000e-01 -9.459371e-03
     vertex -2.954055e-01  2.200000e-01 -8.780756e-03
   endloop
 endfacet
 facet normal  0.000000e+00  1.000000e+00  0.000000e+00
   outer loop
     vertex -2.307110e-01  2.200000e-01  7.848867e-02
     vertex -2.954055e-01  2.200000e-01 -8.780756e-03
     vertex -2.967342e-01  2.200000e-01 -8.065421e-03
   endloop
 endfacet
 facet normal  0.000000e+00  1.000000e+00  0.000000e+00
   outer loop
     vertex -2.307110e-01  2.200000e-01  7.848867e-02
     vertex -2.967342e-01  2.200000e-01 -8.065421e-03
     vertex -2.980427e-01  2.200000e-01 -7.313904e-03
   endloop
 endfacet
 facet normal  0.000000e+00  1.000000e+00  0.000000e+00
   outer loop
     vertex -2.307110e-01  2.200000e-01  7.848867e-02
     vertex -2.980427e-01  2.200000e-01 -7.313904e-03
     vertex -2.993302e-01  2.200000e-01 -6.526770e-03
   endloop
 endfacet
 facet normal  0.000000e+00  1.000000e+00  0.000000e+00
   outer loop
     vertex -2.307110e-01  2.200000e-01  7.848867e-02
     vertex -2.993302e-01  2.200000e-01 -6.526770e-03
     vertex -3.005956e-01  2.200000e-01 -5.704612e-03
   endloop
 endfacet
 facet normal  0.000000e+00  1.000000e+00  0.000000e+00
   outer loop
     vertex -2.307110e-01  2.200000e-01  7.848867e-02
     vertex -3.005956e-01  2.200000e-01 -5.704612e-03
     vertex -3.018379e-01  2.200000e-01 -4.848050e-03
   endloop
 endfacet
 facet normal  0.000000e+00  1.000000e+00  0.000000e+00
   outer loop
     vertex -2.307110e-01  2.200000e-01  7.848867e-02
     vertex -3.018379e-01  2.200000e-01 -4.848050e-03
     vertex -3.030563e-01  2.200000e-01 -3.957727e-03
   endloop
 endfacet
 facet normal  0.000000e+00  1.000000e+00  0.000000e+00
   outer loop
     vertex -2.307110e-01  2.200000e-01  7.848867e-02
     vertex -3.030563e-01  2.200000e-01 -3.957727e-03
     vertex -3.042498e-01  2.200000e-01 -3.034314e-03
   endloop
 endfacet
 facet normal  0.000000e+00  1.000000e+00  0.000000e+00
   outer loop
     vertex -2.307110e-01  2.200000e-01  7.848867e-02
     vertex -3.042498e-01  2.200000e-01 -3.034314e-03
     vertex -3.054175e-01  2.200000e-01 -2.078506e-03
   endloop
 endfacet
 facet normal  0.000000e+00  1.000000e+00  0.000000e+00
   outer loop
     vertex -2.307110e-01  2.200000e-01  7.848867e-02
     vertex -3.054175e-01  2.200000e-01 -2.078506e-03
     vertex -3.065586e-01  2.200000e-01 -1.091023e-03
   endloop
 endfacet
 facet normal  0.000000e+00  1.000000e+00  0.000000e+00
   outer loop
     vertex -2.307110e-01  2.200000e-01  7.848867e-02
     vertex -3.065586e-01  2.200000e-01 -1.091023e-03
     vertex -3.076721e-01  2.200000e-01 -7.260799e-05
   endloop
 endfacet
 facet normal  0.000000e+00  1.000000e+00  0.000000e+00
   outer loop
     vertex -2.307110e-01  2.200000e-01  7.848867e-02
     vertex -3.076721e-01  2.200000e-01 -7.260799e-05
     vertex -3.087573e-01  2.200000e-01  9.759725e-04
   endloop
 endfacet
 facet normal  0.000000e+00  1.000000e+00  0.000000e+00
   outer loop
     vertex -2.307110e-01  2.200000e-01  7.848867e-02
     vertex -3.087573e-01  2.200000e-01  9.759725e-04
     vertex -3.098133e-01  2.200000e-01  2.053929e-03
   endloop
 endfacet
 facet normal  0.000000e+00  1.000000e+00  0.000000e+00
   outer loop
     vertex -2.307110e-01  2.200000e-01  7.848867e-02
     vertex -3.098133e-01  2.200000e-01  2.053929e-03
     vertex -3.108393e-01  2.200000e-01  3.160450e-03
   endloop
 endfacet
 facet normal  0.000000e+00  1.000000e+00  0.000000e+00
   outer loop
     vertex -2.307110e-01  2.200000e-01  7.848867e-02
     vertex -3.108393e-01  2.200000e-01  3.160450e-03
     vertex -3.118346e-01  2.200000e-01  4.294703e-03
   endloop
 endfacet
 facet normal  0.000000e+00  1.000000e+00  0.000000e+00
   outer loop
     vertex -2.307110e-01  2.200000e-01  7.848867e-02
     vertex -3.118346e-01  2.200000e-01  4.294703e-03
     vertex -3.127984e-01  2.200000e-01  5.455834e-03
   endloop
 endfacet
 facet normal  0.000000e+00  1.000000e+00  0.000000e+00
   outer loop
     vertex -2.307110e-01  2.200000e-01  7.848867e-02
     vertex -3.127984e-01  2.200000e-01  5.455834e-03
     vertex -3.137299e-01  2.200000e-01  6.642968e-03
   endloop
 endfacet
 facet normal  0.000000e+00  1.000000e+00  0.000000e+00
   outer loop
     vertex -2.307110e-01  2.200000e-01  7.848867e-02
     vertex -3.137299e-01  2.200000e-01  6.642968e-03
     vertex -3.146286e-01  2.200000e-01  7.855213e-03
   endloop
 endfacet
 facet normal  0.000000e+00  1.000000e+00  0.000000e+00
   outer loop
     vertex -2.307110e-01  2.200000e-01  7.848867e-02
     vertex -3.146286e-01  2.200000e-01  7.855213e-03
     vertex -3.154937e-01  2.200000e-01  9.091655e-03
   endloop
 endfacet
 facet normal  0.000000e+00  1.000000e+00  0.000000e+00
   outer loop
     vertex -2.307110e-01  2.200000e-01  7.848867e-02
     vertex -3.154937e-01  2.200000e-01  9.091655e-03
     vertex -3.163245e-01  2.200000e-01  1.035136e-02
   endloop
 endfacet
 facet normal  0.000000e+00  1.000000e+00  0.000000e+00
   outer loop
     vertex -2.307110e-01  2.200000e-01  7.848867e-02
     vertex -3.163245e-01  2.200000e-01  1.035136e-02
     vertex -3.171204e-01  2.200000e-01  1.163339e-02
   endloop
 endfacet
 facet normal  0.000000e+00  1.000000e+00  0.000000e+00
   outer loop
     vertex -2.307110e-01  2.200000e-01  7.848867e-02
     vertex -3.171204e-01  2.200000e-01  1.163339e-02
     vertex -3.178809e-01  2.200000e-01  1.293677e-02
   endloop
 endfacet
 facet normal  0.000000e+00  1.000000e+00  0.000000e+00
   outer loop
     vertex -2.307110e-01  2.200000e-01  7.848867e-02
     vertex -3.178809e-01  2.200000e-01  1.293677e-02
     vertex -3.186053e-01  2.200000e-01  1.426053e-02
   endloop
 endfacet
 facet normal  0.000000e+00  1.000000e+00  0.000000e+00
   outer loop
     vertex -2.307110e-01  2.200000e-01  7.848867e-02
     vertex -3.186053e-01  2.200000e-01  1.426053e-02
     vertex -3.192932e-01  2.200000e-01  1.560366e-02
   endloop
 endfacet
 facet normal  0.000000e+00  1.000000e+00  0.000000e+00
   outer loop
     vertex -2.307110e-01  2.200000e-01  7.848867e-02
     vertex -3.192932e-01  2.200000e-01  1.560366e-02
     vertex -3.199439e-01  2.200000e-01  1.696515e-02
   endloop
 endfacet
 facet normal  0.000000e+00  1.000000e+00  0.000000e+00
   outer loop
     vertex -2.307110e-01  2.200000e-01  7.848867e-02
     vertex -3.199439e-01  2.200000e-01  1.696515e-02
     vertex -3.205571e-01  2.200000e-01  1.834398e-02
   endloop
 endfacet
 facet normal  0.000000e+00  1.000000e+00  0.000000e+00
   outer loop
     vertex -2.307110e-01  2.200000e-01  7.848867e-02
     vertex -3.205571e-01  2.200000e-01  1.834398e-02
     vertex -3.211321e-01  2.200000e-01  1.973912e-02
   endloop
 endfacet
 facet normal  0.000000e+00  1.000000e+00  0.000000e+00
   outer loop
     vertex -2.307110e-01  2.200000e-01  7.848867e-02
     vertex -3.211321e-01  2.200000e-01  1.973912e-02
     vertex -3.216687e-01  2.200000e-01  2.114951e-02
   endloop
 endfacet
 facet normal  0.000000e+00  1.000000e+00  0.000000e+00
   outer loop
     vertex -2.307110e-01  2.200000e-01  7.848867e-02
     vertex -3.216687e-01  2.200000e-01  2.114951e-02
     vertex -3.221664e-01  2.200000e-01  2.257408e-02
   endloop
 endfacet
 facet normal  0.000000e+00  1.000000e+00  0.000000e+00
   outer loop
     vertex -2.307110e-01  2.200000e-01  7.848867e-02
     vertex -3.221664e-01  2.200000e-01  2.257408e-02
     vertex -3.226249e-01  2.200000e-01  2.401178e-02
   endloop
 endfacet
 facet normal  0.000000e+00  1.000000e+00  0.000000e+00
   outer loop
     vertex -2.307110e-01  2.200000e-01  7.848867e-02
     vertex -3.226249e-01  2.200000e-01  2.401178e-02
     vertex -3.230437e-01  2.200000e-01  2.546151e-02
   endloop
 endfacet
 facet normal  0.000000e+00  1.000000e+00  0.000000e+00
   outer loop
     vertex -2.307110e-01  2.200000e-01  7.848867e-02
     vertex -3.230437e-01  2.200000e-01  2.546151e-02
     vertex -3.234226e-01  2.200000e-01  2.692219e-02
   endloop
 endfacet
 facet normal  0.000000e+00  1.000000e+00  0.000000e+00
   outer loop
     vertex -2.307110e-01  2.200000e-01  7.848867e-02
     vertex -3.234226e-01  2.200000e-01  2.692219e-02
     vertex -3.237612e-01  2.200000e-01  2.839271e-02
   endloop
 endfacet
 facet normal  0.000000e+00  1.000000e+00  0.000000e+00
   outer loop
     vertex -2.307110e-01  2.200000e-01  7.848867e-02
     vertex -3.237612e-01  2.200000e-01  2.839271e-02
     vertex -3.240594e-01  2.200000e-01  2.987196e-02
   endloop
 endfacet
 facet normal  0.000000e+00  1.000000e+00  0.000000e+00
   outer loop
     vertex -2.307110e-01  2.200000e-01  7.848867e-02
     vertex -3.240594e-01  2.200000e-01  2.987196e-02
     vertex -3.243169e-01  2.200000e-01  3.135884e-02
   endloop
 endfacet
 facet normal  0.000000e+00  1.000000e+00  0.000000e+00
   outer loop
     vertex -2.307110e-01  2.200000e-01  7.848867e-02
     vertex -3.243169e-01  2.200000e-01  3.135884e-02
     vertex -3.245336e-01  2.200000e-01  3.285223e-02
   endloop
 endfacet
 facet normal  0.000000e+00  1.000000e+00  0.000000e+00
   outer loop
     vertex -2.307110e-01  2.200000e-01  7.848867e-02
     vertex -3.245336e-01  2.200000e-01  3.285223e-02
     vertex -3.247091e-01  2.200000e-01  3.435100e-02
   endloop
 endfacet
 facet normal  0.000000e+00  1.000000e+00  0.000000e+00
   outer loop
     vertex -2.307110e-01  2.200000e-01  7.848867e-02
     vertex -3.247091e-01  2.200000e-01  3.435100e-02
     vertex -3.248435e-01  2.200000e-01  3.585402e-02
   endloop
 endfacet
 facet normal  0.000000e+00  1.000000e+00  0.000000e+00
   outer loop
     vertex -2.307110e-01  2.200000e-01  7.848867e-02
     vertex -3.248435e-01  2.200000e-01  3.585402e-02
     vertex -3.249366e-01  2.200000e-01  3.736016e-02
   endloop
 endfacet
 facet normal  0.000000e+00  1.000000e+00  0.000000e+00
   outer loop
     vertex -2.307110e-01  2.200000e-01  7.848867e-02
     vertex -3.249366e-01  2.200000e-01  3.736016e-02
     vertex -3.249884e-01  2.200000e-01  3.886828e-02
   endloop
 endfacet
 facet normal  0.000000e+00  1.000000e+00  0.000000e+00
   outer loop
     vertex -2.307110e-01  2.200000e-01  7.848867e-02
     vertex -3.249884e-01  2.200000e-01  3.886828e-02
     vertex -3.249987e-01  2.200000e-01  4.037726e-02
   endloop
 endfacet
 facet normal  0.000000e+00  1.000000e+00  0.000000e+00
   outer loop
     vertex -2.307110e-01  2.200000e-01  7.848867e-02
     vertex -3.249987e-01  2.200000e-01  4.037726e-02
     vertex -3.249677e-01  2.200000e-01  4.188596e-02
   endloop
 endfacet
 facet normal  0.000000e+00  1.000000e+00  0.000000e+00
   outer loop
     vertex -2.307110e-01  2.200000e-01  7.848867e-02
     vertex -3.249677e-01  2.200000e-01  4.188596e-02
     vertex -3.248952e-01  2.200000e-01  4.339323e-02
   endloop
 endfacet
 facet normal  0.000000e+00  1.000000e+00  0.000000e+00
   outer loop
     vertex -2.307110e-01  2.200000e-01  7.848867e-02
     vertex -3.248952e-01  2.200000e-01  4.339323e-02
     vertex -3.247815e-01  2.200000e-01  4.489795e-02
   endloop
 endfacet
 facet normal  0.000000e+00  1.000000e+00  0.000000e+00
   outer loop
     vertex -2.307110e-01  2.200000e-01  7.848867e-02
     vertex -3.247815e-01  2.200000e-01  4.489795e-02
     vertex -3.246265e-01  2.200000e-01  4.639899e-02
   endloop
 endfacet
 facet normal  0.000000e+00  1.000000e+00  0.000000e+00
   outer loop
     vertex -2.307110e-01  2.200000e-01  7.848867e-02
     vertex -3.246265e-01  2.200000e-01  4.639899e-02
     vertex -3.244304e-01  2.200000e-01  4.789521e-02
   endloop
 endfacet
 facet normal  0.000000e+00  1.000000e+00  0.000000e+00
   outer loop
     vertex -2.307110e-01  2.200000e-01  7.848867e-02
     vertex -3.244304e-01  2.200000e-01  4.789521e-02
     vertex -3.241933e-01  2.200000e-01  4.938548e-02
   endloop
 endfacet
 facet normal  0.000000e+00  1.000000e+00  0.000000e+00
   outer loop
     vertex -2.307110e-01  2.200000e-01  7.848867e-02
     vertex -3.241933e-01  2.200000e-01  4.938548e-02
     vertex -3.239154e-01  2.200000e-01  5.086869e-02
   endloop
 endfacet
 facet normal  0.000000e+00  1.000000e+00  0.000000e+00
   outer loop
     vertex -2.307110e-01  2.200000e-01  7.848867e-02
     vertex -3.239154e-01  2.200000e-01  5.086869e-02
     vertex -3.235969e-01  2.200000e-01  5.234372e-02
   endloop
 endfacet
 facet normal  0.000000e+00  1.000000e+00  0.000000e+00
   outer loop
     vertex -2.307110e-01  2.200000e-01  7.848867e-02
     vertex -3.235969e-01  2.200000e-01  5.234372e-02
     vertex -3.232381e-01  2.200000e-01  5.380945e-02
   endloop
 endfacet
 facet normal  0.000000e+00  1.000000e+00  0.000000e+00
   outer loop
     vertex -2.307110e-01  2.200000e-01  7.848867e-02
     vertex -3.232381e-01  2.200000e-01  5.380945e-02
     vertex -3.228392e-01  2.200000e-01  5.526479e-02
   endloop
 endfacet
 facet normal  0.000000e+00  1.000000e+00  0.000000e+00
   outer loop
     vertex -2.307110e-01  2.200000e-01  7.848867e-02
     vertex -3.228392e-01  2.200000e-01  5.526479e-02
     vertex -3.224006e-01  2.200000e-01  5.670864e-02
   endloop
 endfacet
 facet normal  0.000000e+00  1.000000e+00  0.000000e+00
   outer loop
     vertex -2.307110e-01  2.200000e-01  7.848867e-02
     vertex -3.224006e-01  2.200000e-01  5.670864e-02
     vertex -3.219225e-01  2.200000e-01  5.813991e-02
   endloop
 endfacet
 facet normal  0.000000e+00  1.000000e+00  0.000000e+00
   outer loop
     vertex -2.307110e-01  2.200000e-01  7.848867e-02
     vertex -3.208494e-01  2.200000e-01  6.096042e-02
     vertex -3.202552e-01  2.200000e-01  6.234754e-02
   endloop
 endfacet
 facet normal  0.000000e+00  1.000000e+00  0.000000e+00
   outer loop
     vertex -2.307110e-01  2.200000e-01  7.848867e-02
     vertex -3.202552e-01  2.200000e-01  6.234754e-02
     vertex -3.196232e-01  2.200000e-01  6.371783e-02
   endloop
 endfacet
 facet normal  0.000000e+00  1.000000e+00  0.000000e+00
   outer loop
     vertex -2.307110e-01  2.200000e-01  7.848867e-02
     vertex -3.196232e-01  2.200000e-01  6.371783e-02
     vertex -3.189539e-01  2.200000e-01  6.507027e-02
   endloop
 endfacet
 facet normal  0.000000e+00  1.000000e+00  0.000000e+00
   outer loop
     vertex -2.307110e-01  2.200000e-01  7.848867e-02
     vertex -3.189539e-01  2.200000e-01  6.507027e-02
     vertex -3.182477e-01  2.200000e-01  6.640384e-02
   endloop
 endfacet
 facet normal  0.000000e+00  1.000000e+00  0.000000e+00
   outer loop
     vertex -2.307110e-01  2.200000e-01  7.848867e-02
     vertex -3.182477e-01  2.200000e-01  6.640384e-02
     vertex -3.175051e-01  2.200000e-01  6.771753e-02
   endloop
 endfacet
 facet normal  0.000000e+00  1.000000e+00  0.000000e+00
   outer loop
     vertex -2.307110e-01  2.200000e-01  7.848867e-02
     vertex -3.175051e-01  2.200000e-01  6.771753e-02
     vertex -3.167269e-01  2.200000e-01  6.901035e-02
   endloop
 endfacet
 facet normal  0.000000e+00  1.000000e+00  0.000000e+00
   outer loop
     vertex -2.307110e-01  2.200000e-01  7.848867e-02
     vertex -3.167269e-01  2.200000e-01  6.901035e-02
     vertex -3.159134e-01  2.200000e-01  7.028134e-02
   endloop
 endfacet
 facet normal  0.000000e+00  1.000000e+00  0.000000e+00
   outer loop
     vertex -2.307110e-01  2.200000e-01  7.848867e-02
     vertex -3.159134e-01  2.200000e-01  7.028134e-02
     vertex -3.150654e-01  2.200000e-01  7.152953e-02
   endloop
 endfacet
 facet normal  0.000000e+00  1.000000e+00  0.000000e+00
   outer loop
     vertex -2.307110e-01  2.200000e-01  7.848867e-02
     vertex -3.150654e-01  2.200000e-01  7.152953e-02
     vertex -3.141834e-01  2.200000e-01  7.275399e-02
   endloop
 endfacet
 facet normal  0.000000e+00  1.000000e+00  0.000000e+00
   outer loop
     vertex -2.307110e-01  2.200000e-01  7.848867e-02
     vertex -3.141834e-01  2.200000e-01  7.275399e-02
     vertex -3.132682e-01  2.200000e-01  7.395379e-02
   endloop
 endfacet
 facet normal  0.000000e+00  1.000000e+00  0.000000e+00
   outer loop
     vertex -2.307110e-01  2.200000e-01  7.848867e-02
     vertex -3.113408e-01  2.200000e-01  7.627584e-02
     vertex -3.103301e-01  2.200000e-01  7.739633e-02
   endloop
 endfacet
 facet normal  0.000000e+00  1.000000e+00  0.000000e+00
   outer loop
     vertex -2.307110e-01  2.200000e-01  7.848867e-02
     vertex -3.103301e-01  2.200000e-01  7.739633e-02
     vertex -3.092890e-01  2.200000e-01  7.848867e-02
   endloop
 endfacet
 facet normal  0.000000e+00  1.000000e+00  0.000000e+00
   outer loop
     vertex -2.307110e-01  2.200000e-01  7.848867e-02
     vertex -3.092890e-01  2.200000e-01  7.848867e-02
     vertex -3.082183e-01  2.200000e-01  7.955204e-02
   endloop
 endfacet
 facet normal  0.000000e+00  1.000000e+00  0.000000e+00
   outer loop
     vertex -2.307110e-01  2.200000e-01  7.848867e-02
     vertex -3.082183e-01  2.200000e-01  7.955204e-02
     vertex -3.071188e-01  2.200000e-01  8.058563e-02
   endloop
 endfacet
 facet normal  0.000000e+00  1.000000e+00  0.000000e+00
   outer loop
     vertex -2.307110e-01  2.200000e-01  7.848867e-02
     vertex -3.012197e-01  2.200000e-01  8.528059e-02
     vertex -2.999657e-01  2.200000e-01  8.612003e-02
   endloop
 endfacet
 facet normal  0.000000e+00  1.000000e+00  0.000000e+00
   outer loop
     vertex -2.307110e-01  2.200000e-01  7.848867e-02
     vertex -2.920023e-01  2.200000e-01  9.040733e-02
     vertex -2.906111e-01  2.200000e-01  9.099197e-02
   endloop
 endfacet
 facet normal  0.000000e+00  1.000000e+00  0.000000e+00
   outer loop
     vertex -2.307110e-01  2.200000e-01  7.848867e-02
     vertex -2.863488e-01  2.200000e-01  9.251396e-02
     vertex -2.849020e-01  2.200000e-01  9.294271e-02
   endloop
 endfacet
 facet normal  0.000000e+00  1.000000e+00  0.000000e+00
   outer loop
     vertex -2.307110e-01  2.200000e-01  7.848867e-02
     vertex -2.849020e-01  2.200000e-01  9.294271e-02
     vertex -2.834439e-01  2.200000e-01  9.333161e-02
   endloop
 endfacet
 facet normal  0.000000e+00  1.000000e+00  0.000000e+00
   outer loop
     vertex -2.307110e-01  2.200000e-01  7.848867e-02
     vertex -2.834439e-01  2.200000e-01  9.333161e-02
     vertex -2.819758e-01  2.200000e-01  9.368036e-02
   endloop
 endfacet
 facet normal  0.000000e+00  1.000000e+00  0.000000e+00
   outer loop
     vertex -2.307110e-01  2.200000e-01  7.848867e-02
     vertex -2.819758e-01  2.200000e-01  9.368036e-02
     vertex -2.804986e-01  2.200000e-01  9.398870e-02
   endloop
 endfacet
 facet normal  0.000000e+00  1.000000e+00  0.000000e+00
   outer loop
     vertex -2.307110e-01  2.200000e-01  7.848867e-02
     vertex -2.775217e-01  2.200000e-01  9.448325e-02
     vertex -2.760241e-01  2.200000e-01  9.466909e-02
   endloop
 endfacet
 facet normal  0.000000e+00  1.000000e+00  0.000000e+00
   outer loop
     vertex -2.307110e-01  2.200000e-01  7.848867e-02
     vertex -2.760241e-01  2.200000e-01  9.466909e-02
     vertex -2.745221e-01  2.200000e-01  9.481378e-02
   endloop
 endfacet
 facet normal  0.000000e+00  1.000000e+00  0.000000e+00
   outer loop
     vertex -2.307110e-01  2.200000e-01  7.848867e-02
     vertex -2.715089e-01  2.200000e-01  9.497930e-02
     vertex -2.700000e-01  2.200000e-01  9.500000e-02
   endloop
 endfacet
 facet normal  0.000000e+00  1.000000e+00  0.000000e+00
   outer loop
     vertex -2.307110e-01  2.200000e-01  7.848867e-02
     vertex -3.036562e-01  2.200000e-01  8.350011e-02
     vertex -3.012197e-01  2.200000e-01  8.528059e-02
   endloop
 endfacet
 facet normal  0.000000e+00  1.000000e+00  0.000000e+00
   outer loop
     vertex -2.307110e-01  2.200000e-01  7.848867e-02
     vertex -2.973910e-01  2.200000e-01  8.769415e-02
     vertex -2.947339e-01  2.200000e-01  8.912469e-02
   endloop
 endfacet
 facet normal  0.000000e+00  1.000000e+00  0.000000e+00
   outer loop
     vertex -2.307110e-01  2.200000e-01  7.848867e-02
     vertex -2.906111e-01  2.200000e-01  9.099197e-02
     vertex -2.863488e-01  2.200000e-01  9.251396e-02
   endloop
 endfacet
 facet normal  0.000000e+00  1.000000e+00  0.000000e+00
   outer loop
     vertex -2.307110e-01  2.200000e-01  7.848867e-02
     vertex -2.947339e-01  2.200000e-01  8.912469e-02
     vertex -2.920023e-01  2.200000e-01  9.040733e-02
   endloop
 endfacet
 facet normal  0.000000e+00  1.000000e+00  0.000000e+00
   outer loop
     vertex -2.307110e-01  2.200000e-01  7.848867e-02
     vertex -2.745221e-01  2.200000e-01  9.481378e-02
     vertex -2.715089e-01  2.200000e-01  9.497930e-02
   endloop
 endfacet
 facet normal  0.000000e+00  1.000000e+00  0.000000e+00
   outer loop
     vertex -2.307110e-01  2.200000e-01  7.848867e-02
     vertex -2.999657e-01  2.200000e-01  8.612003e-02
     vertex -2.973910e-01  2.200000e-01  8.769415e-02
   endloop
 endfacet
 facet normal  0.000000e+00  1.000000e+00  0.000000e+00
   outer loop
     vertex -2.307110e-01  2.200000e-01  7.848867e-02
     vertex -3.219225e-01  2.200000e-01  5.813991e-02
     vertex -3.208494e-01  2.200000e-01  6.096042e-02
   endloop
 endfacet
 facet normal  0.000000e+00  1.000000e+00  0.000000e+00
   outer loop
     vertex -2.307110e-01  2.200000e-01  7.848867e-02
     vertex -3.071188e-01  2.200000e-01  8.058563e-02
     vertex -3.036562e-01  2.200000e-01  8.350011e-02
   endloop
 endfacet
 facet normal  0.000000e+00  1.000000e+00  0.000000e+00
   outer loop
     vertex -2.307110e-01  2.200000e-01  7.848867e-02
     vertex -2.466231e-01  2.200000e-01  8.978475e-02
     vertex -2.439277e-01  2.200000e-01  8.842765e-02
   endloop
 endfacet
 facet normal  0.000000e+00  1.000000e+00  0.000000e+00
   outer loop
     vertex -2.307110e-01  2.200000e-01  7.848867e-02
     vertex -3.132682e-01  2.200000e-01  7.395379e-02
     vertex -3.113408e-01  2.200000e-01  7.627584e-02
   endloop
 endfacet
 facet normal  0.000000e+00  1.000000e+00  0.000000e+00
   outer loop
     vertex -2.307110e-01  2.200000e-01  7.848867e-02
     vertex -2.400343e-01  2.200000e-01  8.612003e-02
     vertex -2.363438e-01  2.200000e-01  8.350011e-02
   endloop
 endfacet
 facet normal  0.000000e+00  1.000000e+00  0.000000e+00
   outer loop
     vertex -2.307110e-01  2.200000e-01  7.848867e-02
     vertex -2.624783e-01  2.200000e-01  9.448325e-02
     vertex -2.595014e-01  2.200000e-01  9.398870e-02
   endloop
 endfacet
 facet normal  0.000000e+00  1.000000e+00  0.000000e+00
   outer loop
     vertex -2.307110e-01  2.200000e-01  7.848867e-02
     vertex -2.296699e-01  2.200000e-01  7.739633e-02
     vertex -2.276795e-01  2.200000e-01  7.512804e-02
   endloop
 endfacet
 facet normal  0.000000e+00  1.000000e+00  0.000000e+00
   outer loop
     vertex -2.307110e-01  2.200000e-01  7.848867e-02
     vertex -2.200561e-01  2.200000e-01  1.696515e-02
     vertex -2.213947e-01  2.200000e-01  1.426053e-02
   endloop
 endfacet
 facet normal  0.000000e+00  1.000000e+00  0.000000e+00
   outer loop
     vertex -2.307110e-01  2.200000e-01  7.848867e-02
     vertex -2.804986e-01  2.200000e-01  9.398870e-02
     vertex -2.775217e-01  2.200000e-01  9.448325e-02
   endloop
 endfacet
 facet normal  0.000000e+00  1.000000e+00  0.000000e+00
   outer loop
     vertex -2.307110e-01  2.200000e-01  7.848867e-02
     vertex -2.267318e-01  2.200000e-01  7.395379e-02
     vertex -2.249346e-01  2.200000e-01  7.152953e-02
   endloop
 endfacet
 facet normal  0.000000e+00 -1.000000e+00  0.000000e+00
   outer loop
     vertex  2.240866e-01 -2.200000e-01  7.028134e-02
     vertex  2.224949e-01 -2.200000e-01  6.771753e-02
     vertex  2.217523e-01 -2.200000e-01  6.640384e-02
   endloop
 endfacet
 facet normal  0.000000e+00 -1.000000e+00  0.000000e+00
   outer loop
     vertex  2.240866e-01 -2.200000e-01  7.028134e-02
     vertex  2.232731e-01 -2.200000e-01  6.901035e-02
     vertex  2.224949e-01 -2.200000e-01  6.771753e-02
   endloop
 endfacet
 facet normal  0.000000e+00 -1.000000e+00  0.000000e+00
   outer loop
     vertex  2.286592e-01 -2.200000e-01  7.627584e-02
     vertex  2.276795e-01 -2.200000e-01  7.512804e-02
     vertex  2.267318e-01 -2.200000e-01  7.395379e-02
   endloop
 endfacet
 facet normal  0.000000e+00 -1.000000e+00  0.000000e+00
   outer loop
     vertex  2.387803e-01 -2.200000e-01  8.528059e-02
     vertex  2.375498e-01 -2.200000e-01  8.440707e-02
     vertex  2.363438e-01 -2.200000e-01  8.350011e-02
   endloop
 endfacet
 facet normal  0.000000e+00 -1.000000e+00  0.000000e+00
   outer loop
     vertex  2.413108e-01 -2.200000e-01  8.692475e-02
     vertex  2.400343e-01 -2.200000e-01  8.612003e-02
     vertex  2.387803e-01 -2.200000e-01  8.528059e-02
   endloop
 endfacet
 facet normal  0.000000e+00 -1.000000e+00  0.000000e+00
   outer loop
     vertex  2.479977e-01 -2.200000e-01  9.040733e-02
     vertex  2.466231e-01 -2.200000e-01  8.978475e-02
     vertex  2.452661e-01 -2.200000e-01  8.912469e-02
   endloop
 endfacet
 facet normal  0.000000e+00 -1.000000e+00  0.000000e+00
   outer loop
     vertex  2.522167e-01 -2.200000e-01  9.204568e-02
     vertex  2.507955e-01 -2.200000e-01  9.153823e-02
     vertex  2.493889e-01 -2.200000e-01  9.099197e-02
   endloop
 endfacet
 facet normal  0.000000e+00 -1.000000e+00  0.000000e+00
   outer loop
     vertex  2.609865e-01 -2.200000e-01  9.425639e-02
     vertex  2.595014e-01 -2.200000e-01  9.398870e-02
     vertex  2.580242e-01 -2.200000e-01  9.368036e-02
   endloop
 endfacet
 facet normal  0.000000e+00 -1.000000e+00  0.000000e+00
   outer loop
     vertex  2.684911e-01 -2.200000e-01  9.497930e-02
     vertex  2.669834e-01 -2.200000e-01  9.491721e-02
     vertex  2.654779e-01 -2.200000e-01  9.481378e-02
   endloop
 endfacet
 facet normal  0.000000e+00 -1.000000e+00  0.000000e+00
   outer loop
     vertex  2.804986e-01 -2.200000e-01  9.398870e-02
     vertex  2.775217e-01 -2.200000e-01  9.448325e-02
     vertex  2.760241e-01 -2.200000e-01  9.466909e-02
   endloop
 endfacet
 facet normal  0.000000e+00 -1.000000e+00  0.000000e+00
   outer loop
     vertex  2.804986e-01 -2.200000e-01  9.398870e-02
     vertex  2.790135e-01 -2.200000e-01  9.425639e-02
     vertex  2.775217e-01 -2.200000e-01  9.448325e-02
   endloop
 endfacet
 facet normal  0.000000e+00 -1.000000e+00  0.000000e+00
   outer loop
     vertex  3.196232e-01 -2.200000e-01  6.371783e-02
     vertex  3.208494e-01 -2.200000e-01  6.096042e-02
     vertex  3.202552e-01 -2.200000e-01  6.234754e-02
   endloop
 endfacet
 facet normal  0.000000e+00 -1.000000e+00  0.000000e+00
   outer loop
     vertex  2.986892e-01 -2.200000e-01  8.692475e-02
     vertex  2.947339e-01 -2.200000e-01  8.912469e-02
     vertex  2.933769e-01 -2.200000e-01  8.978475e-02
   endloop
 endfacet
 facet normal  0.000000e+00 -1.000000e+00  0.000000e+00
   outer loop
     vertex  2.986892e-01 -2.200000e-01  8.692475e-02
     vertex  2.960723e-01 -2.200000e-01  8.842765e-02
     vertex  2.947339e-01 -2.200000e-01  8.912469e-02
   endloop
 endfacet
 facet normal  0.000000e+00 -1.000000e+00  0.000000e+00
   outer loop
     vertex  2.986892e-01 -2.200000e-01  8.692475e-02
     vertex  2.973910e-01 -2.200000e-01  8.769415e-02
     vertex  2.960723e-01 -2.200000e-01  8.842765e-02
   endloop
 endfacet
 facet normal  0.000000e+00 -1.000000e+00  0.000000e+00
   outer loop
     vertex  3.048369e-01 -2.200000e-01  8.256042e-02
     vertex  3.036562e-01 -2.200000e-01  8.350011e-02
     vertex  3.024502e-01 -2.200000e-01  8.440707e-02
   endloop
 endfacet
 facet normal  0.000000e+00 -1.000000e+00  0.000000e+00
   outer loop
     vertex  3.123205e-01 -2.200000e-01  7.512804e-02
     vertex  3.141834e-01 -2.200000e-01  7.275399e-02
     vertex  3.132682e-01 -2.200000e-01  7.395379e-02
   endloop
 endfacet
 facet normal  0.000000e+00 -1.000000e+00  0.000000e+00
   outer loop
     vertex  3.123205e-01 -2.200000e-01  7.512804e-02
     vertex  3.150654e-01 -2.200000e-01  7.152953e-02
     vertex  3.141834e-01 -2.200000e-01  7.275399e-02
   endloop
 endfacet
 facet normal  0.000000e+00 -1.000000e+00  0.000000e+00
   outer loop
     vertex  3.059914e-01 -2.200000e-01  8.158868e-02
     vertex  3.048369e-01 -2.200000e-01  8.256042e-02
     vertex  3.024502e-01 -2.200000e-01  8.440707e-02
   endloop
 endfacet
 facet normal  0.000000e+00 -1.000000e+00  0.000000e+00
   outer loop
     vertex  3.092890e-01 -2.200000e-01  7.848867e-02
     vertex  2.715089e-01 -2.200000e-01  9.497930e-02
     vertex  2.700000e-01 -2.200000e-01  9.500000e-02
   endloop
 endfacet
 facet normal  0.000000e+00 -1.000000e+00  0.000000e+00
   outer loop
     vertex  3.092890e-01 -2.200000e-01  7.848867e-02
     vertex  2.730166e-01 -2.200000e-01  9.491721e-02
     vertex  2.715089e-01 -2.200000e-01  9.497930e-02
   endloop
 endfacet
 facet normal  0.000000e+00 -1.000000e+00  0.000000e+00
   outer loop
     vertex  3.092890e-01 -2.200000e-01  7.848867e-02
     vertex  2.745221e-01 -2.200000e-01  9.481378e-02
     vertex  2.730166e-01 -2.200000e-01  9.491721e-02
   endloop
 endfacet
 facet normal  0.000000e+00 -1.000000e+00  0.000000e+00
   outer loop
     vertex  3.092890e-01 -2.200000e-01  7.848867e-02
     vertex  2.760241e-01 -2.200000e-01  9.466909e-02
     vertex  2.745221e-01 -2.200000e-01  9.481378e-02
   endloop
 endfacet
 facet normal  0.000000e+00 -1.000000e+00  0.000000e+00
   outer loop
     vertex  3.092890e-01 -2.200000e-01  7.848867e-02
     vertex  2.819758e-01 -2.200000e-01  9.368036e-02
     vertex  2.804986e-01 -2.200000e-01  9.398870e-02
   endloop
 endfacet
 facet normal  0.000000e+00 -1.000000e+00  0.000000e+00
   outer loop
     vertex  3.092890e-01 -2.200000e-01  7.848867e-02
     vertex  2.834439e-01 -2.200000e-01  9.333161e-02
     vertex  2.819758e-01 -2.200000e-01  9.368036e-02
   endloop
 endfacet
 facet normal  0.000000e+00 -1.000000e+00  0.000000e+00
   outer loop
     vertex  3.092890e-01 -2.200000e-01  7.848867e-02
     vertex  2.849020e-01 -2.200000e-01  9.294271e-02
     vertex  2.834439e-01 -2.200000e-01  9.333161e-02
   endloop
 endfacet
 facet normal  0.000000e+00 -1.000000e+00  0.000000e+00
   outer loop
     vertex  3.092890e-01 -2.200000e-01  7.848867e-02
     vertex  2.863488e-01 -2.200000e-01  9.251396e-02
     vertex  2.849020e-01 -2.200000e-01  9.294271e-02
   endloop
 endfacet
 facet normal  0.000000e+00 -1.000000e+00  0.000000e+00
   outer loop
     vertex  3.092890e-01 -2.200000e-01  7.848867e-02
     vertex  2.877833e-01 -2.200000e-01  9.204568e-02
     vertex  2.863488e-01 -2.200000e-01  9.251396e-02
   endloop
 endfacet
 facet normal  0.000000e+00 -1.000000e+00  0.000000e+00
   outer loop
     vertex  3.092890e-01 -2.200000e-01  7.848867e-02
     vertex  2.892045e-01 -2.200000e-01  9.153823e-02
     vertex  2.877833e-01 -2.200000e-01  9.204568e-02
   endloop
 endfacet
 facet normal  0.000000e+00 -1.000000e+00  0.000000e+00
   outer loop
     vertex  3.092890e-01 -2.200000e-01  7.848867e-02
     vertex  2.906111e-01 -2.200000e-01  9.099197e-02
     vertex  2.892045e-01 -2.200000e-01  9.153823e-02
   endloop
 endfacet
 facet normal  0.000000e+00 -1.000000e+00  0.000000e+00
   outer loop
     vertex  3.092890e-01 -2.200000e-01  7.848867e-02
     vertex  2.920023e-01 -2.200000e-01  9.040733e-02
     vertex  2.906111e-01 -2.200000e-01  9.099197e-02
   endloop
 endfacet
 facet normal  0.000000e+00 -1.000000e+00  0.000000e+00
   outer loop
     vertex  3.092890e-01 -2.200000e-01  7.848867e-02
     vertex  2.933769e-01 -2.200000e-01  8.978475e-02
     vertex  2.920023e-01 -2.200000e-01  9.040733e-02
   endloop
 endfacet
 facet normal  0.000000e+00 -1.000000e+00  0.000000e+00
   outer loop
     vertex  3.092890e-01 -2.200000e-01  7.848867e-02
     vertex  2.999657e-01 -2.200000e-01  8.612003e-02
     vertex  2.986892e-01 -2.200000e-01  8.692475e-02
   endloop
 endfacet
 facet normal  0.000000e+00 -1.000000e+00  0.000000e+00
   outer loop
     vertex  3.092890e-01 -2.200000e-01  7.848867e-02
     vertex  3.012197e-01 -2.200000e-01  8.528059e-02
     vertex  2.999657e-01 -2.200000e-01  8.612003e-02
   endloop
 endfacet
 facet normal  0.000000e+00 -1.000000e+00  0.000000e+00
   outer loop
     vertex  3.092890e-01 -2.200000e-01  7.848867e-02
     vertex  3.024502e-01 -2.200000e-01  8.440707e-02
     vertex  3.012197e-01 -2.200000e-01  8.528059e-02
   endloop
 endfacet
 facet normal  0.000000e+00 -1.000000e+00  0.000000e+00
   outer loop
     vertex  3.092890e-01 -2.200000e-01  7.848867e-02
     vertex  3.071188e-01 -2.200000e-01  8.058563e-02
     vertex  3.059914e-01 -2.200000e-01  8.158868e-02
   endloop
 endfacet
 facet normal  0.000000e+00 -1.000000e+00  0.000000e+00
   outer loop
     vertex  3.092890e-01 -2.200000e-01  7.848867e-02
     vertex  3.082183e-01 -2.200000e-01  7.955204e-02
     vertex  3.071188e-01 -2.200000e-01  8.058563e-02
   endloop
 endfacet
 facet normal  0.000000e+00 -1.000000e+00  0.000000e+00
   outer loop
     vertex  3.092890e-01 -2.200000e-01  7.848867e-02
     vertex  3.113408e-01 -2.200000e-01  7.627584e-02
     vertex  3.103301e-01 -2.200000e-01  7.739633e-02
   endloop
 endfacet
 facet normal  0.000000e+00 -1.000000e+00  0.000000e+00
   outer loop
     vertex  3.092890e-01 -2.200000e-01  7.848867e-02
     vertex  3.123205e-01 -2.200000e-01  7.512804e-02
     vertex  3.113408e-01 -2.200000e-01  7.627584e-02
   endloop
 endfacet
 facet normal  0.000000e+00 -1.000000e+00  0.000000e+00
   outer loop
     vertex  3.092890e-01 -2.200000e-01  7.848867e-02
     vertex  3.159134e-01 -2.200000e-01  7.028134e-02
     vertex  3.150654e-01 -2.200000e-01  7.152953e-02
   endloop
 endfacet
 facet normal  0.000000e+00 -1.000000e+00  0.000000e+00
   outer loop
     vertex  3.092890e-01 -2.200000e-01  7.848867e-02
     vertex  3.167269e-01 -2.200000e-01  6.901035e-02
     vertex  3.159134e-01 -2.200000e-01  7.028134e-02
   endloop
 endfacet
 facet normal  0.000000e+00 -1.000000e+00  0.000000e+00
   outer loop
     vertex  3.092890e-01 -2.200000e-01  7.848867e-02
     vertex  3.175051e-01 -2.200000e-01  6.771753e-02
     vertex  3.167269e-01 -2.200000e-01  6.901035e-02
   endloop
 endfacet
 facet normal  0.000000e+00 -1.000000e+00  0.000000e+00
   outer loop
     vertex  3.092890e-01 -2.200000e-01  7.848867e-02
     vertex  3.182477e-01 -2.200000e-01  6.640384e-02
     vertex  3.175051e-01 -2.200000e-01  6.771753e-02
   endloop
 endfacet
 facet normal  0.000000e+00 -1.000000e+00  0.000000e+00
   outer loop
     vertex  3.092890e-01 -2.200000e-01  7.848867e-02
     vertex  3.189539e-01 -2.200000e-01  6.507027e-02
     vertex  3.182477e-01 -2.200000e-01  6.640384e-02
   endloop
 endfacet
 facet normal  0.000000e+00 -1.000000e+00  0.000000e+00
   outer loop
     vertex  3.092890e-01 -2.200000e-01  7.848867e-02
     vertex  3.196232e-01 -2.200000e-01  6.371783e-02
     vertex  3.189539e-01 -2.200000e-01  6.507027e-02
   endloop
 endfacet
 facet normal  0.000000e+00 -1.000000e+00  0.000000e+00
   outer loop
     vertex  3.092890e-01 -2.200000e-01  7.848867e-02
     vertex  3.214053e-01 -2.200000e-01  5.955753e-02
     vertex  3.208494e-01 -2.200000e-01  6.096042e-02
   endloop
 endfacet
 facet normal  0.000000e+00 -1.000000e+00  0.000000e+00
   outer loop
     vertex  3.092890e-01 -2.200000e-01  7.848867e-02
     vertex  3.219225e-01 -2.200000e-01  5.813991e-02
     vertex  3.214053e-01 -2.200000e-01  5.955753e-02
   endloop
 endfacet
 facet normal  0.000000e+00 -1.000000e+00  0.000000e+00
   outer loop
     vertex  3.092890e-01 -2.200000e-01  7.848867e-02
     vertex  3.224006e-01 -2.200000e-01  5.670864e-02
     vertex  3.219225e-01 -2.200000e-01  5.813991e-02
   endloop
 endfacet
 facet normal  0.000000e+00 -1.000000e+00  0.000000e+00
   outer loop
     vertex  3.092890e-01 -2.200000e-01  7.848867e-02
     vertex  3.228392e-01 -2.200000e-01  5.526479e-02
     vertex  3.224006e-01 -2.200000e-01  5.670864e-02
   endloop
 endfacet
 facet normal  0.000000e+00 -1.000000e+00  0.000000e+00
   outer loop
     vertex  3.092890e-01 -2.200000e-01  7.848867e-02
     vertex  3.232381e-01 -2.200000e-01  5.380945e-02
     vertex  3.228392e-01 -2.200000e-01  5.526479e-02
   endloop
 endfacet
 facet normal  0.000000e+00 -1.000000e+00  0.000000e+00
   outer loop
     vertex  3.092890e-01 -2.200000e-01  7.848867e-02
     vertex  3.235969e-01 -2.200000e-01  5.234372e-02
     vertex  3.232381e-01 -2.200000e-01  5.380945e-02
   endloop
 endfacet
 facet normal  0.000000e+00 -1.000000e+00  0.000000e+00
   outer loop
     vertex  3.092890e-01 -2.200000e-01  7.848867e-02
     vertex  3.239154e-01 -2.200000e-01  5.086869e-02
     vertex  3.235969e-01 -2.200000e-01  5.234372e-02
   endloop
 endfacet
 facet normal  0.000000e+00 -1.000000e+00  0.000000e+00
   outer loop
     vertex  3.092890e-01 -2.200000e-01  7.848867e-02
     vertex  3.241933e-01 -2.200000e-01  4.938548e-02
     vertex  3.239154e-01 -2.200000e-01  5.086869e-02
   endloop
 endfacet
 facet normal  0.000000e+00 -1.000000e+00  0.000000e+00
   outer loop
     vertex  3.092890e-01 -2.200000e-01  7.848867e-02
     vertex  3.244304e-01 -2.200000e-01  4.789521e-02
     vertex  3.241933e-01 -2.200000e-01  4.938548e-02
   endloop
 endfacet
 facet normal  0.000000e+00 -1.000000e+00  0.000000e+00
   outer loop
     vertex  3.092890e-01 -2.200000e-01  7.848867e-02
     vertex  3.246265e-01 -2.200000e-01  4.639899e-02
     vertex  3.244304e-01 -2.200000e-01  4.789521e-02
   endloop
 endfacet
 facet normal  0.000000e+00 -1.000000e+00  0.000000e+00
   outer loop
     vertex  3.092890e-01 -2.200000e-01  7.848867e-02
     vertex  3.247815e-01 -2.200000e-01  4.489795e-02
     vertex  3.246265e-01 -2.200000e-01  4.639899e-02
   endloop
 endfacet
 facet normal  0.000000e+00 -1.000000e+00  0.000000e+00
   outer loop
     vertex  3.092890e-01 -2.200000e-01  7.848867e-02
     vertex  3.248952e-01 -2.200000e-01  4.339323e-02
     vertex  3.247815e-01 -2.200000e-01  4.489795e-02
   endloop
 endfacet
 facet normal  0.000000e+00 -1.000000e+00  0.000000e+00
   outer loop
     vertex  3.092890e-01 -2.200000e-01  7.848867e-02
     vertex  3.249677e-01 -2.200000e-01  4.188596e-02
     vertex  3.248952e-01 -2.200000e-01  4.339323e-02
   endloop
 endfacet
 facet normal  0.000000e+00 -1.000000e+00  0.000000e+00
   outer loop
     vertex  3.092890e-01 -2.200000e-01  7.848867e-02
     vertex  3.249987e-01 -2.200000e-01  4.037726e-02
     vertex  3.249677e-01 -2.200000e-01  4.188596e-02
   endloop
 endfacet
 facet normal  0.000000e+00 -1.000000e+00  0.000000e+00
   outer loop
     vertex  3.092890e-01 -2.200000e-01  7.848867e-02
     vertex  3.249884e-01 -2.200000e-01  3.886828e-02
     vertex  3.249987e-01 -2.200000e-01  4.037726e-02
   endloop
 endfacet
 facet normal  0.000000e+00 -1.000000e+00  0.000000e+00
   outer loop
     vertex  3.092890e-01 -2.200000e-01  7.848867e-02
     vertex  3.249366e-01 -2.200000e-01  3.736016e-02
     vertex  3.249884e-01 -2.200000e-01  3.886828e-02
   endloop
 endfacet
 facet normal  0.000000e+00 -1.000000e+00  0.000000e+00
   outer loop
     vertex  3.092890e-01 -2.200000e-01  7.848867e-02
     vertex  3.248435e-01 -2.200000e-01  3.585402e-02
     vertex  3.249366e-01 -2.200000e-01  3.736016e-02
   endloop
 endfacet
 facet normal  0.000000e+00 -1.000000e+00  0.000000e+00
   outer loop
     vertex  3.092890e-01 -2.200000e-01  7.848867e-02
     vertex  3.247091e-01 -2.200000e-01  3.435100e-02
     vertex  3.248435e-01 -2.200000e-01  3.585402e-02
   endloop
 endfacet
 facet normal  0.000000e+00 -1.000000e+00  0.000000e+00
   outer loop
     vertex  3.092890e-01 -2.200000e-01  7.848867e-02
     vertex  3.245336e-01 -2.200000e-01  3.285223e-02
     vertex  3.247091e-01 -2.200000e-01  3.435100e-02
   endloop
 endfacet
 facet normal  0.000000e+00 -1.000000e+00  0.000000e+00
   outer loop
     vertex  3.092890e-01 -2.200000e-01  7.848867e-02
     vertex  3.243169e-01 -2.200000e-01  3.135884e-02
     vertex  3.245336e-01 -2.200000e-01  3.285223e-02
   endloop
 endfacet
 facet normal  0.000000e+00 -1.000000e+00  0.000000e+00
   outer loop
     vertex  3.092890e-01 -2.200000e-01  7.848867e-02
     vertex  3.240594e-01 -2.200000e-01  2.987196e-02
     vertex  3.243169e-01 -2.200000e-01  3.135884e-02
   endloop
 endfacet
 facet normal  0.000000e+00 -1.000000e+00  0.000000e+00
   outer loop
     vertex  3.092890e-01 -2.200000e-01  7.848867e-02
     vertex  3.237612e-01 -2.200000e-01  2.839271e-02
     vertex  3.240594e-01 -2.200000e-01  2.987196e-02
   endloop
 endfacet
 facet normal  0.000000e+00 -1.000000e+00  0.000000e+00
   outer loop
     vertex  3.092890e-01 -2.200000e-01  7.848867e-02
     vertex  3.234226e-01 -2.200000e-01  2.692219e-02
     vertex  3.237612e-01 -2.200000e-01  2.839271e-02
   endloop
 endfacet
 facet normal  0.000000e+00 -1.000000e+00  0.000000e+00
   outer loop
     vertex  3.092890e-01 -2.200000e-01  7.848867e-02
     vertex  3.230437e-01 -2.200000e-01  2.546151e-02
     vertex  3.234226e-01 -2.200000e-01  2.692219e-02
   endloop
 endfacet
 facet normal  0.000000e+00 -1.000000e+00  0.000000e+00
   outer loop
     vertex  3.092890e-01 -2.200000e-01  7.848867e-02
     vertex  3.226249e-01 -2.200000e-01  2.401178e-02
     vertex  3.230437e-01 -2.200000e-01  2.546151e-02
   endloop
 endfacet
 facet normal  0.000000e+00 -1.000000e+00  0.000000e+00
   outer loop
     vertex  3.092890e-01 -2.200000e-01  7.848867e-02
     vertex  3.221664e-01 -2.200000e-01  2.257408e-02
     vertex  3.226249e-01 -2.200000e-01  2.401178e-02
   endloop
 endfacet
 facet normal  0.000000e+00 -1.000000e+00  0.000000e+00
   outer loop
     vertex  3.092890e-01 -2.200000e-01  7.848867e-02
     vertex  3.216687e-01 -2.200000e-01  2.114951e-02
     vertex  3.221664e-01 -2.200000e-01  2.257408e-02
   endloop
 endfacet
 facet normal  0.000000e+00 -1.000000e+00  0.000000e+00
   outer loop
     vertex  3.092890e-01 -2.200000e-01  7.848867e-02
     vertex  3.211321e-01 -2.200000e-01  1.973912e-02
     vertex  3.216687e-01 -2.200000e-01  2.114951e-02
   endloop
 endfacet
 facet normal  0.000000e+00 -1.000000e+00  0.000000e+00
   outer loop
     vertex  3.092890e-01 -2.200000e-01  7.848867e-02
     vertex  3.205571e-01 -2.200000e-01  1.834398e-02
     vertex  3.211321e-01 -2.200000e-01  1.973912e-02
   endloop
 endfacet
 facet normal  0.000000e+00 -1.000000e+00  0.000000e+00
   outer loop
     vertex  3.092890e-01 -2.200000e-01  7.848867e-02
     vertex  3.199439e-01 -2.200000e-01  1.696515e-02
     vertex  3.205571e-01 -2.200000e-01  1.834398e-02
   endloop
 endfacet
 facet normal  0.000000e+00 -1.000000e+00  0.000000e+00
   outer loop
     vertex  3.092890e-01 -2.200000e-01  7.848867e-02
     vertex  3.192932e-01 -2.200000e-01  1.560366e-02
     vertex  3.199439e-01 -2.200000e-01  1.696515e-02
   endloop
 endfacet
 facet normal  0.000000e+00 -1.000000e+00  0.000000e+00
   outer loop
     vertex  3.092890e-01 -2.200000e-01  7.848867e-02
     vertex  3.186053e-01 -2.200000e-01  1.426053e-02
     vertex  3.192932e-01 -2.200000e-01  1.560366e-02
   endloop
 endfacet
 facet normal  0.000000e+00 -1.000000e+00  0.000000e+00
   outer loop
     vertex  3.092890e-01 -2.200000e-01  7.848867e-02
     vertex  3.178809e-01 -2.200000e-01  1.293677e-02
     vertex  3.186053e-01 -2.200000e-01  1.426053e-02
   endloop
 endfacet
 facet normal  0.000000e+00 -1.000000e+00  0.000000e+00
   outer loop
     vertex  3.092890e-01 -2.200000e-01  7.848867e-02
     vertex  3.171204e-01 -2.200000e-01  1.163339e-02
     vertex  3.178809e-01 -2.200000e-01  1.293677e-02
   endloop
 endfacet
 facet normal  0.000000e+00 -1.000000e+00  0.000000e+00
   outer loop
     vertex  3.092890e-01 -2.200000e-01  7.848867e-02
     vertex  3.163245e-01 -2.200000e-01  1.035136e-02
     vertex  3.171204e-01 -2.200000e-01  1.163339e-02
   endloop
 endfacet
 facet normal  0.000000e+00 -1.000000e+00  0.000000e+00
   outer loop
     vertex  3.092890e-01 -2.200000e-01  7.848867e-02
     vertex  3.154937e-01 -2.200000e-01  9.091655e-03
     vertex  3.163245e-01 -2.200000e-01  1.035136e-02
   endloop
 endfacet
 facet normal  0.000000e+00 -1.000000e+00  0.000000e+00
   outer loop
     vertex  3.092890e-01 -2.200000e-01  7.848867e-02
     vertex  3.146286e-01 -2.200000e-01  7.855213e-03
     vertex  3.154937e-01 -2.200000e-01  9.091655e-03
   endloop
 endfacet
 facet normal  0.000000e+00 -1.000000e+00  0.000000e+00
   outer loop
     vertex  3.092890e-01 -2.200000e-01  7.848867e-02
     vertex  3.137299e-01 -2.200000e-01  6.642968e-03
     vertex  3.146286e-01 -2.200000e-01  7.855213e-03
   endloop
 endfacet
 facet normal  0.000000e+00 -1.000000e+00  0.000000e+00
   outer loop
     vertex  3.092890e-01 -2.200000e-01  7.848867e-02
     vertex  3.127984e-01 -2.200000e-01  5.455834e-03
     vertex  3.137299e-01 -2.200000e-01  6.642968e-03
   endloop
 endfacet
 facet normal  0.000000e+00 -1.000000e+00  0.000000e+00
   outer loop
     vertex  3.092890e-01 -2.200000e-01  7.848867e-02
     vertex  3.118346e-01 -2.200000e-01  4.294703e-03
     vertex  3.127984e-01 -2.200000e-01  5.455834e-03
   endloop
 endfacet
 facet normal  0.000000e+00 -1.000000e+00  0.000000e+00
   outer loop
     vertex  3.092890e-01 -2.200000e-01  7.848867e-02
     vertex  3.108393e-01 -2.200000e-01  3.160450e-03
     vertex  3.118346e-01 -2.200000e-01  4.294703e-03
   endloop
 endfacet
 facet normal  0.000000e+00 -1.000000e+00  0.000000e+00
   outer loop
     vertex  3.092890e-01 -2.200000e-01  7.848867e-02
     vertex  3.098133e-01 -2.200000e-01  2.053929e-03
     vertex  3.108393e-01 -2.200000e-01  3.160450e-03
   endloop
 endfacet
 facet normal  0.000000e+00 -1.000000e+00 -0.000000e+00
   outer loop
     vertex  3.092890e-01 -2.200000e-01  7.848867e-02
     vertex  3.087573e-01 -2.200000e-01  9.759725e-04
     vertex  3.098133e-01 -2.200000e-01  2.053929e-03
   endloop
 endfacet
 facet normal  0.000000e+00 -1.000000e+00  0.000000e+00
   outer loop
     vertex  3.092890e-01 -2.200000e-01  7.848867e-02
     vertex  3.076721e-01 -2.200000e-01 -7.260799e-05
     vertex  3.087573e-01 -2.200000e-01  9.759725e-04
   endloop
 endfacet
 facet normal  0.000000e+00 -1.000000e+00  0.000000e+00
   outer loop
     vertex  3.092890e-01 -2.200000e-01  7.848867e-02
     vertex  3.065586e-01 -2.200000e-01 -1.091023e-03
     vertex  3.076721e-01 -2.200000e-01 -7.260799e-05
   endloop
 endfacet
 facet normal  0.000000e+00 -1.000000e+00  0.000000e+00
   outer loop
     vertex  3.092890e-01 -2.200000e-01  7.848867e-02
     vertex  3.054175e-01 -2.200000e-01 -2.078506e-03
     vertex  3.065586e-01 -2.200000e-01 -1.091023e-03
   endloop
 endfacet
 facet normal  0.000000e+00 -1.000000e+00  0.000000e+00
   outer loop
     vertex  3.092890e-01 -2.200000e-01  7.848867e-02
     vertex  3.042498e-01 -2.200000e-01 -3.034314e-03
     vertex  3.054175e-01 -2.200000e-01 -2.078506e-03
   endloop
 endfacet
 facet normal  0.000000e+00 -1.000000e+00  0.000000e+00
   outer loop
     vertex  3.092890e-01 -2.200000e-01  7.848867e-02
     vertex  3.030563e-01 -2.200000e-01 -3.957727e-03
     vertex  3.042498e-01 -2.200000e-01 -3.034314e-03
   endloop
 endfacet
 facet normal  0.000000e+00 -1.000000e+00  0.000000e+00
   outer loop
     vertex  3.092890e-01 -2.200000e-01  7.848867e-02
     vertex  3.018379e-01 -2.200000e-01 -4.848050e-03
     vertex  3.030563e-01 -2.200000e-01 -3.957727e-03
   endloop
 endfacet
 facet normal  0.000000e+00 -1.000000e+00  0.000000e+00
   outer loop
     vertex  3.092890e-01 -2.200000e-01  7.848867e-02
     vertex  3.005956e-01 -2.200000e-01 -5.704612e-03
     vertex  3.018379e-01 -2.200000e-01 -4.848050e-03
   endloop
 endfacet
 facet normal  0.000000e+00 -1.000000e+00  0.000000e+00
   outer loop
     vertex  3.092890e-01 -2.200000e-01  7.848867e-02
     vertex  2.993302e-01 -2.200000e-01 -6.526770e-03
     vertex  3.005956e-01 -2.200000e-01 -5.704612e-03
   endloop
 endfacet
 facet normal  0.000000e+00 -1.000000e+00  0.000000e+00
   outer loop
     vertex  3.092890e-01 -2.200000e-01  7.848867e-02
     vertex  2.980427e-01 -2.200000e-01 -7.313904e-03
     vertex  2.993302e-01 -2.200000e-01 -6.526770e-03
   endloop
 endfacet
 facet normal  0.000000e+00 -1.000000e+00  0.000000e+00
   outer loop
     vertex  3.092890e-01 -2.200000e-01  7.848867e-02
     vertex  2.967342e-01 -2.200000e-01 -8.065421e-03
     vertex  2.980427e-01 -2.200000e-01 -7.313904e-03
   endloop
 endfacet
 facet normal  0.000000e+00 -1.000000e+00  0.000000e+00
   outer loop
     vertex  3.092890e-01 -2.200000e-01  7.848867e-02
     vertex  2.954055e-01 -2.200000e-01 -8.780756e-03
     vertex  2.967342e-01 -2.200000e-01 -8.065421e-03
   endloop
 endfacet
 facet normal  0.000000e+00 -1.000000e+00  0.000000e+00
   outer loop
     vertex  3.092890e-01 -2.200000e-01  7.848867e-02
     vertex  2.940577e-01 -2.200000e-01 -9.459371e-03
     vertex  2.954055e-01 -2.200000e-01 -8.780756e-03
   endloop
 endfacet
 facet normal  0.000000e+00 -1.000000e+00  0.000000e+00
   outer loop
     vertex  3.092890e-01 -2.200000e-01  7.848867e-02
     vertex  2.926917e-01 -2.200000e-01 -1.010075e-02
     vertex  2.940577e-01 -2.200000e-01 -9.459371e-03
   endloop
 endfacet
 facet normal  0.000000e+00 -1.000000e+00  0.000000e+00
   outer loop
     vertex  3.092890e-01 -2.200000e-01  7.848867e-02
     vertex  2.913087e-01 -2.200000e-01 -1.070442e-02
     vertex  2.926917e-01 -2.200000e-01 -1.010075e-02
   endloop
 endfacet
 facet normal  0.000000e+00 -1.000000e+00  0.000000e+00
   outer loop
     vertex  3.092890e-01 -2.200000e-01  7.848867e-02
     vertex  2.899097e-01 -2.200000e-01 -1.126992e-02
     vertex  2.913087e-01 -2.200000e-01 -1.070442e-02
   endloop
 endfacet
 facet normal  0.000000e+00 -1.000000e+00  0.000000e+00
   outer loop
     vertex  3.092890e-01 -2.200000e-01  7.848867e-02
     vertex  2.884956e-01 -2.200000e-01 -1.179683e-02
     vertex  2.899097e-01 -2.200000e-01 -1.126992e-02
   endloop
 endfacet
 facet normal  0.000000e+00 -1.000000e+00  0.000000e+00
   outer loop
     vertex  3.092890e-01 -2.200000e-01  7.848867e-02
     vertex  2.870677e-01 -2.200000e-01 -1.228474e-02
     vertex  2.884956e-01 -2.200000e-01 -1.179683e-02
   endloop
 endfacet
 facet normal  0.000000e+00 -1.000000e+00  0.000000e+00
   outer loop
     vertex  3.092890e-01 -2.200000e-01  7.848867e-02
     vertex  2.856269e-01 -2.200000e-01 -1.273330e-02
     vertex  2.870677e-01 -2.200000e-01 -1.228474e-02
   endloop
 endfacet
 facet normal  0.000000e+00 -1.000000e+00  0.000000e+00
   outer loop
     vertex  3.092890e-01 -2.200000e-01  7.848867e-02
     vertex  2.841743e-01 -2.200000e-01 -1.314216e-02
     vertex  2.856269e-01 -2.200000e-01 -1.273330e-02
   endloop
 endfacet
 facet normal  0.000000e+00 -1.000000e+00  0.000000e+00
   outer loop
     vertex  3.092890e-01 -2.200000e-01  7.848867e-02
     vertex  2.827111e-01 -2.200000e-01 -1.351102e-02
     vertex  2.841743e-01 -2.200000e-01 -1.314216e-02
   endloop
 endfacet
 facet normal  0.000000e+00 -1.000000e+00  0.000000e+00
   outer loop
     vertex  3.092890e-01 -2.200000e-01  7.848867e-02
     vertex  2.812383e-01 -2.200000e-01 -1.383959e-02
     vertex  2.827111e-01 -2.200000e-01 -1.351102e-02
   endloop
 endfacet
 facet normal  0.000000e+00 -1.000000e+00  0.000000e+00
   outer loop
     vertex  3.092890e-01 -2.200000e-01  7.848867e-02
     vertex  2.797570e-01 -2.200000e-01 -1.412764e-02
     vertex  2.812383e-01 -2.200000e-01 -1.383959e-02
   endloop
 endfacet
 facet normal  0.000000e+00 -1.000000e+00  0.000000e+00
   outer loop
     vertex  3.092890e-01 -2.200000e-01  7.848867e-02
     vertex  2.782684e-01 -2.200000e-01 -1.437494e-02
     vertex  2.797570e-01 -2.200000e-01 -1.412764e-02
   endloop
 endfacet
 facet normal  0.000000e+00 -1.000000e+00  0.000000e+00
   outer loop
     vertex  3.092890e-01 -2.200000e-01  7.848867e-02
     vertex  2.767735e-01 -2.200000e-01 -1.458131e-02
     vertex  2.782684e-01 -2.200000e-01 -1.437494e-02
   endloop
 endfacet
 facet normal  0.000000e+00 -1.000000e+00  0.000000e+00
   outer loop
     vertex  3.092890e-01 -2.200000e-01  7.848867e-02
     vertex  2.752736e-01 -2.200000e-01 -1.474659e-02
     vertex  2.767735e-01 -2.200000e-01 -1.458131e-02
   endloop
 endfacet
 facet normal  0.000000e+00 -1.000000e+00  0.000000e+00
   outer loop
     vertex  3.092890e-01 -2.200000e-01  7.848867e-02
     vertex  2.737697e-01 -2.200000e-01 -1.487066e-02
     vertex  2.752736e-01 -2.200000e-01 -1.474659e-02
   endloop
 endfacet
 facet normal  0.000000e+00 -1.000000e+00  0.000000e+00
   outer loop
     vertex  3.092890e-01 -2.200000e-01  7.848867e-02
     vertex  2.722630e-01 -2.200000e-01 -1.495343e-02
     vertex  2.737697e-01 -2.200000e-01 -1.487066e-02
   endloop
 endfacet
 facet normal  0.000000e+00 -1.000000e+00  0.000000e+00
   outer loop
     vertex  3.092890e-01 -2.200000e-01  7.848867e-02
     vertex  2.707545e-01 -2.200000e-01 -1.499482e-02
     vertex  2.722630e-01 -2.200000e-01 -1.495343e-02
   endloop
 endfacet
 facet normal  0.000000e+00 -1.000000e+00  0.000000e+00
   outer loop
     vertex  3.092890e-01 -2.200000e-01  7.848867e-02
     vertex  2.692455e-01 -2.200000e-01 -1.499482e-02
     vertex  2.707545e-01 -2.200000e-01 -1.499482e-02
   endloop
 endfacet
 facet normal  0.000000e+00 -1.000000e+00  0.000000e+00
   outer loop
     vertex  3.092890e-01 -2.200000e-01  7.848867e-02
     vertex  2.677370e-01 -2.200000e-01 -1.495343e-02
     vertex  2.692455e-01 -2.200000e-01 -1.499482e-02
   endloop
 endfacet
 facet normal  0.000000e+00 -1.000000e+00  0.000000e+00
   outer loop
     vertex  3.092890e-01 -2.200000e-01  7.848867e-02
     vertex  2.662303e-01 -2.200000e-01 -1.487066e-02
     vertex  2.677370e-01 -2.200000e-01 -1.495343e-02
   endloop
 endfacet
 facet normal  0.000000e+00 -1.000000e+00  0.000000e+00
   outer loop
     vertex  3.092890e-01 -2.200000e-01  7.848867e-02
     vertex  2.647264e-01 -2.200000e-01 -1.474659e-02
     vertex  2.662303e-01 -2.200000e-01 -1.487066e-02
   endloop
 endfacet
 facet normal  0.000000e+00 -1.000000e+00  0.000000e+00
   outer loop
     vertex  3.092890e-01 -2.200000e-01  7.848867e-02
     vertex  2.632265e-01 -2.200000e-01 -1.458131e-02
     vertex  2.647264e-01 -2.200000e-01 -1.474659e-02
   endloop
 endfacet
 facet normal  0.000000e+00 -1.000000e+00  0.000000e+00
   outer loop
     vertex  3.092890e-01 -2.200000e-01  7.848867e-02
     vertex  2.617316e-01 -2.200000e-01 -1.437494e-02
     vertex  2.632265e-01 -2.200000e-01 -1.458131e-02
   endloop
 endfacet
 facet normal  0.000000e+00 -1.000000e+00  0.000000e+00
   outer loop
     vertex  3.092890e-01 -2.200000e-01  7.848867e-02
     vertex  2.602430e-01 -2.200000e-01 -1.412764e-02
     vertex  2.617316e-01 -2.200000e-01 -1.437494e-02
   endloop
 endfacet
 facet normal  0.000000e+00 -1.000000e+00  0.000000e+00
   outer loop
     vertex  3.092890e-01 -2.200000e-01  7.848867e-02
     vertex  2.587617e-01 -2.200000e-01 -1.383959e-02
     vertex  2.602430e-01 -2.200000e-01 -1.412764e-02
   endloop
 endfacet
 facet normal  0.000000e+00 -1.000000e+00  0.000000e+00
   outer loop
     vertex  3.092890e-01 -2.200000e-01  7.848867e-02
     vertex  2.572889e-01 -2.200000e-01 -1.351102e-02
     vertex  2.587617e-01 -2.200000e-01 -1.383959e-02
   endloop
 endfacet
 facet normal  0.000000e+00 -1.000000e+00  0.000000e+00
   outer loop
     vertex  3.092890e-01 -2.200000e-01  7.848867e-02
     vertex  2.558257e-01 -2.200000e-01 -1.314216e-02
     vertex  2.572889e-01 -2.200000e-01 -1.351102e-02
   endloop
 endfacet
 facet normal  0.000000e+00 -1.000000e+00  0.000000e+00
   outer loop
     vertex  3.092890e-01 -2.200000e-01  7.848867e-02
     vertex  2.543731e-01 -2.200000e-01 -1.273330e-02
     vertex  2.558257e-01 -2.200000e-01 -1.314216e-02
   endloop
 endfacet
 facet normal  0.000000e+00 -1.000000e+00  0.000000e+00
   outer loop
     vertex  3.092890e-01 -2.200000e-01  7.848867e-02
     vertex  2.529323e-01 -2.200000e-01 -1.228474e-02
     vertex  2.543731e-01 -2.200000e-01 -1.273330e-02
   endloop
 endfacet
 facet normal  0.000000e+00 -1.000000e+00  0.000000e+00
   outer loop
     vertex  3.092890e-01 -2.200000e-01  7.848867e-02
     vertex  2.515044e-01 -2.200000e-01 -1.179683e-02
     vertex  2.529323e-01 -2.200000e-01 -1.228474e-02
   endloop
 endfacet
 facet normal  0.000000e+00 -1.000000e+00  0.000000e+00
   outer loop
     vertex  3.092890e-01 -2.200000e-01  7.848867e-02
     vertex  2.500903e-01 -2.200000e-01 -1.126992e-02
     vertex  2.515044e-01 -2.200000e-01 -1.179683e-02
   endloop
 endfacet
 facet normal  0.000000e+00 -1.000000e+00  0.000000e+00
   outer loop
     vertex  3.092890e-01 -2.200000e-01  7.848867e-02
     vertex  2.486913e-01 -2.200000e-01 -1.070442e-02
     vertex  2.500903e-01 -2.200000e-01 -1.126992e-02
   endloop
 endfacet
 facet normal  0.000000e+00 -1.000000e+00  0.000000e+00
   outer loop
     vertex  3.092890e-01 -2.200000e-01  7.848867e-02
     vertex  2.473083e-01 -2.200000e-01 -1.010075e-02
     vertex  2.486913e-01 -2.200000e-01 -1.070442e-02
   endloop
 endfacet
 facet normal  0.000000e+00 -1.000000e+00  0.000000e+00
   outer loop
     vertex  3.092890e-01 -2.200000e-01  7.848867e-02
     vertex  2.459423e-01 -2.200000e-01 -9.459371e-03
     vertex  2.473083e-01 -2.200000e-01 -1.010075e-02
   endloop
 endfacet
 facet normal  0.000000e+00 -1.000000e+00  0.000000e+00
   outer loop
     vertex  3.092890e-01 -2.200000e-01  7.848867e-02
     vertex  2.445945e-01 -2.200000e-01 -8.780756e-03
     vertex  2.459423e-01 -2.200000e-01 -9.459371e-03
   endloop
 endfacet
 facet normal  0.000000e+00 -1.000000e+00  0.000000e+00
   outer loop
     vertex  3.092890e-01 -2.200000e-01  7.848867e-02
     vertex  2.432658e-01 -2.200000e-01 -8.065421e-03
     vertex  2.445945e-01 -2.200000e-01 -8.780756e-03
   endloop
 endfacet
 facet normal  0.000000e+00 -1.000000e+00  0.000000e+00
   outer loop
     vertex  3.092890e-01 -2.200000e-01  7.848867e-02
     vertex  2.419573e-01 -2.200000e-01 -7.313904e-03
     vertex  2.432658e-01 -2.200000e-01 -8.065421e-03
   endloop
 endfacet
 facet normal  0.000000e+00 -1.000000e+00  0.000000e+00
   outer loop
     vertex  3.092890e-01 -2.200000e-01  7.848867e-02
     vertex  2.406698e-01 -2.200000e-01 -6.526770e-03
     vertex  2.419573e-01 -2.200000e-01 -7.313904e-03
   endloop
 endfacet
 facet normal  0.000000e+00 -1.000000e+00  0.000000e+00
   outer loop
     vertex  3.092890e-01 -2.200000e-01  7.848867e-02
     vertex  2.394044e-01 -2.200000e-01 -5.704612e-03
     vertex  2.406698e-01 -2.200000e-01 -6.526770e-03
   endloop
 endfacet
 facet normal  0.000000e+00 -1.000000e+00  0.000000e+00
   outer loop
     vertex  3.092890e-01 -2.200000e-01  7.848867e-02
     vertex  2.381621e-01 -2.200000e-01 -4.848050e-03
     vertex  2.394044e-01 -2.200000e-01 -5.704612e-03
   endloop
 endfacet
 facet normal  0.000000e+00 -1.000000e+00  0.000000e+00
   outer loop
     vertex  3.092890e-01 -2.200000e-01  7.848867e-02
     vertex  2.369437e-01 -2.200000e-01 -3.957727e-03
     vertex  2.381621e-01 -2.200000e-01 -4.848050e-03
   endloop
 endfacet
 facet normal  0.000000e+00 -1.000000e+00  0.000000e+00
   outer loop
     vertex  3.092890e-01 -2.200000e-01  7.848867e-02
     vertex  2.357502e-01 -2.200000e-01 -3.034314e-03
     vertex  2.369437e-01 -2.200000e-01 -3.957727e-03
   endloop
 endfacet
 facet normal  0.000000e+00 -1.000000e+00  0.000000e+00
   outer loop
     vertex  3.092890e-01 -2.200000e-01  7.848867e-02
     vertex  2.345825e-01 -2.200000e-01 -2.078506e-03
     vertex  2.357502e-01 -2.200000e-01 -3.034314e-03
   endloop
 endfacet
 facet normal  0.000000e+00 -1.000000e+00  0.000000e+00
   outer loop
     vertex  3.092890e-01 -2.200000e-01  7.848867e-02
     vertex  2.334414e-01 -2.200000e-01 -1.091023e-03
     vertex  2.345825e-01 -2.200000e-01 -2.078506e-03
   endloop
 endfacet
 facet normal  0.000000e+00 -1.000000e+00  0.000000e+00
   outer loop
     vertex  3.092890e-01 -2.200000e-01  7.848867e-02
     vertex  2.323279e-01 -2.200000e-01 -7.260799e-05
     vertex  2.334414e-01 -2.200000e-01 -1.091023e-03
   endloop
 endfacet
 facet normal  0.000000e+00 -1.000000e+00  0.000000e+00
   outer loop
     vertex  3.092890e-01 -2.200000e-01  7.848867e-02
     vertex  2.312427e-01 -2.200000e-01  9.759725e-04
     vertex  2.323279e-01 -2.200000e-01 -7.260799e-05
   endloop
 endfacet
 facet normal  0.000000e+00 -1.000000e+00  0.000000e+00
   outer loop
     vertex  3.092890e-01 -2.200000e-01  7.848867e-02
     vertex  2.301867e-01 -2.200000e-01  2.053929e-03
     vertex  2.312427e-01 -2.200000e-01  9.759725e-04
   endloop
 endfacet
 facet normal  0.000000e+00 -1.000000e+00  0.000000e+00
   outer loop
     vertex  3.092890e-01 -2.200000e-01  7.848867e-02
     vertex  2.291607e-01 -2.200000e-01  3.160450e-03
     vertex  2.301867e-01 -2.200000e-01  2.053929e-03
   endloop
 endfacet
 facet normal  0.000000e+00 -1.000000e+00  0.000000e+00
   outer loop
     vertex  3.092890e-01 -2.200000e-01  7.848867e-02
     vertex  2.281654e-01 -2.200000e-01  4.294703e-03
     vertex  2.291607e-01 -2.200000e-01  3.160450e-03
   endloop
 endfacet
 facet normal  0.000000e+00 -1.000000e+00  0.000000e+00
   outer loop
     vertex  3.092890e-01 -2.200000e-01  7.848867e-02
     vertex  2.272016e-01 -2.200000e-01  5.455834e-03
     vertex  2.281654e-01 -2.200000e-01  4.294703e-03
   endloop
 endfacet
 facet normal  0.000000e+00 -1.000000e+00  0.000000e+00
   outer loop
     vertex  3.092890e-01 -2.200000e-01  7.848867e-02
     vertex  2.262701e-01 -2.200000e-01  6.642968e-03
     vertex  2.272016e-01 -2.200000e-01  5.455834e-03
   endloop
 endfacet
 facet normal  0.000000e+00 -1.000000e+00  0.000000e+00
   outer loop
     vertex  3.092890e-01 -2.200000e-01  7.848867e-02
     vertex  2.253714e-01 -2.200000e-01  7.855213e-03
     vertex  2.262701e-01 -2.200000e-01  6.642968e-03
   endloop
 endfacet
 facet normal  0.000000e+00 -1.000000e+00  0.000000e+00
   outer loop
     vertex  3.092890e-01 -2.200000e-01  7.848867e-02
     vertex  2.245063e-01 -2.200000e-01  9.091655e-03
     vertex  2.253714e-01 -2.200000e-01  7.855213e-03
   endloop
 endfacet
 facet normal  0.000000e+00 -1.000000e+00  0.000000e+00
   outer loop
     vertex  3.092890e-01 -2.200000e-01  7.848867e-02
     vertex  2.236755e-01 -2.200000e-01  1.035136e-02
     vertex  2.245063e-01 -2.200000e-01  9.091655e-03
   endloop
 endfacet
 facet normal  0.000000e+00 -1.000000e+00  0.000000e+00
   outer loop
     vertex  3.092890e-01 -2.200000e-01  7.848867e-02
     vertex  2.228796e-01 -2.200000e-01  1.163339e-02
     vertex  2.236755e-01 -2.200000e-01  1.035136e-02
   endloop
 endfacet
 facet normal  0.000000e+00 -1.000000e+00  0.000000e+00
   outer loop
     vertex  3.092890e-01 -2.200000e-01  7.848867e-02
     vertex  2.221191e-01 -2.200000e-01  1.293677e-02
     vertex  2.228796e-01 -2.200000e-01  1.163339e-02
   endloop
 endfacet
 facet normal  0.000000e+00 -1.000000e+00  0.000000e+00
   outer loop
     vertex  3.092890e-01 -2.200000e-01  7.848867e-02
     vertex  2.213947e-01 -2.200000e-01  1.426053e-02
     vertex  2.221191e-01 -2.200000e-01  1.293677e-02
   endloop
 endfacet
 facet normal  0.000000e+00 -1.000000e+00  0.000000e+00
   outer loop
     vertex  3.092890e-01 -2.200000e-01  7.848867e-02
     vertex  2.207068e-01 -2.200000e-01  1.560366e-02
     vertex  2.213947e-01 -2.200000e-01  1.426053e-02
   endloop
 endfacet
 facet normal  0.000000e+00 -1.000000e+00  0.000000e+00
   outer loop
     vertex  3.092890e-01 -2.200000e-01  7.848867e-02
     vertex  2.200561e-01 -2.200000e-01  1.696515e-02
     vertex  2.207068e-01 -2.200000e-01  1.560366e-02
   endloop
 endfacet
 facet normal  0.000000e+00 -1.000000e+00  0.000000e+00
   outer loop
     vertex  3.092890e-01 -2.200000e-01  7.848867e-02
     vertex  2.194429e-01 -2.200000e-01  1.834398e-02
     vertex  2.200561e-01 -2.200000e-01  1.696515e-02
   endloop
 endfacet
 facet normal  0.000000e+00 -1.000000e+00  0.000000e+00
   outer loop
     vertex  3.092890e-01 -2.200000e-01  7.848867e-02
     vertex  2.188679e-01 -2.200000e-01  1.973912e-02
     vertex  2.194429e-01 -2.200000e-01  1.834398e-02
   endloop
 endfacet
 facet normal  0.000000e+00 -1.000000e+00  0.000000e+00
   outer loop
     vertex  3.092890e-01 -2.200000e-01  7.848867e-02
     vertex  2.183313e-01 -2.200000e-01  2.114951e-02
     vertex  2.188679e-01 -2.200000e-01  1.973912e-02
   endloop
 endfacet
 facet normal  0.000000e+00 -1.000000e+00  0.000000e+00
   outer loop
     vertex  3.092890e-01 -2.200000e-01  7.848867e-02
     vertex  2.178336e-01 -2.200000e-01  2.257408e-02
     vertex  2.183313e-01 -2.200000e-01  2.114951e-02
   endloop
 endfacet
 facet normal  0.000000e+00 -1.000000e+00  0.000000e+00
   outer loop
     vertex  3.092890e-01 -2.200000e-01  7.848867e-02
     vertex  2.173751e-01 -2.200000e-01  2.401178e-02
     vertex  2.178336e-01 -2.200000e-01  2.257408e-02
   endloop
 endfacet
 facet normal  0.000000e+00 -1.000000e+00  0.000000e+00
   outer loop
     vertex  3.092890e-01 -2.200000e-01  7.848867e-02
     vertex  2.169563e-01 -2.200000e-01  2.546151e-02
     vertex  2.173751e-01 -2.200000e-01  2.401178e-02
   endloop
 endfacet
 facet normal  0.000000e+00 -1.000000e+00  0.000000e+00
   outer loop
     vertex  3.092890e-01 -2.200000e-01  7.848867e-02
     vertex  2.165774e-01 -2.200000e-01  2.692219e-02
     vertex  2.169563e-01 -2.200000e-01  2.546151e-02
   endloop
 endfacet
 facet normal  0.000000e+00 -1.000000e+00  0.000000e+00
   outer loop
     vertex  3.092890e-01 -2.200000e-01  7.848867e-02
     vertex  2.162388e-01 -2.200000e-01  2.839271e-02
     vertex  2.165774e-01 -2.200000e-01  2.692219e-02
   endloop
 endfacet
 facet normal  0.000000e+00 -1.000000e+00  0.000000e+00
   outer loop
     vertex  3.092890e-01 -2.200000e-01  7.848867e-02
     vertex  2.159406e-01 -2.200000e-01  2.987196e-02
     vertex  2.162388e-01 -2.200000e-01  2.839271e-02
   endloop
 endfacet
 facet normal  0.000000e+00 -1.000000e+00  0.000000e+00
   outer loop
     vertex  3.092890e-01 -2.200000e-01  7.848867e-02
     vertex  2.156831e-01 -2.200000e-01  3.135884e-02
     vertex  2.159406e-01 -2.200000e-01  2.987196e-02
   endloop
 endfacet
 facet normal  0.000000e+00 -1.000000e+00  0.000000e+00
   outer loop
     vertex  3.092890e-01 -2.200000e-01  7.848867e-02
     vertex  2.154664e-01 -2.200000e-01  3.285223e-02
     vertex  2.156831e-01 -2.200000e-01  3.135884e-02
   endloop
 endfacet
 facet normal  0.000000e+00 -1.000000e+00  0.000000e+00
   outer loop
     vertex  3.092890e-01 -2.200000e-01  7.848867e-02
     vertex  2.152909e-01 -2.200000e-01  3.435100e-02
     vertex  2.154664e-01 -2.200000e-01  3.285223e-02
   endloop
 endfacet
 facet normal  0.000000e+00 -1.000000e+00  0.000000e+00
   outer loop
     vertex  3.092890e-01 -2.200000e-01  7.848867e-02
     vertex  2.151565e-01 -2.200000e-01  3.585402e-02
     vertex  2.152909e-01 -2.200000e-01  3.435100e-02
   endloop
 endfacet
 facet normal  0.000000e+00 -1.000000e+00  0.000000e+00
   outer loop
     vertex  3.092890e-01 -2.200000e-01  7.848867e-02
     vertex  2.150634e-01 -2.200000e-01  3.736016e-02
     vertex  2.151565e-01 -2.200000e-01  3.585402e-02
   endloop
 endfacet
 facet normal  0.000000e+00 -1.000000e+00  0.000000e+00
   outer loop
     vertex  3.092890e-01 -2.200000e-01  7.848867e-02
     vertex  2.150116e-01 -2.200000e-01  3.886828e-02
     vertex  2.150634e-01 -2.200000e-01  3.736016e-02
   endloop
 endfacet
 facet normal  0.000000e+00 -1.000000e+00  0.000000e+00
   outer loop
     vertex  3.092890e-01 -2.200000e-01  7.848867e-02
     vertex  2.150013e-01 -2.200000e-01  4.037726e-02
     vertex  2.150116e-01 -2.200000e-01  3.886828e-02
   endloop
 endfacet
 facet normal  0.000000e+00 -1.000000e+00  0.000000e+00
   outer loop
     vertex  3.092890e-01 -2.200000e-01  7.848867e-02
     vertex  2.150323e-01 -2.200000e-01  4.188596e-02
     vertex  2.150013e-01 -2.200000e-01  4.037726e-02
   endloop
 endfacet
 facet normal  0.000000e+00 -1.000000e+00  0.000000e+00
   outer loop
     vertex  3.092890e-01 -2.200000e-01  7.848867e-02
     vertex  2.151048e-01 -2.200000e-01  4.339323e-02
     vertex  2.150323e-01 -2.200000e-01  4.188596e-02
   endloop
 endfacet
 facet normal  0.000000e+00 -1.000000e+00  0.000000e+00
   outer loop
     vertex  3.092890e-01 -2.200000e-01  7.848867e-02
     vertex  2.152185e-01 -2.200000e-01  4.489795e-02
     vertex  2.151048e-01 -2.200000e-01  4.339323e-02
   endloop
 endfacet
 facet normal  0.000000e+00 -1.000000e+00  0.000000e+00
   outer loop
     vertex  3.092890e-01 -2.200000e-01  7.848867e-02
     vertex  2.153735e-01 -2.200000e-01  4.639899e-02
     vertex  2.152185e-01 -2.200000e-01  4.489795e-02
   endloop
 endfacet
 facet normal  0.000000e+00 -1.000000e+00  0.000000e+00
   outer loop
     vertex  3.092890e-01 -2.200000e-01  7.848867e-02
     vertex  2.155696e-01 -2.200000e-01  4.789521e-02
     vertex  2.153735e-01 -2.200000e-01  4.639899e-02
   endloop
 endfacet
 facet normal  0.000000e+00 -1.000000e+00  0.000000e+00
   outer loop
     vertex  3.092890e-01 -2.200000e-01  7.848867e-02
     vertex  2.158067e-01 -2.200000e-01  4.938548e-02
     vertex  2.155696e-01 -2.200000e-01  4.789521e-02
   endloop
 endfacet
 facet normal  0.000000e+00 -1.000000e+00  0.000000e+00
   outer loop
     vertex  3.092890e-01 -2.200000e-01  7.848867e-02
     vertex  2.160846e-01 -2.200000e-01  5.086869e-02
     vertex  2.158067e-01 -2.200000e-01  4.938548e-02
   endloop
 endfacet
 facet normal  0.000000e+00 -1.000000e+00  0.000000e+00
   outer loop
     vertex  3.092890e-01 -2.200000e-01  7.848867e-02
     vertex  2.164031e-01 -2.200000e-01  5.234372e-02
     vertex  2.160846e-01 -2.200000e-01  5.086869e-02
   endloop
 endfacet
 facet normal  0.000000e+00 -1.000000e+00  0.000000e+00
   outer loop
     vertex  3.092890e-01 -2.200000e-01  7.848867e-02
     vertex  2.167619e-01 -2.200000e-01  5.380945e-02
     vertex  2.164031e-01 -2.200000e-01  5.234372e-02
   endloop
 endfacet
 facet normal  0.000000e+00 -1.000000e+00  0.000000e+00
   outer loop
     vertex  3.092890e-01 -2.200000e-01  7.848867e-02
     vertex  2.171608e-01 -2.200000e-01  5.526479e-02
     vertex  2.167619e-01 -2.200000e-01  5.380945e-02
   endloop
 endfacet
 facet normal  0.000000e+00 -1.000000e+00  0.000000e+00
   outer loop
     vertex  3.092890e-01 -2.200000e-01  7.848867e-02
     vertex  2.175994e-01 -2.200000e-01  5.670864e-02
     vertex  2.171608e-01 -2.200000e-01  5.526479e-02
   endloop
 endfacet
 facet normal  0.000000e+00 -1.000000e+00  0.000000e+00
   outer loop
     vertex  3.092890e-01 -2.200000e-01  7.848867e-02
     vertex  2.180775e-01 -2.200000e-01  5.813991e-02
     vertex  2.175994e-01 -2.200000e-01  5.670864e-02
   endloop
 endfacet
 facet normal  0.000000e+00 -1.000000e+00  0.000000e+00
   outer loop
     vertex  3.092890e-01 -2.200000e-01  7.848867e-02
     vertex  2.185947e-01 -2.200000e-01  5.955753e-02
     vertex  2.180775e-01 -2.200000e-01  5.813991e-02
   endloop
 endfacet
 facet normal  0.000000e+00 -1.000000e+00  0.000000e+00
   outer loop
     vertex  3.092890e-01 -2.200000e-01  7.848867e-02
     vertex  2.191506e-01 -2.200000e-01  6.096042e-02
     vertex  2.185947e-01 -2.200000e-01  5.955753e-02
   endloop
 endfacet
 facet normal  0.000000e+00 -1.000000e+00  0.000000e+00
   outer loop
     vertex  3.092890e-01 -2.200000e-01  7.848867e-02
     vertex  2.197448e-01 -2.200000e-01  6.234754e-02
     vertex  2.191506e-01 -2.200000e-01  6.096042e-02
   endloop
 endfacet
 facet normal  0.000000e+00 -1.000000e+00  0.000000e+00
   outer loop
     vertex  3.092890e-01 -2.200000e-01  7.848867e-02
     vertex  2.203768e-01 -2.200000e-01  6.371783e-02
     vertex  2.197448e-01 -2.200000e-01  6.234754e-02
   endloop
 endfacet
 facet normal  0.000000e+00 -1.000000e+00  0.000000e+00
   outer loop
     vertex  3.092890e-01 -2.200000e-01  7.848867e-02
     vertex  2.210461e-01 -2.200000e-01  6.507027e-02
     vertex  2.203768e-01 -2.200000e-01  6.371783e-02
   endloop
 endfacet
 facet normal  0.000000e+00 -1.000000e+00  0.000000e+00
   outer loop
     vertex  3.092890e-01 -2.200000e-01  7.848867e-02
     vertex  2.217523e-01 -2.200000e-01  6.640384e-02
     vertex  2.210461e-01 -2.200000e-01  6.507027e-02
   endloop
 endfacet
 facet normal  0.000000e+00 -1.000000e+00  0.000000e+00
   outer loop
     vertex  3.092890e-01 -2.200000e-01  7.848867e-02
     vertex  2.249346e-01 -2.200000e-01  7.152953e-02
     vertex  2.240866e-01 -2.200000e-01  7.028134e-02
   endloop
 endfacet
 facet normal  0.000000e+00 -1.000000e+00  0.000000e+00
   outer loop
     vertex  3.092890e-01 -2.200000e-01  7.848867e-02
     vertex  2.258166e-01 -2.200000e-01  7.275399e-02
     vertex  2.249346e-01 -2.200000e-01  7.152953e-02
   endloop
 endfacet
 facet normal  0.000000e+00 -1.000000e+00  0.000000e+00
   outer loop
     vertex  3.092890e-01 -2.200000e-01  7.848867e-02
     vertex  2.267318e-01 -2.200000e-01  7.395379e-02
     vertex  2.258166e-01 -2.200000e-01  7.275399e-02
   endloop
 endfacet
 facet normal  0.000000e+00 -1.000000e+00  0.000000e+00
   outer loop
     vertex  3.092890e-01 -2.200000e-01  7.848867e-02
     vertex  2.296699e-01 -2.200000e-01  7.739633e-02
     vertex  2.286592e-01 -2.200000e-01  7.627584e-02
   endloop
 endfacet
 facet normal -0.000000e+00 -1.000000e+00  0.000000e+00
   outer loop
     vertex  3.092890e-01 -2.200000e-01  7.848867e-02
     vertex  2.307110e-01 -2.200000e-01  7.848867e-02
     vertex  2.296699e-01 -2.200000e-01  7.739633e-02
   endloop
 endfacet
 facet normal  0.000000e+00 -1.000000e+00  0.000000e+00
   outer loop
     vertex  3.092890e-01 -2.200000e-01  7.848867e-02
     vertex  2.317817e-01 -2.200000e-01  7.955204e-02
     vertex  2.307110e-01 -2.200000e-01  7.848867e-02
   endloop
 endfacet
 facet normal  0.000000e+00 -1.000000e+00  0.000000e+00
   outer loop
     vertex  3.092890e-01 -2.200000e-01  7.848867e-02
     vertex  2.328812e-01 -2.200000e-01  8.058563e-02
     vertex  2.317817e-01 -2.200000e-01  7.955204e-02
   endloop
 endfacet
 facet normal  0.000000e+00 -1.000000e+00  0.000000e+00
   outer loop
     vertex  3.092890e-01 -2.200000e-01  7.848867e-02
     vertex  2.340086e-01 -2.200000e-01  8.158868e-02
     vertex  2.328812e-01 -2.200000e-01  8.058563e-02
   endloop
 endfacet
 facet normal  0.000000e+00 -1.000000e+00  0.000000e+00
   outer loop
     vertex  3.092890e-01 -2.200000e-01  7.848867e-02
     vertex  2.351631e-01 -2.200000e-01  8.256042e-02
     vertex  2.340086e-01 -2.200000e-01  8.158868e-02
   endloop
 endfacet
 facet normal  0.000000e+00 -1.000000e+00  0.000000e+00
   outer loop
     vertex  3.092890e-01 -2.200000e-01  7.848867e-02
     vertex  2.363438e-01 -2.200000e-01  8.350011e-02
     vertex  2.351631e-01 -2.200000e-01  8.256042e-02
   endloop
 endfacet
 facet normal  0.000000e+00 -1.000000e+00  0.000000e+00
   outer loop
     vertex  3.092890e-01 -2.200000e-01  7.848867e-02
     vertex  2.426090e-01 -2.200000e-01  8.769415e-02
     vertex  2.413108e-01 -2.200000e-01  8.692475e-02
   endloop
 endfacet
 facet normal  0.000000e+00 -1.000000e+00  0.000000e+00
   outer loop
     vertex  3.092890e-01 -2.200000e-01  7.848867e-02
     vertex  2.439277e-01 -2.200000e-01  8.842765e-02
     vertex  2.426090e-01 -2.200000e-01  8.769415e-02
   endloop
 endfacet
 facet normal  0.000000e+00 -1.000000e+00  0.000000e+00
   outer loop
     vertex  3.092890e-01 -2.200000e-01  7.848867e-02
     vertex  2.452661e-01 -2.200000e-01  8.912469e-02
     vertex  2.439277e-01 -2.200000e-01  8.842765e-02
   endloop
 endfacet
 facet normal  0.000000e+00 -1.000000e+00  0.000000e+00
   outer loop
     vertex  3.092890e-01 -2.200000e-01  7.848867e-02
     vertex  2.493889e-01 -2.200000e-01  9.099197e-02
     vertex  2.479977e-01 -2.200000e-01  9.040733e-02
   endloop
 endfacet
 facet normal  0.000000e+00 -1.000000e+00  0.000000e+00
   outer loop
     vertex  3.092890e-01 -2.200000e-01  7.848867e-02
     vertex  2.536512e-01 -2.200000e-01  9.251396e-02
     vertex  2.522167e-01 -2.200000e-01  9.204568e-02
   endloop
 endfacet
 facet normal  0.000000e+00 -1.000000e+00  0.000000e+00
   outer loop
     vertex  3.092890e-01 -2.200000e-01  7.848867e-02
     vertex  2.550980e-01 -2.200000e-01  9.294271e-02
     vertex  2.536512e-01 -2.200000e-01  9.251396e-02
   endloop
 endfacet
 facet normal  0.000000e+00 -1.000000e+00  0.000000e+00
   outer loop
     vertex  3.092890e-01 -2.200000e-01  7.848867e-02
     vertex  2.565561e-01 -2.200000e-01  9.333161e-02
     vertex  2.550980e-01 -2.200000e-01  9.294271e-02
   endloop
 endfacet
 facet normal  0.000000e+00 -1.000000e+00  0.000000e+00
   outer loop
     vertex  3.092890e-01 -2.200000e-01  7.848867e-02
     vertex  2.580242e-01 -2.200000e-01  9.368036e-02
     vertex  2.565561e-01 -2.200000e-01  9.333161e-02
   endloop
 endfacet
 facet normal  0.000000e+00 -1.000000e+00  0.000000e+00
   outer loop
     vertex  3.092890e-01 -2.200000e-01  7.848867e-02
     vertex  2.624783e-01 -2.200000e-01  9.448325e-02
     vertex  2.609865e-01 -2.200000e-01  9.425639e-02
   endloop
 endfacet
 facet normal  0.000000e+00 -1.000000e+00  0.000000e+00
   outer loop
     vertex  3.092890e-01 -2.200000e-01  7.848867e-02
     vertex  2.639759e-01 -2.200000e-01  9.466909e-02
     vertex  2.624783e-01 -2.200000e-01  9.448325e-02
   endloop
 endfacet
 facet normal  0.000000e+00 -1.000000e+00  0.000000e+00
   outer loop
     vertex  3.092890e-01 -2.200000e-01  7.848867e-02
     vertex  2.654779e-01 -2.200000e-01  9.481378e-02
     vertex  2.639759e-01 -2.200000e-01  9.466909e-02
   endloop
 endfacet
 facet normal  0.000000e+00 -1.000000e+00  0.000000e+00
   outer loop
     vertex  3.092890e-01 -2.200000e-01  7.848867e-02
     vertex  2.700000e-01 -2.200000e-01  9.500000e-02
     vertex  2.684911e-01 -2.200000e-01  9.497930e-02
   endloop
 endfacet
 facet normal  0.000000e+00 -1.000000e+00  0.000000e+00
   outer loop
     vertex  3.092890e-01 -2.200000e-01  7.848867e-02
     vertex  2.387803e-01 -2.200000e-01  8.528059e-02
     vertex  2.363438e-01 -2.200000e-01  8.350011e-02
   endloop
 endfacet
 facet normal  0.000000e+00 -1.000000e+00  0.000000e+00
   outer loop
     vertex  3.092890e-01 -2.200000e-01  7.848867e-02
     vertex  2.479977e-01 -2.200000e-01  9.040733e-02
     vertex  2.452661e-01 -2.200000e-01  8.912469e-02
   endloop
 endfacet
 facet normal  0.000000e+00 -1.000000e+00  0.000000e+00
   outer loop
     vertex  3.092890e-01 -2.200000e-01  7.848867e-02
     vertex  2.413108e-01 -2.200000e-01  8.692475e-02
     vertex  2.387803e-01 -2.200000e-01  8.528059e-02
   endloop
 endfacet
 facet normal  0.000000e+00 -1.000000e+00  0.000000e+00
   outer loop
     vertex  3.092890e-01 -2.200000e-01  7.848867e-02
     vertex  2.522167e-01 -2.200000e-01  9.204568e-02
     vertex  2.493889e-01 -2.200000e-01  9.099197e-02
   endloop
 endfacet
 facet normal  0.000000e+00 -1.000000e+00  0.000000e+00
   outer loop
     vertex  3.092890e-01 -2.200000e-01  7.848867e-02
     vertex  2.240866e-01 -2.200000e-01  7.028134e-02
     vertex  2.217523e-01 -2.200000e-01  6.640384e-02
   endloop
 endfacet
 facet normal  0.000000e+00 -1.000000e+00  0.000000e+00
   outer loop
     vertex  3.092890e-01 -2.200000e-01  7.848867e-02
     vertex  2.286592e-01 -2.200000e-01  7.627584e-02
     vertex  2.267318e-01 -2.200000e-01  7.395379e-02
   endloop
 endfacet
 facet normal  0.000000e+00 -1.000000e+00  0.000000e+00
   outer loop
     vertex  3.092890e-01 -2.200000e-01  7.848867e-02
     vertex  2.684911e-01 -2.200000e-01  9.497930e-02
     vertex  2.654779e-01 -2.200000e-01  9.481378e-02
   endloop
 endfacet
 facet normal  0.000000e+00 -1.000000e+00  0.000000e+00
   outer loop
     vertex  3.092890e-01 -2.200000e-01  7.848867e-02
     vertex  2.609865e-01 -2.200000e-01  9.425639e-02
     vertex  2.580242e-01 -2.200000e-01  9.368036e-02
   endloop
 endfacet
 facet normal  0.000000e+00 -1.000000e+00  0.000000e+00
   outer loop
     vertex  3.092890e-01 -2.200000e-01  7.848867e-02
     vertex  2.986892e-01 -2.200000e-01  8.692475e-02
     vertex  2.933769e-01 -2.200000e-01  8.978475e-02
   endloop
 endfacet
 facet normal  0.000000e+00 -1.000000e+00  0.000000e+00
   outer loop
     vertex  3.092890e-01 -2.200000e-01  7.848867e-02
     vertex  2.804986e-01 -2.200000e-01  9.398870e-02
     vertex  2.760241e-01 -2.200000e-01  9.466909e-02
   endloop
 endfacet
 facet normal  0.000000e+00 -1.000000e+00  0.000000e+00
   outer loop
     vertex  3.092890e-01 -2.200000e-01  7.848867e-02
     vertex  3.150654e-01 -2.200000e-01  7.152953e-02
     vertex  3.123205e-01 -2.200000e-01  7.512804e-02
   endloop
 endfacet
 facet normal  0.000000e+00 -1.000000e+00  0.000000e+00
   outer loop
     vertex  3.092890e-01 -2.200000e-01  7.848867e-02
     vertex  3.208494e-01 -2.200000e-01  6.096042e-02
     vertex  3.196232e-01 -2.200000e-01  6.371783e-02
   endloop
 endfacet
 facet normal  0.000000e+00 -1.000000e+00  0.000000e+00
   outer loop
     vertex  3.092890e-01 -2.200000e-01  7.848867e-02
     vertex  3.059914e-01 -2.200000e-01  8.158868e-02
     vertex  3.024502e-01 -2.200000e-01  8.440707e-02
   endloop
 endfacet
 facet normal  0.000000e+00  1.000000e+00  0.000000e+00
   outer loop
     vertex  2.240866e-01  2.200000e-01  7.028134e-02
     vertex  2.217523e-01  2.200000e-01  6.640384e-02
     vertex  2.224949e-01  2.200000e-01  6.771753e-02
   endloop
 endfacet
 facet normal  0.000000e+00  1.000000e+00  0.000000e+00
   outer loop
     vertex  2.240866e-01  2.200000e-01  7.028134e-02
     vertex  2.224949e-01  2.200000e-01  6.771753e-02
     vertex  2.232731e-01  2.200000e-01  6.901035e-02
   endloop
 endfacet
 facet normal  0.000000e+00  1.000000e+00  0.000000e+00
   outer loop
     vertex  2.286592e-01  2.200000e-01  7.627584e-02
     vertex  2.267318e-01  2.200000e-01  7.395379e-02
     vertex  2.276795e-01  2.200000e-01  7.512804e-02
   endloop
 endfacet
 facet normal  0.000000e+00  1.000000e+00  0.000000e+00
   outer loop
     vertex  2.387803e-01  2.200000e-01  8.528059e-02
     vertex  2.363438e-01  2.200000e-01  8.350011e-02
     vertex  2.375498e-01  2.200000e-01  8.440707e-02
   endloop
 endfacet
 facet normal  0.000000e+00  1.000000e+00  0.000000e+00
   outer loop
     vertex  2.413108e-01  2.200000e-01  8.692475e-02
     vertex  2.387803e-01  2.200000e-01  8.528059e-02
     vertex  2.400343e-01  2.200000e-01  8.612003e-02
   endloop
 endfacet
 facet normal  0.000000e+00  1.000000e+00  0.000000e+00
   outer loop
     vertex  2.479977e-01  2.200000e-01  9.040733e-02
     vertex  2.452661e-01  2.200000e-01  8.912469e-02
     vertex  2.466231e-01  2.200000e-01  8.978475e-02
   endloop
 endfacet
 facet normal  0.000000e+00  1.000000e+00  0.000000e+00
   outer loop
     vertex  2.522167e-01  2.200000e-01  9.204568e-02
     vertex  2.493889e-01  2.200000e-01  9.099197e-02
     vertex  2.507955e-01  2.200000e-01  9.153823e-02
   endloop
 endfacet
 facet normal  0.000000e+00  1.000000e+00  0.000000e+00
   outer loop
     vertex  2.609865e-01  2.200000e-01  9.425639e-02
     vertex  2.580242e-01  2.200000e-01  9.368036e-02
     vertex  2.595014e-01  2.200000e-01  9.398870e-02
   endloop
 endfacet
 facet normal  0.000000e+00  1.000000e+00  0.000000e+00
   outer loop
     vertex  2.684911e-01  2.200000e-01  9.497930e-02
     vertex  2.654779e-01  2.200000e-01  9.481378e-02
     vertex  2.669834e-01  2.200000e-01  9.491721e-02
   endloop
 endfacet
 facet normal  0.000000e+00  1.000000e+00  0.000000e+00
   outer loop
     vertex  2.804986e-01  2.200000e-01  9.398870e-02
     vertex  2.760241e-01  2.200000e-01  9.466909e-02
     vertex  2.775217e-01  2.200000e-01  9.448325e-02
   endloop
 endfacet
 facet normal  0.000000e+00  1.000000e+00  0.000000e+00
   outer loop
     vertex  2.804986e-01  2.200000e-01  9.398870e-02
     vertex  2.775217e-01  2.200000e-01  9.448325e-02
     vertex  2.790135e-01  2.200000e-01  9.425639e-02
   endloop
 endfacet
 facet normal  0.000000e+00  1.000000e+00  0.000000e+00
   outer loop
     vertex  3.196232e-01  2.200000e-01  6.371783e-02
     vertex  3.202552e-01  2.200000e-01  6.234754e-02
     vertex  3.208494e-01  2.200000e-01  6.096042e-02
   endloop
 endfacet
 facet normal  0.000000e+00  1.000000e+00  0.000000e+00
   outer loop
     vertex  2.986892e-01  2.200000e-01  8.692475e-02
     vertex  2.933769e-01  2.200000e-01  8.978475e-02
     vertex  2.947339e-01  2.200000e-01  8.912469e-02
   endloop
 endfacet
 facet normal  0.000000e+00  1.000000e+00  0.000000e+00
   outer loop
     vertex  2.986892e-01  2.200000e-01  8.692475e-02
     vertex  2.947339e-01  2.200000e-01  8.912469e-02
     vertex  2.960723e-01  2.200000e-01  8.842765e-02
   endloop
 endfacet
 facet normal  0.000000e+00  1.000000e+00  0.000000e+00
   outer loop
     vertex  2.986892e-01  2.200000e-01  8.692475e-02
     vertex  2.960723e-01  2.200000e-01  8.842765e-02
     vertex  2.973910e-01  2.200000e-01  8.769415e-02
   endloop
 endfacet
 facet normal  0.000000e+00  1.000000e+00  0.000000e+00
   outer loop
     vertex  3.048369e-01  2.200000e-01  8.256042e-02
     vertex  3.024502e-01  2.200000e-01  8.440707e-02
     vertex  3.036562e-01  2.200000e-01  8.350011e-02
   endloop
 endfacet
 facet normal  0.000000e+00  1.000000e+00  0.000000e+00
   outer loop
     vertex  3.123205e-01  2.200000e-01  7.512804e-02
     vertex  3.132682e-01  2.200000e-01  7.395379e-02
     vertex  3.141834e-01  2.200000e-01  7.275399e-02
   endloop
 endfacet
 facet normal  0.000000e+00  1.000000e+00  0.000000e+00
   outer loop
     vertex  3.123205e-01  2.200000e-01  7.512804e-02
     vertex  3.141834e-01  2.200000e-01  7.275399e-02
     vertex  3.150654e-01  2.200000e-01  7.152953e-02
   endloop
 endfacet
 facet normal  0.000000e+00  1.000000e+00  0.000000e+00
   outer loop
     vertex  3.059914e-01  2.200000e-01  8.158868e-02
     vertex  3.024502e-01  2.200000e-01  8.440707e-02
     vertex  3.048369e-01  2.200000e-01  8.256042e-02
   endloop
 endfacet
 facet normal  0.000000e+00  1.000000e+00  0.000000e+00
   outer loop
     vertex  3.092890e-01  2.200000e-01  7.848867e-02
     vertex  2.700000e-01  2.200000e-01  9.500000e-02
     vertex  2.715089e-01  2.200000e-01  9.497930e-02
   endloop
 endfacet
 facet normal  0.000000e+00  1.000000e+00  0.000000e+00
   outer loop
     vertex  3.092890e-01  2.200000e-01  7.848867e-02
     vertex  2.715089e-01  2.200000e-01  9.497930e-02
     vertex  2.730166e-01  2.200000e-01  9.491721e-02
   endloop
 endfacet
 facet normal  0.000000e+00  1.000000e+00  0.000000e+00
   outer loop
     vertex  3.092890e-01  2.200000e-01  7.848867e-02
     vertex  2.730166e-01  2.200000e-01  9.491721e-02
     vertex  2.745221e-01  2.200000e-01  9.481378e-02
   endloop
 endfacet
 facet normal  0.000000e+00  1.000000e+00  0.000000e+00
   outer loop
     vertex  3.092890e-01  2.200000e-01  7.848867e-02
     vertex  2.745221e-01  2.200000e-01  9.481378e-02
     vertex  2.760241e-01  2.200000e-01  9.466909e-02
   endloop
 endfacet
 facet normal  0.000000e+00  1.000000e+00  0.000000e+00
   outer loop
     vertex  3.092890e-01  2.200000e-01  7.848867e-02
     vertex  2.804986e-01  2.200000e-01  9.398870e-02
     vertex  2.819758e-01  2.200000e-01  9.368036e-02
   endloop
 endfacet
 facet normal  0.000000e+00  1.000000e+00  0.000000e+00
   outer loop
     vertex  3.092890e-01  2.200000e-01  7.848867e-02
     vertex  2.819758e-01  2.200000e-01  9.368036e-02
     vertex  2.834439e-01  2.200000e-01  9.333161e-02
   endloop
 endfacet
 facet normal  0.000000e+00  1.000000e+00  0.000000e+00
   outer loop
     vertex  3.092890e-01  2.200000e-01  7.848867e-02
     vertex  2.834439e-01  2.200000e-01  9.333161e-02
     vertex  2.849020e-01  2.200000e-01  9.294271e-02
   endloop
 endfacet
 facet normal  0.000000e+00  1.000000e+00  0.000000e+00
   outer loop
     vertex  3.092890e-01  2.200000e-01  7.848867e-02
     vertex  2.849020e-01  2.200000e-01  9.294271e-02
     vertex  2.863488e-01  2.200000e-01  9.251396e-02
   endloop
 endfacet
 facet normal  0.000000e+00  1.000000e+00  0.000000e+00
   outer loop
     vertex  3.092890e-01  2.200000e-01  7.848867e-02
     vertex  2.863488e-01  2.200000e-01  9.251396e-02
     vertex  2.877833e-01  2.200000e-01  9.204568e-02
   endloop
 endfacet
 facet normal  0.000000e+00  1.000000e+00  0.000000e+00
   outer loop
     vertex  3.092890e-01  2.200000e-01  7.848867e-02
     vertex  2.877833e-01  2.200000e-01  9.204568e-02
     vertex  2.892045e-01  2.200000e-01  9.153823e-02
   endloop
 endfacet
 facet normal  0.000000e+00  1.000000e+00  0.000000e+00
   outer loop
     vertex  3.092890e-01  2.200000e-01  7.848867e-02
     vertex  2.892045e-01  2.200000e-01  9.153823e-02
     vertex  2.906111e-01  2.200000e-01  9.099197e-02
   endloop
 endfacet
 facet normal  0.000000e+00  1.000000e+00  0.000000e+00
   outer loop
     vertex  3.092890e-01  2.200000e-01  7.848867e-02
     vertex  2.906111e-01  2.200000e-01  9.099197e-02
     vertex  2.920023e-01  2.200000e-01  9.040733e-02
   endloop
 endfacet
 facet normal  0.000000e+00  1.000000e+00  0.000000e+00
   outer loop
     vertex  3.092890e-01  2.200000e-01  7.848867e-02
     vertex  2.920023e-01  2.200000e-01  9.040733e-02
     vertex  2.933769e-01  2.200000e-01  8.978475e-02
   endloop
 endfacet
 facet normal  0.000000e+00  1.000000e+00  0.000000e+00
   outer loop
     vertex  3.092890e-01  2.200000e-01  7.848867e-02
     vertex  2.986892e-01  2.200000e-01  8.692475e-02
     vertex  2.999657e-01  2.200000e-01  8.612003e-02
   endloop
 endfacet
 facet normal  0.000000e+00  1.000000e+00  0.000000e+00
   outer loop
     vertex  3.092890e-01  2.200000e-01  7.848867e-02
     vertex  2.999657e-01  2.200000e-01  8.612003e-02
     vertex  3.012197e-01  2.200000e-01  8.528059e-02
   endloop
 endfacet
 facet normal  0.000000e+00  1.000000e+00  0.000000e+00
   outer loop
     vertex  3.092890e-01  2.200000e-01  7.848867e-02
     vertex  3.012197e-01  2.200000e-01  8.528059e-02
     vertex  3.024502e-01  2.200000e-01  8.440707e-02
   endloop
 endfacet
 facet normal  0.000000e+00  1.000000e+00  0.000000e+00
   outer loop
     vertex  3.092890e-01  2.200000e-01  7.848867e-02
     vertex  3.059914e-01  2.200000e-01  8.158868e-02
     vertex  3.071188e-01  2.200000e-01  8.058563e-02
   endloop
 endfacet
 facet normal  0.000000e+00  1.000000e+00  0.000000e+00
   outer loop
     vertex  3.092890e-01  2.200000e-01  7.848867e-02
     vertex  3.071188e-01  2.200000e-01  8.058563e-02
     vertex  3.082183e-01  2.200000e-01  7.955204e-02
   endloop
 endfacet
 facet normal  0.000000e+00  1.000000e+00  0.000000e+00
   outer loop
     vertex  3.092890e-01  2.200000e-01  7.848867e-02
     vertex  3.103301e-01  2.200000e-01  7.739633e-02
     vertex  3.113408e-01  2.200000e-01  7.627584e-02
   endloop
 endfacet
 facet normal  0.000000e+00  1.000000e+00  0.000000e+00
   outer loop
     vertex  3.092890e-01  2.200000e-01  7.848867e-02
     vertex  3.113408e-01  2.200000e-01  7.627584e-02
     vertex  3.123205e-01  2.200000e-01  7.512804e-02
   endloop
 endfacet
 facet normal  0.000000e+00  1.000000e+00  0.000000e+00
   outer loop
     vertex  3.092890e-01  2.200000e-01  7.848867e-02
     vertex  3.150654e-01  2.200000e-01  7.152953e-02
     vertex  3.159134e-01  2.200000e-01  7.028134e-02
   endloop
 endfacet
 facet normal  0.000000e+00  1.000000e+00  0.000000e+00
   outer loop
     vertex  3.092890e-01  2.200000e-01  7.848867e-02
     vertex  3.159134e-01  2.200000e-01  7.028134e-02
     vertex  3.167269e-01  2.200000e-01  6.901035e-02
   endloop
 endfacet
 facet normal  0.000000e+00  1.000000e+00  0.000000e+00
   outer loop
     vertex  3.092890e-01  2.200000e-01  7.848867e-02
     vertex  3.167269e-01  2.200000e-01  6.901035e-02
     vertex  3.175051e-01  2.200000e-01  6.771753e-02
   endloop
 endfacet
 facet normal  0.000000e+00  1.000000e+00  0.000000e+00
   outer loop
     vertex  3.092890e-01  2.200000e-01  7.848867e-02
     vertex  3.175051e-01  2.200000e-01  6.771753e-02
     vertex  3.182477e-01  2.200000e-01  6.640384e-02
   endloop
 endfacet
 facet normal  0.000000e+00  1.000000e+00  0.000000e+00
   outer loop
     vertex  3.092890e-01  2.200000e-01  7.848867e-02
     vertex  3.182477e-01  2.200000e-01  6.640384e-02
     vertex  3.189539e-01  2.200000e-01  6.507027e-02
   endloop
 endfacet
 facet normal  0.000000e+00  1.000000e+00  0.000000e+00
   outer loop
     vertex  3.092890e-01  2.200000e-01  7.848867e-02
     vertex  3.189539e-01  2.200000e-01  6.507027e-02
     vertex  3.196232e-01  2.200000e-01  6.371783e-02
   endloop
 endfacet
 facet normal  0.000000e+00  1.000000e+00  0.000000e+00
   outer loop
     vertex  3.092890e-01  2.200000e-01  7.848867e-02
     vertex  3.208494e-01  2.200000e-01  6.096042e-02
     vertex  3.214053e-01  2.200000e-01  5.955753e-02
   endloop
 endfacet
 facet normal  0.000000e+00  1.000000e+00  0.000000e+00
   outer loop
     vertex  3.092890e-01  2.200000e-01  7.848867e-02
     vertex  3.214053e-01  2.200000e-01  5.955753e-02
     vertex  3.219225e-01  2.200000e-01  5.813991e-02
   endloop
 endfacet
 facet normal  0.000000e+00  1.000000e+00  0.000000e+00
   outer loop
     vertex  3.092890e-01  2.200000e-01  7.848867e-02
     vertex  3.219225e-01  2.200000e-01  5.813991e-02
     vertex  3.224006e-01  2.200000e-01  5.670864e-02
   endloop
 endfacet
 facet normal  0.000000e+00  1.000000e+00  0.000000e+00
   outer loop
     vertex  3.092890e-01  2.200000e-01  7.848867e-02
     vertex  3.224006e-01  2.200000e-01  5.670864e-02
     vertex  3.228392e-01  2.200000e-01  5.526479e-02
   endloop
 endfacet
 facet normal  0.000000e+00  1.000000e+00  0.000000e+00
   outer loop
     vertex  3.092890e-01  2.200000e-01  7.848867e-02
     vertex  3.228392e-01  2.200000e-01  5.526479e-02
     vertex  3.232381e-01  2.200000e-01  5.380945e-02
   endloop
 endfacet
 facet normal  0.000000e+00  1.000000e+00  0.000000e+00
   outer loop
     vertex  3.092890e-01  2.200000e-01  7.848867e-02
     vertex  3.232381e-01  2.200000e-01  5.380945e-02
     vertex  3.235969e-01  2.200000e-01  5.234372e-02
   endloop
 endfacet
 facet normal  0.000000e+00  1.000000e+00  0.000000e+00
   outer loop
     vertex  3.092890e-01  2.200000e-01  7.848867e-02
     vertex  3.235969e-01  2.200000e-01  5.234372e-02
     vertex  3.239154e-01  2.200000e-01  5.086869e-02
   endloop
 endfacet
 facet normal  0.000000e+00  1.000000e+00  0.000000e+00
   outer loop
     vertex  3.092890e-01  2.200000e-01  7.848867e-02
     vertex  3.239154e-01  2.200000e-01  5.086869e-02
     vertex  3.241933e-01  2.200000e-01  4.938548e-02
   endloop
 endfacet
 facet normal  0.000000e+00  1.000000e+00  0.000000e+00
   outer loop
     vertex  3.092890e-01  2.200000e-01  7.848867e-02
     vertex  3.241933e-01  2.200000e-01  4.938548e-02
     vertex  3.244304e-01  2.200000e-01  4.789521e-02
   endloop
 endfacet
 facet normal  0.000000e+00  1.000000e+00  0.000000e+00
   outer loop
     vertex  3.092890e-01  2.200000e-01  7.848867e-02
     vertex  3.244304e-01  2.200000e-01  4.789521e-02
     vertex  3.246265e-01  2.200000e-01  4.639899e-02
   endloop
 endfacet
 facet normal  0.000000e+00  1.000000e+00  0.000000e+00
   outer loop
     vertex  3.092890e-01  2.200000e-01  7.848867e-02
     vertex  3.246265e-01  2.200000e-01  4.639899e-02
     vertex  3.247815e-01  2.200000e-01  4.489795e-02
   endloop
 endfacet
 facet normal  0.000000e+00  1.000000e+00  0.000000e+00
   outer loop
     vertex  3.092890e-01  2.200000e-01  7.848867e-02
     vertex  3.247815e-01  2.200000e-01  4.489795e-02
     vertex  3.248952e-01  2.200000e-01  4.339323e-02
   endloop
 endfacet
 facet normal  0.000000e+00  1.000000e+00  0.000000e+00
   outer loop
     vertex  3.092890e-01  2.200000e-01  7.848867e-02
     vertex  3.248952e-01  2.200000e-01  4.339323e-02
     vertex  3.249677e-01  2.200000e-01  4.188596e-02
   endloop
 endfacet
 facet normal  0.000000e+00  1.000000e+00  0.000000e+00
   outer loop
     vertex  3.092890e-01  2.200000e-01  7.848867e-02
     vertex  3.249677e-01  2.200000e-01  4.188596e-02
     vertex  3.249987e-01  2.200000e-01  4.037726e-02
   endloop
 endfacet
 facet normal  0.000000e+00  1.000000e+00  0.000000e+00
   outer loop
     vertex  3.092890e-01  2.200000e-01  7.848867e-02
     vertex  3.249987e-01  2.200000e-01  4.037726e-02
     vertex  3.249884e-01  2.200000e-01  3.886828e-02
   endloop
 endfacet
 facet normal  0.000000e+00  1.000000e+00  0.000000e+00
   outer loop
     vertex  3.092890e-01  2.200000e-01  7.848867e-02
     vertex  3.249884e-01  2.200000e-01  3.886828e-02
     vertex  3.249366e-01  2.200000e-01  3.736016e-02
   endloop
 endfacet
 facet normal  0.000000e+00  1.000000e+00  0.000000e+00
   outer loop
     vertex  3.092890e-01  2.200000e-01  7.848867e-02
     vertex  3.249366e-01  2.200000e-01  3.736016e-02
     vertex  3.248435e-01  2.200000e-01  3.585402e-02
   endloop
 endfacet
 facet normal  0.000000e+00  1.000000e+00  0.000000e+00
   outer loop
     vertex  3.092890e-01  2.200000e-01  7.848867e-02
     vertex  3.248435e-01  2.200000e-01  3.585402e-02
     vertex  3.247091e-01  2.200000e-01  3.435100e-02
   endloop
 endfacet
 facet normal  0.000000e+00  1.000000e+00  0.000000e+00
   outer loop
     vertex  3.092890e-01  2.200000e-01  7.848867e-02
     vertex  3.247091e-01  2.200000e-01  3.435100e-02
     vertex  3.245336e-01  2.200000e-01  3.285223e-02
   endloop
 endfacet
 facet normal  0.000000e+00  1.000000e+00  0.000000e+00
   outer loop
     vertex  3.092890e-01  2.200000e-01  7.848867e-02
     vertex  3.245336e-01  2.200000e-01  3.285223e-02
     vertex  3.243169e-01  2.200000e-01  3.135884e-02
   endloop
 endfacet
 facet normal  0.000000e+00  1.000000e+00  0.000000e+00
   outer loop
     vertex  3.092890e-01  2.200000e-01  7.848867e-02
     vertex  3.243169e-01  2.200000e-01  3.135884e-02
     vertex  3.240594e-01  2.200000e-01  2.987196e-02
   endloop
 endfacet
 facet normal  0.000000e+00  1.000000e+00  0.000000e+00
   outer loop
     vertex  3.092890e-01  2.200000e-01  7.848867e-02
     vertex  3.240594e-01  2.200000e-01  2.987196e-02
     vertex  3.237612e-01  2.200000e-01  2.839271e-02
   endloop
 endfacet
 facet normal  0.000000e+00  1.000000e+00  0.000000e+00
   outer loop
     vertex  3.092890e-01  2.200000e-01  7.848867e-02
     vertex  3.237612e-01  2.200000e-01  2.839271e-02
     vertex  3.234226e-01  2.200000e-01  2.692219e-02
   endloop
 endfacet
 facet normal  0.000000e+00  1.000000e+00  0.000000e+00
   outer loop
     vertex  3.092890e-01  2.200000e-01  7.848867e-02
     vertex  3.234226e-01  2.200000e-01  2.692219e-02
     vertex  3.230437e-01  2.200000e-01  2.546151e-02
   endloop
 endfacet
 facet normal  0.000000e+00  1.000000e+00  0.000000e+00
   outer loop
     vertex  3.092890e-01  2.200000e-01  7.848867e-02
     vertex  3.230437e-01  2.200000e-01  2.546151e-02
     vertex  3.226249e-01  2.200000e-01  2.401178e-02
   endloop
 endfacet
 facet normal  0.000000e+00  1.000000e+00  0.000000e+00
   outer loop
     vertex  3.092890e-01  2.200000e-01  7.848867e-02
     vertex  3.226249e-01  2.200000e-01  2.401178e-02
     vertex  3.221664e-01  2.200000e-01  2.257408e-02
   endloop
 endfacet
 facet normal  0.000000e+00  1.000000e+00  0.000000e+00
   outer loop
     vertex  3.092890e-01  2.200000e-01  7.848867e-02
     vertex  3.221664e-01  2.200000e-01  2.257408e-02
     vertex  3.216687e-01  2.200000e-01  2.114951e-02
   endloop
 endfacet
 facet normal  0.000000e+00  1.000000e+00  0.000000e+00
   outer loop
     vertex  3.092890e-01  2.200000e-01  7.848867e-02
     vertex  3.216687e-01  2.200000e-01  2.114951e-02
     vertex  3.211321e-01  2.200000e-01  1.973912e-02
   endloop
 endfacet
 facet normal  0.000000e+00  1.000000e+00  0.000000e+00
   outer loop
     vertex  3.092890e-01  2.200000e-01  7.848867e-02
     vertex  3.211321e-01  2.200000e-01  1.973912e-02
     vertex  3.205571e-01  2.200000e-01  1.834398e-02
   endloop
 endfacet
 facet normal  0.000000e+00  1.000000e+00  0.000000e+00
   outer loop
     vertex  3.092890e-01  2.200000e-01  7.848867e-02
     vertex  3.205571e-01  2.200000e-01  1.834398e-02
     vertex  3.199439e-01  2.200000e-01  1.696515e-02
   endloop
 endfacet
 facet normal  0.000000e+00  1.000000e+00  0.000000e+00
   outer loop
     vertex  3.092890e-01  2.200000e-01  7.848867e-02
     vertex  3.199439e-01  2.200000e-01  1.696515e-02
     vertex  3.192932e-01  2.200000e-01  1.560366e-02
   endloop
 endfacet
 facet normal  0.000000e+00  1.000000e+00  0.000000e+00
   outer loop
     vertex  3.092890e-01  2.200000e-01  7.848867e-02
     vertex  3.192932e-01  2.200000e-01  1.560366e-02
     vertex  3.186053e-01  2.200000e-01  1.426053e-02
   endloop
 endfacet
 facet normal  0.000000e+00  1.000000e+00  0.000000e+00
   outer loop
     vertex  3.092890e-01  2.200000e-01  7.848867e-02
     vertex  3.186053e-01  2.200000e-01  1.426053e-02
     vertex  3.178809e-01  2.200000e-01  1.293677e-02
   endloop
 endfacet
 facet normal  0.000000e+00  1.000000e+00  0.000000e+00
   outer loop
     vertex  3.092890e-01  2.200000e-01  7.848867e-02
     vertex  3.178809e-01  2.200000e-01  1.293677e-02
     vertex  3.171204e-01  2.200000e-01  1.163339e-02
   endloop
 endfacet
 facet normal  0.000000e+00  1.000000e+00  0.000000e+00
   outer loop
     vertex  3.092890e-01  2.200000e-01  7.848867e-02
     vertex  3.171204e-01  2.200000e-01  1.163339e-02
     vertex  3.163245e-01  2.200000e-01  1.035136e-02
   endloop
 endfacet
 facet normal  0.000000e+00  1.000000e+00  0.000000e+00
   outer loop
     vertex  3.092890e-01  2.200000e-01  7.848867e-02
     vertex  3.163245e-01  2.200000e-01  1.035136e-02
     vertex  3.154937e-01  2.200000e-01  9.091655e-03
   endloop
 endfacet
 facet normal  0.000000e+00  1.000000e+00  0.000000e+00
   outer loop
     vertex  3.092890e-01  2.200000e-01  7.848867e-02
     vertex  3.154937e-01  2.200000e-01  9.091655e-03
     vertex  3.146286e-01  2.200000e-01  7.855213e-03
   endloop
 endfacet
 facet normal  0.000000e+00  1.000000e+00  0.000000e+00
   outer loop
     vertex  3.092890e-01  2.200000e-01  7.848867e-02
     vertex  3.146286e-01  2.200000e-01  7.855213e-03
     vertex  3.137299e-01  2.200000e-01  6.642968e-03
   endloop
 endfacet
 facet normal  0.000000e+00  1.000000e+00  0.000000e+00
   outer loop
     vertex  3.092890e-01  2.200000e-01  7.848867e-02
     vertex  3.137299e-01  2.200000e-01  6.642968e-03
     vertex  3.127984e-01  2.200000e-01  5.455834e-03
   endloop
 endfacet
 facet normal  0.000000e+00  1.000000e+00  0.000000e+00
   outer loop
     vertex  3.092890e-01  2.200000e-01  7.848867e-02
     vertex  3.127984e-01  2.200000e-01  5.455834e-03
     vertex  3.118346e-01  2.200000e-01  4.294703e-03
   endloop
 endfacet
 facet normal  0.000000e+00  1.000000e+00  0.000000e+00
   outer loop
     vertex  3.092890e-01  2.200000e-01  7.848867e-02
     vertex  3.118346e-01  2.200000e-01  4.294703e-03
     vertex  3.108393e-01  2.200000e-01  3.160450e-03
   endloop
 endfacet
 facet normal  0.000000e+00  1.000000e+00  0.000000e+00
   outer loop
     vertex  3.092890e-01  2.200000e-01  7.848867e-02
     vertex  3.108393e-01  2.200000e-01  3.160450e-03
     vertex  3.098133e-01  2.200000e-01  2.053929e-03
   endloop
 endfacet
 facet normal  0.000000e+00  1.000000e+00  0.000000e+00
   outer loop
     vertex  3.092890e-01  2.200000e-01  7.848867e-02
     vertex  3.098133e-01  2.200000e-01  2.053929e-03
     vertex  3.087573e-01  2.200000e-01  9.759725e-04
   endloop
 endfacet
 facet normal  0.000000e+00  1.000000e+00  0.000000e+00
   outer loop
     vertex  3.092890e-01  2.200000e-01  7.848867e-02
     vertex  3.087573e-01  2.200000e-01  9.759725e-04
     vertex  3.076721e-01  2.200000e-01 -7.260799e-05
   endloop
 endfacet
 facet normal  0.000000e+00  1.000000e+00  0.000000e+00
   outer loop
     vertex  3.092890e-01  2.200000e-01  7.848867e-02
     vertex  3.076721e-01  2.200000e-01 -7.260799e-05
     vertex  3.065586e-01  2.200000e-01 -1.091023e-03
   endloop
 endfacet
 facet normal  0.000000e+00  1.000000e+00  0.000000e+00
   outer loop
     vertex  3.092890e-01  2.200000e-01  7.848867e-02
     vertex  3.065586e-01  2.200000e-01 -1.091023e-03
     vertex  3.054175e-01  2.200000e-01 -2.078506e-03
   endloop
 endfacet
 facet normal  0.000000e+00  1.000000e+00  0.000000e+00
   outer loop
     vertex  3.092890e-01  2.200000e-01  7.848867e-02
     vertex  3.054175e-01  2.200000e-01 -2.078506e-03
     vertex  3.042498e-01  2.200000e-01 -3.034314e-03
   endloop
 endfacet
 facet normal  0.000000e+00  1.000000e+00  0.000000e+00
   outer loop
     vertex  3.092890e-01  2.200000e-01  7.848867e-02
     vertex  3.042498e-01  2.200000e-01 -3.034314e-03
     vertex  3.030563e-01  2.200000e-01 -3.957727e-03
   endloop
 endfacet
 facet normal  0.000000e+00  1.000000e+00  0.000000e+00
   outer loop
     vertex  3.092890e-01  2.200000e-01  7.848867e-02
     vertex  3.030563e-01  2.200000e-01 -3.957727e-03
     vertex  3.018379e-01  2.200000e-01 -4.848050e-03
   endloop
 endfacet
 facet normal  0.000000e+00  1.000000e+00  0.000000e+00
   outer loop
     vertex  3.092890e-01  2.200000e-01  7.848867e-02
     vertex  3.018379e-01  2.200000e-01 -4.848050e-03
     vertex  3.005956e-01  2.200000e-01 -5.704612e-03
   endloop
 endfacet
 facet normal  0.000000e+00  1.000000e+00  0.000000e+00
   outer loop
     vertex  3.092890e-01  2.200000e-01  7.848867e-02
     vertex  3.005956e-01  2.200000e-01 -5.704612e-03
     vertex  2.993302e-01  2.200000e-01 -6.526770e-03
   endloop
 endfacet
 facet normal  0.000000e+00  1.000000e+00  0.000000e+00
   outer loop
     vertex  3.092890e-01  2.200000e-01  7.848867e-02
     vertex  2.993302e-01  2.200000e-01 -6.526770e-03
     vertex  2.980427e-01  2.200000e-01 -7.313904e-03
   endloop
 endfacet
 facet normal  0.000000e+00  1.000000e+00  0.000000e+00
   outer loop
     vertex  3.092890e-01  2.200000e-01  7.848867e-02
     vertex  2.980427e-01  2.200000e-01 -7.313904e-03
     vertex  2.967342e-01  2.200000e-01 -8.065421e-03
   endloop
 endfacet
 facet normal  0.000000e+00  1.000000e+00  0.000000e+00
   outer loop
     vertex  3.092890e-01  2.200000e-01  7.848867e-02
     vertex  2.967342e-01  2.200000e-01 -8.065421e-03
     vertex  2.954055e-01  2.200000e-01 -8.780756e-03
   endloop
 endfacet
 facet normal  0.000000e+00  1.000000e+00  0.000000e+00
   outer loop
     vertex  3.092890e-01  2.200000e-01  7.848867e-02
     vertex  2.954055e-01  2.200000e-01 -8.780756e-03
     vertex  2.940577e-01  2.200000e-01 -9.459371e-03
   endloop
 endfacet
 facet normal  0.000000e+00  1.000000e+00  0.000000e+00
   outer loop
     vertex  3.092890e-01  2.200000e-01  7.848867e-02
     vertex  2.940577e-01  2.200000e-01 -9.459371e-03
     vertex  2.926917e-01  2.200000e-01 -1.010075e-02
   endloop
 endfacet
 facet normal  0.000000e+00  1.000000e+00  0.000000e+00
   outer loop
     vertex  3.092890e-01  2.200000e-01  7.848867e-02
     vertex  2.926917e-01  2.200000e-01 -1.010075e-02
     vertex  2.913087e-01  2.200000e-01 -1.070442e-02
   endloop
 endfacet
 facet normal  0.000000e+00  1.000000e+00  0.000000e+00
   outer loop
     vertex  3.092890e-01  2.200000e-01  7.848867e-02
     vertex  2.913087e-01  2.200000e-01 -1.070442e-02
     vertex  2.899097e-01  2.200000e-01 -1.126992e-02
   endloop
 endfacet
 facet normal  0.000000e+00  1.000000e+00  0.000000e+00
   outer loop
     vertex  3.092890e-01  2.200000e-01  7.848867e-02
     vertex  2.899097e-01  2.200000e-01 -1.126992e-02
     vertex  2.884956e-01  2.200000e-01 -1.179683e-02
   endloop
 endfacet
 facet normal  0.000000e+00  1.000000e+00  0.000000e+00
   outer loop
     vertex  3.092890e-01  2.200000e-01  7.848867e-02
     vertex  2.884956e-01  2.200000e-01 -1.179683e-02
     vertex  2.870677e-01  2.200000e-01 -1.228474e-02
   endloop
 endfacet
 facet normal  0.000000e+00  1.000000e+00  0.000000e+00
   outer loop
     vertex  3.092890e-01  2.200000e-01  7.848867e-02
     vertex  2.870677e-01  2.200000e-01 -1.228474e-02
     vertex  2.856269e-01  2.200000e-01 -1.273330e-02
   endloop
 endfacet
 facet normal  0.000000e+00  1.000000e+00  0.000000e+00
   outer loop
     vertex  3.092890e-01  2.200000e-01  7.848867e-02
     vertex  2.856269e-01  2.200000e-01 -1.273330e-02
     vertex  2.841743e-01  2.200000e-01 -1.314216e-02
   endloop
 endfacet
 facet normal  0.000000e+00  1.000000e+00  0.000000e+00
   outer loop
     vertex  3.092890e-01  2.200000e-01  7.848867e-02
     vertex  2.841743e-01  2.200000e-01 -1.314216e-02
     vertex  2.827111e-01  2.200000e-01 -1.351102e-02
   endloop
 endfacet
 facet normal  0.000000e+00  1.000000e+00  0.000000e+00
   outer loop
     vertex  3.092890e-01  2.200000e-01  7.848867e-02
     vertex  2.827111e-01  2.200000e-01 -1.351102e-02
     vertex  2.812383e-01  2.200000e-01 -1.383959e-02
   endloop
 endfacet
 facet normal  0.000000e+00  1.000000e+00  0.000000e+00
   outer loop
     vertex  3.092890e-01  2.200000e-01  7.848867e-02
     vertex  2.812383e-01  2.200000e-01 -1.383959e-02
     vertex  2.797570e-01  2.200000e-01 -1.412764e-02
   endloop
 endfacet
 facet normal  0.000000e+00  1.000000e+00  0.000000e+00
   outer loop
     vertex  3.092890e-01  2.200000e-01  7.848867e-02
     vertex  2.797570e-01  2.200000e-01 -1.412764e-02
     vertex  2.782684e-01  2.200000e-01 -1.437494e-02
   endloop
 endfacet
 facet normal  0.000000e+00  1.000000e+00  0.000000e+00
   outer loop
     vertex  3.092890e-01  2.200000e-01  7.848867e-02
     vertex  2.782684e-01  2.200000e-01 -1.437494e-02
     vertex  2.767735e-01  2.200000e-01 -1.458131e-02
   endloop
 endfacet
 facet normal  0.000000e+00  1.000000e+00  0.000000e+00
   outer loop
     vertex  3.092890e-01  2.200000e-01  7.848867e-02
     vertex  2.767735e-01  2.200000e-01 -1.458131e-02
     vertex  2.752736e-01  2.200000e-01 -1.474659e-02
   endloop
 endfacet
 facet normal  0.000000e+00  1.000000e+00  0.000000e+00
   outer loop
     vertex  3.092890e-01  2.200000e-01  7.848867e-02
     vertex  2.752736e-01  2.200000e-01 -1.474659e-02
     vertex  2.737697e-01  2.200000e-01 -1.487066e-02
   endloop
 endfacet
 facet normal  0.000000e+00  1.000000e+00  0.000000e+00
   outer loop
     vertex  3.092890e-01  2.200000e-01  7.848867e-02
     vertex  2.737697e-01  2.200000e-01 -1.487066e-02
     vertex  2.722630e-01  2.200000e-01 -1.495343e-02
   endloop
 endfacet
 facet normal  0.000000e+00  1.000000e+00  0.000000e+00
   outer loop
     vertex  3.092890e-01  2.200000e-01  7.848867e-02
     vertex  2.722630e-01  2.200000e-01 -1.495343e-02
     vertex  2.707545e-01  2.200000e-01 -1.499482e-02
   endloop
 endfacet
 facet normal  0.000000e+00  1.000000e+00  0.000000e+00
   outer loop
     vertex  3.092890e-01  2.200000e-01  7.848867e-02
     vertex  2.707545e-01  2.200000e-01 -1.499482e-02
     vertex  2.692455e-01  2.200000e-01 -1.499482e-02
   endloop
 endfacet
 facet normal  0.000000e+00  1.000000e+00  0.000000e+00
   outer loop
     vertex  3.092890e-01  2.200000e-01  7.848867e-02
     vertex  2.692455e-01  2.200000e-01 -1.499482e-02
     vertex  2.677370e-01  2.200000e-01 -1.495343e-02
   endloop
 endfacet
 facet normal  0.000000e+00  1.000000e+00  0.000000e+00
   outer loop
     vertex  3.092890e-01  2.200000e-01  7.848867e-02
     vertex  2.677370e-01  2.200000e-01 -1.495343e-02
     vertex  2.662303e-01  2.200000e-01 -1.487066e-02
   endloop
 endfacet
 facet normal  0.000000e+00  1.000000e+00  0.000000e+00
   outer loop
     vertex  3.092890e-01  2.200000e-01  7.848867e-02
     vertex  2.662303e-01  2.200000e-01 -1.487066e-02
     vertex  2.647264e-01  2.200000e-01 -1.474659e-02
   endloop
 endfacet
 facet normal  0.000000e+00  1.000000e+00  0.000000e+00
   outer loop
     vertex  3.092890e-01  2.200000e-01  7.848867e-02
     vertex  2.647264e-01  2.200000e-01 -1.474659e-02
     vertex  2.632265e-01  2.200000e-01 -1.458131e-02
   endloop
 endfacet
 facet normal  0.000000e+00  1.000000e+00  0.000000e+00
   outer loop
     vertex  3.092890e-01  2.200000e-01  7.848867e-02
     vertex  2.632265e-01  2.200000e-01 -1.458131e-02
     vertex  2.617316e-01  2.200000e-01 -1.437494e-02
   endloop
 endfacet
 facet normal  0.000000e+00  1.000000e+00  0.000000e+00
   outer loop
     vertex  3.092890e-01  2.200000e-01  7.848867e-02
     vertex  2.617316e-01  2.200000e-01 -1.437494e-02
     vertex  2.602430e-01  2.200000e-01 -1.412764e-02
   endloop
 endfacet
 facet normal  0.000000e+00  1.000000e+00  0.000000e+00
   outer loop
     vertex  3.092890e-01  2.200000e-01  7.848867e-02
     vertex  2.602430e-01  2.200000e-01 -1.412764e-02
     vertex  2.587617e-01  2.200000e-01 -1.383959e-02
   endloop
 endfacet
 facet normal  0.000000e+00  1.000000e+00  0.000000e+00
   outer loop
     vertex  3.092890e-01  2.200000e-01  7.848867e-02
     vertex  2.587617e-01  2.200000e-01 -1.383959e-02
     vertex  2.572889e-01  2.200000e-01 -1.351102e-02
   endloop
 endfacet
 facet normal  0.000000e+00  1.000000e+00  0.000000e+00
   outer loop
     vertex  3.092890e-01  2.200000e-01  7.848867e-02
     vertex  2.572889e-01  2.200000e-01 -1.351102e-02
     vertex  2.558257e-01  2.200000e-01 -1.314216e-02
   endloop
 endfacet
 facet normal  0.000000e+00  1.000000e+00  0.000000e+00
   outer loop
     vertex  3.092890e-01  2.200000e-01  7.848867e-02
     vertex  2.558257e-01  2.200000e-01 -1.314216e-02
     vertex  2.543731e-01  2.200000e-01 -1.273330e-02
   endloop
 endfacet
 facet normal  0.000000e+00  1.000000e+00  0.000000e+00
   outer loop
     vertex  3.092890e-01  2.200000e-01  7.848867e-02
     vertex  2.543731e-01  2.200000e-01 -1.273330e-02
     vertex  2.529323e-01  2.200000e-01 -1.228474e-02
   endloop
 endfacet
 facet normal  0.000000e+00  1.000000e+00  0.000000e+00
   outer loop
     vertex  3.092890e-01  2.200000e-01  7.848867e-02
     vertex  2.529323e-01  2.200000e-01 -1.228474e-02
     vertex  2.515044e-01  2.200000e-01 -1.179683e-02
   endloop
 endfacet
 facet normal  0.000000e+00  1.000000e+00  0.000000e+00
   outer loop
     vertex  3.092890e-01  2.200000e-01  7.848867e-02
     vertex  2.515044e-01  2.200000e-01 -1.179683e-02
     vertex  2.500903e-01  2.200000e-01 -1.126992e-02
   endloop
 endfacet
 facet normal  0.000000e+00  1.000000e+00  0.000000e+00
   outer loop
     vertex  3.092890e-01  2.200000e-01  7.848867e-02
     vertex  2.500903e-01  2.200000e-01 -1.126992e-02
     vertex  2.486913e-01  2.200000e-01 -1.070442e-02
   endloop
 endfacet
 facet normal  0.000000e+00  1.000000e+00  0.000000e+00
   outer loop
     vertex  3.092890e-01  2.200000e-01  7.848867e-02
     vertex  2.486913e-01  2.200000e-01 -1.070442e-02
     vertex  2.473083e-01  2.200000e-01 -1.010075e-02
   endloop
 endfacet
 facet normal  0.000000e+00  1.000000e+00  0.000000e+00
   outer loop
     vertex  3.092890e-01  2.200000e-01  7.848867e-02
     vertex  2.473083e-01  2.200000e-01 -1.010075e-02
     vertex  2.459423e-01  2.200000e-01 -9.459371e-03
   endloop
 endfacet
 facet normal  0.000000e+00  1.000000e+00  0.000000e+00
   outer loop
     vertex  3.092890e-01  2.200000e-01  7.848867e-02
     vertex  2.459423e-01  2.200000e-01 -9.459371e-03
     vertex  2.445945e-01  2.200000e-01 -8.780756e-03
   endloop
 endfacet
 facet normal  0.000000e+00  1.000000e+00  0.000000e+00
   outer loop
     vertex  3.092890e-01  2.200000e-01  7.848867e-02
     vertex  2.445945e-01  2.200000e-01 -8.780756e-03
     vertex  2.432658e-01  2.200000e-01 -8.065421e-03
   endloop
 endfacet
 facet normal  0.000000e+00  1.000000e+00  0.000000e+00
   outer loop
     vertex  3.092890e-01  2.200000e-01  7.848867e-02
     vertex  2.432658e-01  2.200000e-01 -8.065421e-03
     vertex  2.419573e-01  2.200000e-01 -7.313904e-03
   endloop
 endfacet
 facet normal  0.000000e+00  1.000000e+00  0.000000e+00
   outer loop
     vertex  3.092890e-01  2.200000e-01  7.848867e-02
     vertex  2.419573e-01  2.200000e-01 -7.313904e-03
     vertex  2.406698e-01  2.200000e-01 -6.526770e-03
   endloop
 endfacet
 facet normal  0.000000e+00  1.000000e+00  0.000000e+00
   outer loop
     vertex  3.092890e-01  2.200000e-01  7.848867e-02
     vertex  2.406698e-01  2.200000e-01 -6.526770e-03
     vertex  2.394044e-01  2.200000e-01 -5.704612e-03
   endloop
 endfacet
 facet normal  0.000000e+00  1.000000e+00  0.000000e+00
   outer loop
     vertex  3.092890e-01  2.200000e-01  7.848867e-02
     vertex  2.394044e-01  2.200000e-01 -5.704612e-03
     vertex  2.381621e-01  2.200000e-01 -4.848050e-03
   endloop
 endfacet
 facet normal  0.000000e+00  1.000000e+00  0.000000e+00
   outer loop
     vertex  3.092890e-01  2.200000e-01  7.848867e-02
     vertex  2.381621e-01  2.200000e-01 -4.848050e-03
     vertex  2.369437e-01  2.200000e-01 -3.957727e-03
   endloop
 endfacet
 facet normal  0.000000e+00  1.000000e+00  0.000000e+00
   outer loop
     vertex  3.092890e-01  2.200000e-01  7.848867e-02
     vertex  2.369437e-01  2.200000e-01 -3.957727e-03
     vertex  2.357502e-01  2.200000e-01 -3.034314e-03
   endloop
 endfacet
 facet normal  0.000000e+00  1.000000e+00  0.000000e+00
   outer loop
     vertex  3.092890e-01  2.200000e-01  7.848867e-02
     vertex  2.357502e-01  2.200000e-01 -3.034314e-03
     vertex  2.345825e-01  2.200000e-01 -2.078506e-03
   endloop
 endfacet
 facet normal  0.000000e+00  1.000000e+00  0.000000e+00
   outer loop
     vertex  3.092890e-01  2.200000e-01  7.848867e-02
     vertex  2.345825e-01  2.200000e-01 -2.078506e-03
     vertex  2.334414e-01  2.200000e-01 -1.091023e-03
   endloop
 endfacet
 facet normal  0.000000e+00  1.000000e+00  0.000000e+00
   outer loop
     vertex  3.092890e-01  2.200000e-01  7.848867e-02
     vertex  2.334414e-01  2.200000e-01 -1.091023e-03
     vertex  2.323279e-01  2.200000e-01 -7.260799e-05
   endloop
 endfacet
 facet normal  0.000000e+00  1.000000e+00  0.000000e+00
   outer loop
     vertex  3.092890e-01  2.200000e-01  7.848867e-02
     vertex  2.323279e-01  2.200000e-01 -7.260799e-05
     vertex  2.312427e-01  2.200000e-01  9.759725e-04
   endloop
 endfacet
 facet normal  0.000000e+00  1.000000e+00  0.000000e+00
   outer loop
     vertex  3.092890e-01  2.200000e-01  7.848867e-02
     vertex  2.312427e-01  2.200000e-01  9.759725e-04
     vertex  2.301867e-01  2.200000e-01  2.053929e-03
   endloop
 endfacet
 facet normal  0.000000e+00  1.000000e+00  0.000000e+00
   outer loop
     vertex  3.092890e-01  2.200000e-01  7.848867e-02
     vertex  2.301867e-01  2.200000e-01  2.053929e-03
     vertex  2.291607e-01  2.200000e-01  3.160450e-03
   endloop
 endfacet
 facet normal  0.000000e+00  1.000000e+00  0.000000e+00
   outer loop
     vertex  3.092890e-01  2.200000e-01  7.848867e-02
     vertex  2.291607e-01  2.200000e-01  3.160450e-03
     vertex  2.281654e-01  2.200000e-01  4.294703e-03
   endloop
 endfacet
 facet normal  0.000000e+00  1.000000e+00  0.000000e+00
   outer loop
     vertex  3.092890e-01  2.200000e-01  7.848867e-02
     vertex  2.281654e-01  2.200000e-01  4.294703e-03
     vertex  2.272016e-01  2.200000e-01  5.455834e-03
   endloop
 endfacet
 facet normal  0.000000e+00  1.000000e+00  0.000000e+00
   outer loop
     vertex  3.092890e-01  2.200000e-01  7.848867e-02
     vertex  2.272016e-01  2.200000e-01  5.455834e-03
     vertex  2.262701e-01  2.200000e-01  6.642968e-03
   endloop
 endfacet
 facet normal  0.000000e+00  1.000000e+00  0.000000e+00
   outer loop
     vertex  3.092890e-01  2.200000e-01  7.848867e-02
     vertex  2.262701e-01  2.200000e-01  6.642968e-03
     vertex  2.253714e-01  2.200000e-01  7.855213e-03
   endloop
 endfacet
 facet normal  0.000000e+00  1.000000e+00  0.000000e+00
   outer loop
     vertex  3.092890e-01  2.200000e-01  7.848867e-02
     vertex  2.253714e-01  2.200000e-01  7.855213e-03
     vertex  2.245063e-01  2.200000e-01  9.091655e-03
   endloop
 endfacet
 facet normal  0.000000e+00  1.000000e+00  0.000000e+00
   outer loop
     vertex  3.092890e-01  2.200000e-01  7.848867e-02
     vertex  2.245063e-01  2.200000e-01  9.091655e-03
     vertex  2.236755e-01  2.200000e-01  1.035136e-02
   endloop
 endfacet
 facet normal  0.000000e+00  1.000000e+00  0.000000e+00
   outer loop
     vertex  3.092890e-01  2.200000e-01  7.848867e-02
     vertex  2.236755e-01  2.200000e-01  1.035136e-02
     vertex  2.228796e-01  2.200000e-01  1.163339e-02
   endloop
 endfacet
 facet normal  0.000000e+00  1.000000e+00  0.000000e+00
   outer loop
     vertex  3.092890e-01  2.200000e-01  7.848867e-02
     vertex  2.228796e-01  2.200000e-01  1.163339e-02
     vertex  2.221191e-01  2.200000e-01  1.293677e-02
   endloop
 endfacet
 facet normal  0.000000e+00  1.000000e+00  0.000000e+00
   outer loop
     vertex  3.092890e-01  2.200000e-01  7.848867e-02
     vertex  2.221191e-01  2.200000e-01  1.293677e-02
     vertex  2.213947e-01  2.200000e-01  1.426053e-02
   endloop
 endfacet
 facet normal  0.000000e+00  1.000000e+00  0.000000e+00
   outer loop
     vertex  3.092890e-01  2.200000e-01  7.848867e-02
     vertex  2.213947e-01  2.200000e-01  1.426053e-02
     vertex  2.207068e-01  2.200000e-01  1.560366e-02
   endloop
 endfacet
 facet normal  0.000000e+00  1.000000e+00  0.000000e+00
   outer loop
     vertex  3.092890e-01  2.200000e-01  7.848867e-02
     vertex  2.207068e-01  2.200000e-01  1.560366e-02
     vertex  2.200561e-01  2.200000e-01  1.696515e-02
   endloop
 endfacet
 facet normal  0.000000e+00  1.000000e+00  0.000000e+00
   outer loop
     vertex  3.092890e-01  2.200000e-01  7.848867e-02
     vertex  2.200561e-01  2.200000e-01  1.696515e-02
     vertex  2.194429e-01  2.200000e-01  1.834398e-02
   endloop
 endfacet
 facet normal  0.000000e+00  1.000000e+00  0.000000e+00
   outer loop
     vertex  3.092890e-01  2.200000e-01  7.848867e-02
     vertex  2.194429e-01  2.200000e-01  1.834398e-02
     vertex  2.188679e-01  2.200000e-01  1.973912e-02
   endloop
 endfacet
 facet normal  0.000000e+00  1.000000e+00  0.000000e+00
   outer loop
     vertex  3.092890e-01  2.200000e-01  7.848867e-02
     vertex  2.188679e-01  2.200000e-01  1.973912e-02
     vertex  2.183313e-01  2.200000e-01  2.114951e-02
   endloop
 endfacet
 facet normal  0.000000e+00  1.000000e+00  0.000000e+00
   outer loop
     vertex  3.092890e-01  2.200000e-01  7.848867e-02
     vertex  2.183313e-01  2.200000e-01  2.114951e-02
     vertex  2.178336e-01  2.200000e-01  2.257408e-02
   endloop
 endfacet
 facet normal  0.000000e+00  1.000000e+00  0.000000e+00
   outer loop
     vertex  3.092890e-01  2.200000e-01  7.848867e-02
     vertex  2.178336e-01  2.200000e-01  2.257408e-02
     vertex  2.173751e-01  2.200000e-01  2.401178e-02
   endloop
 endfacet
 facet normal  0.000000e+00  1.000000e+00  0.000000e+00
   outer loop
     vertex  3.092890e-01  2.200000e-01  7.848867e-02
     vertex  2.173751e-01  2.200000e-01  2.401178e-02
     vertex  2.169563e-01  2.200000e-01  2.546151e-02
   endloop
 endfacet
 facet normal  0.000000e+00  1.000000e+00  0.000000e+00
   outer loop
     vertex  3.092890e-01  2.200000e-01  7.848867e-02
     vertex  2.169563e-01  2.200000e-01  2.546151e-02
     vertex  2.165774e-01  2.200000e-01  2.692219e-02
   endloop
 endfacet
 facet normal  0.000000e+00  1.000000e+00  0.000000e+00
   outer loop
     vertex  3.092890e-01  2.200000e-01  7.848867e-02
     vertex  2.165774e-01  2.200000e-01  2.692219e-02
     vertex  2.162388e-01  2.200000e-01  2.839271e-02
   endloop
 endfacet
 facet normal  0.000000e+00  1.000000e+00  0.000000e+00
   outer loop
     vertex  3.092890e-01  2.200000e-01  7.848867e-02
     vertex  2.162388e-01  2.200000e-01  2.839271e-02
     vertex  2.159406e-01  2.200000e-01  2.987196e-02
   endloop
 endfacet
 facet normal  0.000000e+00  1.000000e+00  0.000000e+00
   outer loop
     vertex  3.092890e-01  2.200000e-01  7.848867e-02
     vertex  2.159406e-01  2.200000e-01  2.987196e-02
     vertex  2.156831e-01  2.200000e-01  3.135884e-02
   endloop
 endfacet
 facet normal  0.000000e+00  1.000000e+00  0.000000e+00
   outer loop
     vertex  3.092890e-01  2.200000e-01  7.848867e-02
     vertex  2.156831e-01  2.200000e-01  3.135884e-02
     vertex  2.154664e-01  2.200000e-01  3.285223e-02
   endloop
 endfacet
 facet normal  0.000000e+00  1.000000e+00  0.000000e+00
   outer loop
     vertex  3.092890e-01  2.200000e-01  7.848867e-02
     vertex  2.154664e-01  2.200000e-01  3.285223e-02
     vertex  2.152909e-01  2.200000e-01  3.435100e-02
   endloop
 endfacet
 facet normal  0.000000e+00  1.000000e+00  0.000000e+00
   outer loop
     vertex  3.092890e-01  2.200000e-01  7.848867e-02
     vertex  2.152909e-01  2.200000e-01  3.435100e-02
     vertex  2.151565e-01  2.200000e-01  3.585402e-02
   endloop
 endfacet
 facet normal  0.000000e+00  1.000000e+00  0.000000e+00
   outer loop
     vertex  3.092890e-01  2.200000e-01  7.848867e-02
     vertex  2.151565e-01  2.200000e-01  3.585402e-02
     vertex  2.150634e-01  2.200000e-01  3.736016e-02
   endloop
 endfacet
 facet normal  0.000000e+00  1.000000e+00  0.000000e+00
   outer loop
     vertex  3.092890e-01  2.200000e-01  7.848867e-02
     vertex  2.150634e-01  2.200000e-01  3.736016e-02
     vertex  2.150116e-01  2.200000e-01  3.886828e-02
   endloop
 endfacet
 facet normal  0.000000e+00  1.000000e+00  0.000000e+00
   outer loop
     vertex  3.092890e-01  2.200000e-01  7.848867e-02
     vertex  2.150116e-01  2.200000e-01  3.886828e-02
     vertex  2.150013e-01  2.200000e-01  4.037726e-02
   endloop
 endfacet
 facet normal  0.000000e+00  1.000000e+00  0.000000e+00
   outer loop
     vertex  3.092890e-01  2.200000e-01  7.848867e-02
     vertex  2.150013e-01  2.200000e-01  4.037726e-02
     vertex  2.150323e-01  2.200000e-01  4.188596e-02
   endloop
 endfacet
 facet normal  0.000000e+00  1.000000e+00  0.000000e+00
   outer loop
     vertex  3.092890e-01  2.200000e-01  7.848867e-02
     vertex  2.150323e-01  2.200000e-01  4.188596e-02
     vertex  2.151048e-01  2.200000e-01  4.339323e-02
   endloop
 endfacet
 facet normal  0.000000e+00  1.000000e+00  0.000000e+00
   outer loop
     vertex  3.092890e-01  2.200000e-01  7.848867e-02
     vertex  2.151048e-01  2.200000e-01  4.339323e-02
     vertex  2.152185e-01  2.200000e-01  4.489795e-02
   endloop
 endfacet
 facet normal  0.000000e+00  1.000000e+00  0.000000e+00
   outer loop
     vertex  3.092890e-01  2.200000e-01  7.848867e-02
     vertex  2.152185e-01  2.200000e-01  4.489795e-02
     vertex  2.153735e-01  2.200000e-01  4.639899e-02
   endloop
 endfacet
 facet normal  0.000000e+00  1.000000e+00  0.000000e+00
   outer loop
     vertex  3.092890e-01  2.200000e-01  7.848867e-02
     vertex  2.153735e-01  2.200000e-01  4.639899e-02
     vertex  2.155696e-01  2.200000e-01  4.789521e-02
   endloop
 endfacet
 facet normal  0.000000e+00  1.000000e+00  0.000000e+00
   outer loop
     vertex  3.092890e-01  2.200000e-01  7.848867e-02
     vertex  2.155696e-01  2.200000e-01  4.789521e-02
     vertex  2.158067e-01  2.200000e-01  4.938548e-02
   endloop
 endfacet
 facet normal  0.000000e+00  1.000000e+00  0.000000e+00
   outer loop
     vertex  3.092890e-01  2.200000e-01  7.848867e-02
     vertex  2.158067e-01  2.200000e-01  4.938548e-02
     vertex  2.160846e-01  2.200000e-01  5.086869e-02
   endloop
 endfacet
 facet normal  0.000000e+00  1.000000e+00  0.000000e+00
   outer loop
     vertex  3.092890e-01  2.200000e-01  7.848867e-02
     vertex  2.160846e-01  2.200000e-01  5.086869e-02
     vertex  2.164031e-01  2.200000e-01  5.234372e-02
   endloop
 endfacet
 facet normal  0.000000e+00  1.000000e+00  0.000000e+00
   outer loop
     vertex  3.092890e-01  2.200000e-01  7.848867e-02
     vertex  2.164031e-01  2.200000e-01  5.234372e-02
     vertex  2.167619e-01  2.200000e-01  5.380945e-02
   endloop
 endfacet
 facet normal  0.000000e+00  1.000000e+00  0.000000e+00
   outer loop
     vertex  3.092890e-01  2.200000e-01  7.848867e-02
     vertex  2.167619e-01  2.200000e-01  5.380945e-02
     vertex  2.171608e-01  2.200000e-01  5.526479e-02
   endloop
 endfacet
 facet normal  0.000000e+00  1.000000e+00  0.000000e+00
   outer loop
     vertex  3.092890e-01  2.200000e-01  7.848867e-02
     vertex  2.171608e-01  2.200000e-01  5.526479e-02
     vertex  2.175994e-01  2.200000e-01  5.670864e-02
   endloop
 endfacet
 facet normal  0.000000e+00  1.000000e+00  0.000000e+00
   outer loop
     vertex  3.092890e-01  2.200000e-01  7.848867e-02
     vertex  2.175994e-01  2.200000e-01  5.670864e-02
     vertex  2.180775e-01  2.200000e-01  5.813991e-02
   endloop
 endfacet
 facet normal  0.000000e+00  1.000000e+00  0.000000e+00
   outer loop
     vertex  3.092890e-01  2.200000e-01  7.848867e-02
     vertex  2.180775e-01  2.200000e-01  5.813991e-02
     vertex  2.185947e-01  2.200000e-01  5.955753e-02
   endloop
 endfacet
 facet normal  0.000000e+00  1.000000e+00  0.000000e+00
   outer loop
     vertex  3.092890e-01  2.200000e-01  7.848867e-02
     vertex  2.185947e-01  2.200000e-01  5.955753e-02
     vertex  2.191506e-01  2.200000e-01  6.096042e-02
   endloop
 endfacet
 facet normal  0.000000e+00  1.000000e+00  0.000000e+00
   outer loop
     vertex  3.092890e-01  2.200000e-01  7.848867e-02
     vertex  2.191506e-01  2.200000e-01  6.096042e-02
     vertex  2.197448e-01  2.200000e-01  6.234754e-02
   endloop
 endfacet
 facet normal  0.000000e+00  1.000000e+00  0.000000e+00
   outer loop
     vertex  3.092890e-01  2.200000e-01  7.848867e-02
     vertex  2.197448e-01  2.200000e-01  6.234754e-02
     vertex  2.203768e-01  2.200000e-01  6.371783e-02
   endloop
 endfacet
 facet normal  0.000000e+00  1.000000e+00  0.000000e+00
   outer loop
     vertex  3.092890e-01  2.200000e-01  7.848867e-02
     vertex  2.203768e-01  2.200000e-01  6.371783e-02
     vertex  2.210461e-01  2.200000e-01  6.507027e-02
   endloop
 endfacet
 facet normal  0.000000e+00  1.000000e+00  0.000000e+00
   outer loop
     vertex  3.092890e-01  2.200000e-01  7.848867e-02
     vertex  2.210461e-01  2.200000e-01  6.507027e-02
     vertex  2.217523e-01  2.200000e-01  6.640384e-02
   endloop
 endfacet
 facet normal  0.000000e+00  1.000000e+00  0.000000e+00
   outer loop
     vertex  3.092890e-01  2.200000e-01  7.848867e-02
     vertex  2.240866e-01  2.200000e-01  7.028134e-02
     vertex  2.249346e-01  2.200000e-01  7.152953e-02
   endloop
 endfacet
 facet normal  0.000000e+00  1.000000e+00  0.000000e+00
   outer loop
     vertex  3.092890e-01  2.200000e-01  7.848867e-02
     vertex  2.249346e-01  2.200000e-01  7.152953e-02
     vertex  2.258166e-01  2.200000e-01  7.275399e-02
   endloop
 endfacet
 facet normal  0.000000e+00  1.000000e+00  0.000000e+00
   outer loop
     vertex  3.092890e-01  2.200000e-01  7.848867e-02
     vertex  2.258166e-01  2.200000e-01  7.275399e-02
     vertex  2.267318e-01  2.200000e-01  7.395379e-02
   endloop
 endfacet
 facet normal  0.000000e+00  1.000000e+00  0.000000e+00
   outer loop
     vertex  3.092890e-01  2.200000e-01  7.848867e-02
     vertex  2.286592e-01  2.200000e-01  7.627584e-02
     vertex  2.296699e-01  2.200000e-01  7.739633e-02
   endloop
 endfacet
 facet normal  0.000000e+00  1.000000e+00  0.000000e+00
   outer loop
     vertex  3.092890e-01  2.200000e-01  7.848867e-02
     vertex  2.296699e-01  2.200000e-01  7.739633e-02
     vertex  2.307110e-01  2.200000e-01  7.848867e-02
   endloop
 endfacet
 facet normal  0.000000e+00  1.000000e+00  0.000000e+00
   outer loop
     vertex  3.092890e-01  2.200000e-01  7.848867e-02
     vertex  2.307110e-01  2.200000e-01  7.848867e-02
     vertex  2.317817e-01  2.200000e-01  7.955204e-02
   endloop
 endfacet
 facet normal  0.000000e+00  1.000000e+00  0.000000e+00
   outer loop
     vertex  3.092890e-01  2.200000e-01  7.848867e-02
     vertex  2.317817e-01  2.200000e-01  7.955204e-02
     vertex  2.328812e-01  2.200000e-01  8.058563e-02
   endloop
 endfacet
 facet normal  0.000000e+00  1.000000e+00  0.000000e+00
   outer loop
     vertex  3.092890e-01  2.200000e-01  7.848867e-02
     vertex  2.328812e-01  2.200000e-01  8.058563e-02
     vertex  2.340086e-01  2.200000e-01  8.158868e-02
   endloop
 endfacet
 facet normal  0.000000e+00  1.000000e+00  0.000000e+00
   outer loop
     vertex  3.092890e-01  2.200000e-01  7.848867e-02
     vertex  2.340086e-01  2.200000e-01  8.158868e-02
     vertex  2.351631e-01  2.200000e-01  8.256042e-02
   endloop
 endfacet
 facet normal  0.000000e+00  1.000000e+00  0.000000e+00
   outer loop
     vertex  3.092890e-01  2.200000e-01  7.848867e-02
     vertex  2.351631e-01  2.200000e-01  8.256042e-02
     vertex  2.363438e-01  2.200000e-01  8.350011e-02
   endloop
 endfacet
 facet normal  0.000000e+00  1.000000e+00  0.000000e+00
   outer loop
     vertex  3.092890e-01  2.200000e-01  7.848867e-02
     vertex  2.413108e-01  2.200000e-01  8.692475e-02
     vertex  2.426090e-01  2.200000e-01  8.769415e-02
   endloop
 endfacet
 facet normal  0.000000e+00  1.000000e+00  0.000000e+00
   outer loop
     vertex  3.092890e-01  2.200000e-01  7.848867e-02
     vertex  2.426090e-01  2.200000e-01  8.769415e-02
     vertex  2.439277e-01  2.200000e-01  8.842765e-02
   endloop
 endfacet
 facet normal  0.000000e+00  1.000000e+00  0.000000e+00
   outer loop
     vertex  3.092890e-01  2.200000e-01  7.848867e-02
     vertex  2.439277e-01  2.200000e-01  8.842765e-02
     vertex  2.452661e-01  2.200000e-01  8.912469e-02
   endloop
 endfacet
 facet normal  0.000000e+00  1.000000e+00  0.000000e+00
   outer loop
     vertex  3.092890e-01  2.200000e-01  7.848867e-02
     vertex  2.479977e-01  2.200000e-01  9.040733e-02
     vertex  2.493889e-01  2.200000e-01  9.099197e-02
   endloop
 endfacet
 facet normal  0.000000e+00  1.000000e+00  0.000000e+00
   outer loop
     vertex  3.092890e-01  2.200000e-01  7.848867e-02
     vertex  2.522167e-01  2.200000e-01  9.204568e-02
     vertex  2.536512e-01  2.200000e-01  9.251396e-02
   endloop
 endfacet
 facet normal  0.000000e+00  1.000000e+00  0.000000e+00
   outer loop
     vertex  3.092890e-01  2.200000e-01  7.848867e-02
     vertex  2.536512e-01  2.200000e-01  9.251396e-02
     vertex  2.550980e-01  2.200000e-01  9.294271e-02
   endloop
 endfacet
 facet normal  0.000000e+00  1.000000e+00  0.000000e+00
   outer loop
     vertex  3.092890e-01  2.200000e-01  7.848867e-02
     vertex  2.550980e-01  2.200000e-01  9.294271e-02
     vertex  2.565561e-01  2.200000e-01  9.333161e-02
   endloop
 endfacet
 facet normal  0.000000e+00  1.000000e+00  0.000000e+00
   outer loop
     vertex  3.092890e-01  2.200000e-01  7.848867e-02
     vertex  2.565561e-01  2.200000e-01  9.333161e-02
     vertex  2.580242e-01  2.200000e-01  9.368036e-02
   endloop
 endfacet
 facet normal  0.000000e+00  1.000000e+00  0.000000e+00
   outer loop
     vertex  3.092890e-01  2.200000e-01  7.848867e-02
     vertex  2.609865e-01  2.200000e-01  9.425639e-02
     vertex  2.624783e-01  2.200000e-01  9.448325e-02
   endloop
 endfacet
 facet normal  0.000000e+00  1.000000e+00  0.000000e+00
   outer loop
     vertex  3.092890e-01  2.200000e-01  7.848867e-02
     vertex  2.624783e-01  2.200000e-01  9.448325e-02
     vertex  2.639759e-01  2.200000e-01  9.466909e-02
   endloop
 endfacet
 facet normal  0.000000e+00  1.000000e+00  0.000000e+00
   outer loop
     vertex  3.092890e-01  2.200000e-01  7.848867e-02
     vertex  2.639759e-01  2.200000e-01  9.466909e-02
     vertex  2.654779e-01  2.200000e-01  9.481378e-02
   endloop
 endfacet
 facet normal  0.000000e+00  1.000000e+00  0.000000e+00
   outer loop
     vertex  3.092890e-01  2.200000e-01  7.848867e-02
     vertex  2.684911e-01  2.200000e-01  9.497930e-02
     vertex  2.700000e-01  2.200000e-01  9.500000e-02
   endloop
 endfacet
 facet normal  0.000000e+00  1.000000e+00  0.000000e+00
   outer loop
     vertex  3.092890e-01  2.200000e-01  7.848867e-02
     vertex  2.363438e-01  2.200000e-01  8.350011e-02
     vertex  2.387803e-01  2.200000e-01  8.528059e-02
   endloop
 endfacet
 facet normal  0.000000e+00  1.000000e+00  0.000000e+00
   outer loop
     vertex  3.092890e-01  2.200000e-01  7.848867e-02
     vertex  2.452661e-01  2.200000e-01  8.912469e-02
     vertex  2.479977e-01  2.200000e-01  9.040733e-02
   endloop
 endfacet
 facet normal  0.000000e+00  1.000000e+00  0.000000e+00
   outer loop
     vertex  3.092890e-01  2.200000e-01  7.848867e-02
     vertex  2.387803e-01  2.200000e-01  8.528059e-02
     vertex  2.413108e-01  2.200000e-01  8.692475e-02
   endloop
 endfacet
 facet normal  0.000000e+00  1.000000e+00  0.000000e+00
   outer loop
     vertex  3.092890e-01  2.200000e-01  7.848867e-02
     vertex  2.493889e-01  2.200000e-01  9.099197e-02
     vertex  2.522167e-01  2.200000e-01  9.204568e-02
   endloop
 endfacet
 facet normal  0.000000e+00  1.000000e+00  0.000000e+00
   outer loop
     vertex  3.092890e-01  2.200000e-01  7.848867e-02
     vertex  2.217523e-01  2.200000e-01  6.640384e-02
     vertex  2.240866e-01  2.200000e-01  7.028134e-02
   endloop
 endfacet
 facet normal  0.000000e+00  1.000000e+00  0.000000e+00
   outer loop
     vertex  3.092890e-01  2.200000e-01  7.848867e-02
     vertex  2.267318e-01  2.200000e-01  7.395379e-02
     vertex  2.286592e-01  2.200000e-01  7.627584e-02
   endloop
 endfacet
 facet normal  0.000000e+00  1.000000e+00  0.000000e+00
   outer loop
     vertex  3.092890e-01  2.200000e-01  7.848867e-02
     vertex  2.654779e-01  2.200000e-01  9.481378e-02
     vertex  2.684911e-01  2.200000e-01  9.497930e-02
   endloop
 endfacet
 facet normal  0.000000e+00  1.000000e+00  0.000000e+00
   outer loop
     vertex  3.092890e-01  2.200000e-01  7.848867e-02
     vertex  2.580242e-01  2.200000e-01  9.368036e-02
     vertex  2.609865e-01  2.200000e-01  9.425639e-02
   endloop
 endfacet
 facet normal  0.000000e+00  1.000000e+00  0.000000e+00
   outer loop
     vertex  3.092890e-01  2.200000e-01  7.848867e-02
     vertex  2.933769e-01  2.200000e-01  8.978475e-02
     vertex  2.986892e-01  2.200000e-01  8.692475e-02
   endloop
 endfacet
 facet normal  0.000000e+00  1.000000e+00  0.000000e+00
   outer loop
     vertex  3.092890e-01  2.200000e-01  7.848867e-02
     vertex  2.760241e-01  2.200000e-01  9.466909e-02
     vertex  2.804986e-01  2.200000e-01  9.398870e-02
   endloop
 endfacet
 facet normal  0.000000e+00  1.000000e+00  0.000000e+00
   outer loop
     vertex  3.092890e-01  2.200000e-01  7.848867e-02
     vertex  3.123205e-01  2.200000e-01  7.512804e-02
     vertex  3.150654e-01  2.200000e-01  7.152953e-02
   endloop
 endfacet
 facet normal  0.000000e+00  1.000000e+00  0.000000e+00
   outer loop
     vertex  3.092890e-01  2.200000e-01  7.848867e-02
     vertex  3.196232e-01  2.200000e-01  6.371783e-02
     vertex  3.208494e-01  2.200000e-01  6.096042e-02
   endloop
 endfacet
 facet normal  0.000000e+00  1.000000e+00  0.000000e+00
   outer loop
     vertex  3.092890e-01  2.200000e-01  7.848867e-02
     vertex  3.024502e-01  2.200000e-01  8.440707e-02
     vertex  3.059914e-01  2.200000e-01  8.158868e-02
   endloop
 endfacet
endsolid
